2026-02-20 23:03:23,194 [INFO] Activator:176 - 


2026-02-20 23:03:23,196 [INFO] Activator:177 - !SESSION log4j initialized
2026-02-20 23:03:27,471 [INFO] LogOutputStream:77 - [STDOUT_REDIRECT] 
2026-02-20 23:03:30,544 [INFO] ApplicationProperties:184 - Using Application install path: C:\ST\STM32CubeIDE_1.19.0\STM32CubeIDE\plugins\com.st.stm32cube.common.mx_6.15.0.202507011659
2026-02-20 23:03:30,574 [INFO] DbMcusXml:78 - Set database path to: C:\ST\STM32CubeIDE_1.19.0\STM32CubeIDE\plugins\com.st.stm32cube.common.mx_6.15.0.202507011659\\db\/mcu/
2026-02-20 23:03:30,575 [INFO] ApiDb:274 - Set plugin database path to: C:\ST\STM32CubeIDE_1.19.0\STM32CubeIDE\plugins\com.st.stm32cube.common.mx_6.15.0.202507011659\\db\/plugins/boardmanager/
2026-02-20 23:03:30,576 [WARN] ApiDb:259 - Overriding images path with different value:  => C:\ST\STM32CubeIDE_1.19.0\STM32CubeIDE\plugins\com.st.stm32cube.common.mx_6.15.0.202507011659\\db\/plugins/mcufinder/images/
2026-02-20 23:03:30,590 [INFO] ApiDb:250 - Set database path to: C:\Users\Etienne\.stmcufinder\plugins\mcufinder//mcu/
2026-02-20 23:03:30,592 [INFO] DbMcusAds:125 - Set database path to: C:\Users\Etienne\.stmcufinder\plugins\mcufinder//mcu/
2026-02-20 23:03:30,598 [INFO] CrossReferenceDbSqlite:203 - Set database path to: C:\Users\Etienne\.stmcufinder\plugins\mcufinder//mcu/cs/
2026-02-20 23:03:30,774 [INFO] RulesReader:64 - Compatibility file has been processed (317 Rules)
2026-02-20 23:03:30,901 [INFO] DbMcusXml:78 - Set database path to: C:\ST\STM32CubeIDE_1.19.0\STM32CubeIDE\plugins\com.st.stm32cube.common.mx_6.15.0.202507011659\\db\/mcu/
2026-02-20 23:03:30,901 [INFO] ApiDb:274 - Set plugin database path to: C:\ST\STM32CubeIDE_1.19.0\STM32CubeIDE\plugins\com.st.stm32cube.common.mx_6.15.0.202507011659\\db\/plugins/boardmanager/
2026-02-20 23:03:30,901 [INFO] ApiDb:261 - Set plugin images path to: C:\ST\STM32CubeIDE_1.19.0\STM32CubeIDE\plugins\com.st.stm32cube.common.mx_6.15.0.202507011659\\db\/plugins/mcufinder/images/
2026-02-20 23:03:30,901 [WARN] DbFile:41 - Overriding database path with different value: C:\Users\Etienne\.stmcufinder\plugins\mcufinder/ => C:\Users\Etienne\.stmcufinder\plugins\mcufinder
2026-02-20 23:03:30,901 [INFO] ApiDb:250 - Set database path to: C:\Users\Etienne\.stmcufinder\plugins\mcufinder//mcu/
2026-02-20 23:03:30,902 [WARN] DbFile:41 - Overriding database path with different value: C:\Users\Etienne\.stmcufinder\plugins\mcufinder/ => C:\Users\Etienne\.stmcufinder\plugins\mcufinder
2026-02-20 23:03:30,902 [INFO] DbMcusAds:125 - Set database path to: C:\Users\Etienne\.stmcufinder\plugins\mcufinder//mcu/
2026-02-20 23:03:30,902 [WARN] DbFile:41 - Overriding database path with different value: C:\Users\Etienne\.stmcufinder\plugins\mcufinder/ => C:\Users\Etienne\.stmcufinder\plugins\mcufinder
2026-02-20 23:03:30,902 [WARN] DbFile:41 - Overriding database path with different value: C:\Users\Etienne\.stmcufinder\plugins\mcufinder/ => C:\Users\Etienne\.stmcufinder\plugins\mcufinder
2026-02-20 23:03:30,902 [INFO] CrossReferenceDbSqlite:203 - Set database path to: C:\Users\Etienne\.stmcufinder\plugins\mcufinder//mcu/cs/
2026-02-20 23:03:31,019 [INFO] MainPanel:274 - HeapMemory: 268435456
2026-02-20 23:03:31,169 [INFO] DbMcusXml:78 - Set database path to: C:\ST\STM32CubeIDE_1.19.0\STM32CubeIDE\plugins\com.st.stm32cube.common.mx_6.15.0.202507011659\\db\/mcu/
2026-02-20 23:03:31,169 [INFO] ApiDb:274 - Set plugin database path to: C:\ST\STM32CubeIDE_1.19.0\STM32CubeIDE\plugins\com.st.stm32cube.common.mx_6.15.0.202507011659\\db\/plugins/boardmanager/
2026-02-20 23:03:31,169 [INFO] ApiDb:261 - Set plugin images path to: C:\ST\STM32CubeIDE_1.19.0\STM32CubeIDE\plugins\com.st.stm32cube.common.mx_6.15.0.202507011659\\db\/plugins/mcufinder/images/
2026-02-20 23:03:31,170 [WARN] DbFile:41 - Overriding database path with different value: C:\Users\Etienne\.stmcufinder\plugins\mcufinder/ => C:\Users\Etienne\.stmcufinder\plugins\mcufinder
2026-02-20 23:03:31,170 [INFO] ApiDb:250 - Set database path to: C:\Users\Etienne\.stmcufinder\plugins\mcufinder//mcu/
2026-02-20 23:03:31,170 [WARN] DbFile:41 - Overriding database path with different value: C:\Users\Etienne\.stmcufinder\plugins\mcufinder/ => C:\Users\Etienne\.stmcufinder\plugins\mcufinder
2026-02-20 23:03:31,170 [INFO] DbMcusAds:125 - Set database path to: C:\Users\Etienne\.stmcufinder\plugins\mcufinder//mcu/
2026-02-20 23:03:31,170 [WARN] DbFile:41 - Overriding database path with different value: C:\Users\Etienne\.stmcufinder\plugins\mcufinder/ => C:\Users\Etienne\.stmcufinder\plugins\mcufinder
2026-02-20 23:03:31,170 [WARN] DbFile:41 - Overriding database path with different value: C:\Users\Etienne\.stmcufinder\plugins\mcufinder/ => C:\Users\Etienne\.stmcufinder\plugins\mcufinder
2026-02-20 23:03:31,171 [INFO] CrossReferenceDbSqlite:203 - Set database path to: C:\Users\Etienne\.stmcufinder\plugins\mcufinder//mcu/cs/
2026-02-20 23:03:31,195 [INFO] ApplicationProperties:184 - Using Application install path: C:\ST\STM32CubeIDE_1.19.0\STM32CubeIDE\plugins\com.st.stm32cube.common.mx_6.15.0.202507011659
2026-02-20 23:03:31,196 [INFO] PluginManage:196 - Search for loadable plugins [exclusion list=, ]
2026-02-20 23:03:31,198 [INFO] PluginManage:310 - Check plugin analytics
2026-02-20 23:03:31,585 [INFO] AnalyticsPlugin:253 - Accepted Software Licenses: 
2026-02-20 23:03:31,585 [INFO] AnalyticsPlugin:255 - Accepted CMSIS Pack Licenses: 
2026-02-20 23:03:31,586 [INFO] AnalyticsPlugin:257 - Accepted Firmware Licenses: FW.F4.1.28.0
2026-02-20 23:03:31,589 [INFO] PluginManage:359 - Loaded plugin analytics (category:tool,tabindex:-1)
2026-02-20 23:03:31,590 [INFO] PluginManage:310 - Check plugin cadmodel
2026-02-20 23:03:31,602 [INFO] CADModel:105 - Init CAD model plugin
2026-02-20 23:03:31,603 [INFO] PluginManage:359 - Loaded plugin cadmodel (category:power,tabindex:5)
2026-02-20 23:03:31,603 [INFO] PluginManage:310 - Check plugin clock
2026-02-20 23:03:31,661 [INFO] PluginManage:359 - Loaded plugin clock (category:base,tabindex:2)
2026-02-20 23:03:31,662 [INFO] PluginManage:310 - Check plugin ddr
2026-02-20 23:03:31,667 [INFO] PluginManage:359 - Loaded plugin ddr (category:tool,tabindex:6)
2026-02-20 23:03:31,667 [INFO] PluginManage:310 - Check plugin filemanager
2026-02-20 23:03:31,936 [INFO] PluginManage:359 - Loaded plugin filemanager (category:base,tabindex:10)
2026-02-20 23:03:31,936 [INFO] PluginManage:310 - Check plugin ipmanager
2026-02-20 23:03:31,946 [INFO] PluginManage:359 - Loaded plugin ipmanager (category:base,tabindex:5)
2026-02-20 23:03:31,947 [INFO] PluginManage:310 - Check plugin lpbam
2026-02-20 23:03:31,956 [INFO] PluginManage:359 - Loaded plugin lpbam (category:base,tabindex:0)
2026-02-20 23:03:31,956 [INFO] PluginManage:310 - Check plugin memorymap
2026-02-20 23:03:31,974 [INFO] PluginManage:359 - Loaded plugin memorymap (category:base,tabindex:4)
2026-02-20 23:03:31,975 [INFO] PluginManage:310 - Check plugin pinoutandconfiguration
2026-02-20 23:03:31,986 [INFO] PluginManage:359 - Loaded plugin pinoutandconfiguration (category:base,tabindex:1)
2026-02-20 23:03:31,986 [INFO] PluginManage:310 - Check plugin pinoutconfig
2026-02-20 23:03:32,108 [WARN] SupportedApi:132 - Cannot load RTOS API schema: s4s-elt-must-match.1: The content of 'definitions' must match (annotation?, (simpleType | complexType)?, (unique | key | keyref)*)). A problem was found starting at: attribute.
2026-02-20 23:03:32,325 [INFO] PluginManage:359 - Loaded plugin pinoutconfig (category:base,tabindex:0)
2026-02-20 23:03:32,325 [INFO] PluginManage:310 - Check plugin power
2026-02-20 23:03:32,340 [INFO] PluginManage:359 - Loaded plugin power (category:power,tabindex:4)
2026-02-20 23:03:32,340 [INFO] PluginManage:310 - Check plugin projectmanager
2026-02-20 23:03:32,359 [INFO] PluginManage:359 - Loaded plugin projectmanager (category:projectmanager,tabindex:4)
2026-02-20 23:03:32,359 [INFO] PluginManage:310 - Check plugin rif
2026-02-20 23:03:32,377 [INFO] PluginManage:359 - Loaded plugin rif (category:base,tabindex:3)
2026-02-20 23:03:32,377 [INFO] PluginManage:310 - Check plugin thirdparty
2026-02-20 23:03:32,562 [WARN] IntegrityCheckThread:84 - waiting for thirdparty lock release [integrity check]
2026-02-20 23:03:32,562 [INFO] PluginManage:359 - Loaded plugin thirdparty (category:base,tabindex:-1)
2026-02-20 23:03:32,563 [INFO] IntegrityCheckThread:86 - entering critical section [integrity check]
2026-02-20 23:03:32,563 [INFO] PluginManage:310 - Check plugin tools
2026-02-20 23:03:32,563 [INFO] ThirdPartyUpdaterWithRetryManager:70 - Updater plugin not ready yet. [1/15]
2026-02-20 23:03:32,568 [INFO] PluginManage:359 - Loaded plugin tools (category:base,tabindex:7)
2026-02-20 23:03:32,568 [INFO] PluginManage:310 - Check plugin tutovideos
2026-02-20 23:03:32,850 [INFO] PluginManage:359 - Loaded plugin tutovideos (category:base,tabindex:-1)
2026-02-20 23:03:32,851 [INFO] PluginManage:310 - Check plugin updater
2026-02-20 23:03:32,883 [INFO] PluginManage:359 - Loaded plugin updater (category:base,tabindex:12)
2026-02-20 23:03:32,883 [INFO] PluginManage:310 - Check plugin userauth
2026-02-20 23:03:32,890 [INFO] UserAuth:118 - Init User Auth plugin
2026-02-20 23:03:32,892 [INFO] PluginManage:359 - Loaded plugin userauth (category:base,tabindex:14)
2026-02-20 23:03:32,892 [INFO] PluginManage:283 - PluginManage : Loaded plugins [18]
2026-02-20 23:03:33,254 [INFO] PinOutPanel:1589 - setPackage(No Configuration,No Configuration)
2026-02-20 23:03:33,433 [INFO] CADModel:165 - CPN selected for project level
2026-02-20 23:03:33,434 [INFO] CADModel:114 - Register for checkConnection events
2026-02-20 23:03:33,472 [INFO] IPUIPlugin:80 - create IPUIPlugin
2026-02-20 23:03:33,473 [INFO] PluginManager:220 - loadIPPluginJar : add adc
2026-02-20 23:03:33,478 [INFO] IPUIPlugin:80 - create IPUIPlugin
2026-02-20 23:03:33,479 [INFO] PluginManager:220 - loadIPPluginJar : add aes
2026-02-20 23:03:33,486 [INFO] IPUIPlugin:80 - create IPUIPlugin
2026-02-20 23:03:33,487 [INFO] PluginManager:220 - loadIPPluginJar : add can
2026-02-20 23:03:33,491 [INFO] IPUIPlugin:80 - create IPUIPlugin
2026-02-20 23:03:33,492 [INFO] PluginManager:220 - loadIPPluginJar : add comp
2026-02-20 23:03:33,499 [INFO] IPUIPlugin:80 - create IPUIPlugin
2026-02-20 23:03:33,499 [INFO] PluginManager:220 - loadIPPluginJar : add cryp
2026-02-20 23:03:33,507 [INFO] IPUIPlugin:80 - create IPUIPlugin
2026-02-20 23:03:33,507 [INFO] PluginManager:220 - loadIPPluginJar : add ddr_ctrl_phy
2026-02-20 23:03:33,512 [INFO] IPUIPlugin:80 - create IPUIPlugin
2026-02-20 23:03:33,512 [INFO] PluginManager:220 - loadIPPluginJar : add dfsdm
2026-02-20 23:03:33,526 [INFO] IPUIPlugin:80 - create IPUIPlugin
2026-02-20 23:03:33,527 [INFO] PluginManager:220 - loadIPPluginJar : add dma
2026-02-20 23:03:33,534 [INFO] IPUIPlugin:80 - create IPUIPlugin
2026-02-20 23:03:33,535 [INFO] PluginManager:220 - loadIPPluginJar : add dma3
2026-02-20 23:03:33,541 [INFO] IPUIPlugin:80 - create IPUIPlugin
2026-02-20 23:03:33,541 [INFO] PluginManager:220 - loadIPPluginJar : add extmemmanager
2026-02-20 23:03:33,545 [INFO] IPUIPlugin:80 - create IPUIPlugin
2026-02-20 23:03:33,545 [INFO] PluginManager:220 - loadIPPluginJar : add fatfs
2026-02-20 23:03:33,554 [INFO] IPUIPlugin:80 - create IPUIPlugin
2026-02-20 23:03:33,555 [INFO] PluginManager:220 - loadIPPluginJar : add fmc
2026-02-20 23:03:33,568 [INFO] IPUIPlugin:80 - create IPUIPlugin
2026-02-20 23:03:33,569 [INFO] PluginManager:220 - loadIPPluginJar : add freertos
2026-02-20 23:03:33,572 [INFO] IPUIPlugin:80 - create IPUIPlugin
2026-02-20 23:03:33,572 [INFO] PluginManager:220 - loadIPPluginJar : add genericplugin
2026-02-20 23:03:33,578 [INFO] IPUIPlugin:80 - create IPUIPlugin
2026-02-20 23:03:33,578 [INFO] PluginManager:220 - loadIPPluginJar : add gfxmmu
2026-02-20 23:03:33,588 [INFO] IPUIPlugin:80 - create IPUIPlugin
2026-02-20 23:03:33,589 [INFO] PluginManager:220 - loadIPPluginJar : add gic
2026-02-20 23:03:33,599 [INFO] IPUIPlugin:80 - create IPUIPlugin
2026-02-20 23:03:33,599 [INFO] PluginManager:220 - loadIPPluginJar : add gpio
2026-02-20 23:03:33,606 [INFO] IPUIPlugin:80 - create IPUIPlugin
2026-02-20 23:03:33,606 [INFO] PluginManager:220 - loadIPPluginJar : add gtzc
2026-02-20 23:03:33,612 [INFO] IPUIPlugin:80 - create IPUIPlugin
2026-02-20 23:03:33,612 [INFO] PluginManager:220 - loadIPPluginJar : add hash
2026-02-20 23:03:33,620 [INFO] IPUIPlugin:80 - create IPUIPlugin
2026-02-20 23:03:33,620 [INFO] PluginManager:220 - loadIPPluginJar : add i2c
2026-02-20 23:03:33,627 [INFO] IPUIPlugin:80 - create IPUIPlugin
2026-02-20 23:03:33,628 [INFO] PluginManager:220 - loadIPPluginJar : add i2s
2026-02-20 23:03:33,636 [INFO] IPUIPlugin:80 - create IPUIPlugin
2026-02-20 23:03:33,637 [INFO] PluginManager:220 - loadIPPluginJar : add i3c
2026-02-20 23:03:33,646 [INFO] IPUIPlugin:80 - create IPUIPlugin
2026-02-20 23:03:33,646 [INFO] PluginManager:220 - loadIPPluginJar : add ipddr
2026-02-20 23:03:33,657 [INFO] IPUIPlugin:80 - create IPUIPlugin
2026-02-20 23:03:33,657 [INFO] PluginManager:220 - loadIPPluginJar : add linkedlist
2026-02-20 23:03:33,664 [INFO] IPUIPlugin:80 - create IPUIPlugin
2026-02-20 23:03:33,665 [INFO] PluginManager:220 - loadIPPluginJar : add lorawan
2026-02-20 23:03:33,668 [INFO] IPUIPlugin:80 - create IPUIPlugin
2026-02-20 23:03:33,668 [INFO] PluginManager:220 - loadIPPluginJar : add ltdc
2026-02-20 23:03:33,681 [INFO] IPUIPlugin:80 - create IPUIPlugin
2026-02-20 23:03:33,682 [INFO] PluginManager:220 - loadIPPluginJar : add mdma
2026-02-20 23:03:33,687 [INFO] IPUIPlugin:80 - create IPUIPlugin
2026-02-20 23:03:33,687 [INFO] PluginManager:220 - loadIPPluginJar : add nvic
2026-02-20 23:03:33,693 [INFO] IPUIPlugin:80 - create IPUIPlugin
2026-02-20 23:03:33,693 [INFO] PluginManager:220 - loadIPPluginJar : add opamp
2026-02-20 23:03:33,697 [INFO] IPUIPlugin:80 - create IPUIPlugin
2026-02-20 23:03:33,697 [INFO] PluginManager:220 - loadIPPluginJar : add openamp
2026-02-20 23:03:33,702 [INFO] IPUIPlugin:80 - create IPUIPlugin
2026-02-20 23:03:33,702 [INFO] PluginManager:220 - loadIPPluginJar : add pdm2pcm
2026-02-20 23:03:33,710 [INFO] IPUIPlugin:80 - create IPUIPlugin
2026-02-20 23:03:33,714 [INFO] PluginManager:220 - loadIPPluginJar : add plateformsettings
2026-02-20 23:03:33,716 [INFO] IPUIPlugin:80 - create IPUIPlugin
2026-02-20 23:03:33,716 [INFO] PluginManager:220 - loadIPPluginJar : add quadspi
2026-02-20 23:03:33,720 [INFO] IPUIPlugin:80 - create IPUIPlugin
2026-02-20 23:03:33,721 [INFO] PluginManager:220 - loadIPPluginJar : add radio
2026-02-20 23:03:33,729 [INFO] IPUIPlugin:80 - create IPUIPlugin
2026-02-20 23:03:33,729 [INFO] PluginManager:220 - loadIPPluginJar : add resmgrutility
2026-02-20 23:03:33,733 [INFO] IPUIPlugin:80 - create IPUIPlugin
2026-02-20 23:03:33,733 [INFO] PluginManager:220 - loadIPPluginJar : add sai
2026-02-20 23:03:33,736 [INFO] IPUIPlugin:80 - create IPUIPlugin
2026-02-20 23:03:33,736 [INFO] PluginManager:220 - loadIPPluginJar : add spi
2026-02-20 23:03:33,743 [INFO] IPUIPlugin:80 - create IPUIPlugin
2026-02-20 23:03:33,743 [INFO] PluginManager:220 - loadIPPluginJar : add stm32_wpan
2026-02-20 23:03:33,746 [INFO] IPUIPlugin:80 - create IPUIPlugin
2026-02-20 23:03:33,746 [INFO] PluginManager:220 - loadIPPluginJar : add tim
2026-02-20 23:03:33,750 [INFO] IPUIPlugin:80 - create IPUIPlugin
2026-02-20 23:03:33,751 [INFO] PluginManager:220 - loadIPPluginJar : add touchsensing
2026-02-20 23:03:33,755 [INFO] IPUIPlugin:80 - create IPUIPlugin
2026-02-20 23:03:33,755 [INFO] PluginManager:220 - loadIPPluginJar : add tracer_emb
2026-02-20 23:03:33,759 [INFO] IPUIPlugin:80 - create IPUIPlugin
2026-02-20 23:03:33,759 [INFO] PluginManager:220 - loadIPPluginJar : add ts
2026-02-20 23:03:33,761 [INFO] IPUIPlugin:80 - create IPUIPlugin
2026-02-20 23:03:33,761 [INFO] PluginManager:220 - loadIPPluginJar : add tsc
2026-02-20 23:03:33,764 [INFO] IPUIPlugin:80 - create IPUIPlugin
2026-02-20 23:03:33,765 [INFO] PluginManager:220 - loadIPPluginJar : add ucpd
2026-02-20 23:03:33,768 [INFO] IPUIPlugin:80 - create IPUIPlugin
2026-02-20 23:03:33,768 [INFO] PluginManager:220 - loadIPPluginJar : add usart
2026-02-20 23:03:33,772 [INFO] IPUIPlugin:80 - create IPUIPlugin
2026-02-20 23:03:33,772 [INFO] PluginManager:220 - loadIPPluginJar : add usbx
2026-02-20 23:03:33,926 [FATAL] Updater:351 - Updater called before beeing initialized
2026-02-20 23:03:33,974 [INFO] RulesReader:64 - Compatibility file has been processed (317 Rules)
2026-02-20 23:03:33,998 [INFO] RulesReader:64 - Compatibility file has been processed (317 Rules)
2026-02-20 23:03:34,011 [INFO] CADModel:165 - CPN selected for project level
2026-02-20 23:03:34,011 [INFO] CADModel:114 - Register for checkConnection events
2026-02-20 23:03:34,011 [FATAL] Updater:351 - Updater called before beeing initialized
2026-02-20 23:03:34,011 [ERROR] CADModel:125 - Updater not yet initialized, retry later 
2026-02-20 23:03:34,205 [FATAL] Updater:351 - Updater called before beeing initialized
2026-02-20 23:03:34,208 [INFO] CADModel:165 - CPN selected for project level
2026-02-20 23:03:34,209 [INFO] CADModel:114 - Register for checkConnection events
2026-02-20 23:03:34,209 [FATAL] Updater:351 - Updater called before beeing initialized
2026-02-20 23:03:34,209 [ERROR] CADModel:125 - Updater not yet initialized, retry later 
2026-02-20 23:03:34,214 [FATAL] Updater:351 - Updater called before beeing initialized
2026-02-20 23:03:34,377 [FATAL] Updater:351 - Updater called before beeing initialized
2026-02-20 23:03:34,382 [INFO] DbMcusAds:53 - JSON generation date=Mon Nov 10 05:43:01 EST 2025 (1762771381096)
2026-02-20 23:03:34,382 [FATAL] Updater:351 - Updater called before beeing initialized
2026-02-20 23:03:34,436 [WARN] DetailPanel:346 - Failed to get advertising image, set to default
2026-02-20 23:03:34,539 [FATAL] Updater:351 - Updater called before beeing initialized
2026-02-20 23:03:34,541 [FATAL] Updater:351 - Updater called before beeing initialized
2026-02-20 23:03:34,541 [FATAL] Updater:351 - Updater called before beeing initialized
2026-02-20 23:03:34,541 [WARN] DetailPanel:346 - Failed to get advertising image, set to default
2026-02-20 23:03:34,542 [FATAL] Updater:351 - Updater called before beeing initialized
2026-02-20 23:03:34,606 [ERROR] Updater:1198 - MainUpdater not yet initialized. External WinMGr cannot be set.
2026-02-20 23:03:34,610 [INFO] Updater:1134 - Updater Version found : 6.15.0
2026-02-20 23:03:34,638 [INFO] ApplicationProperties:184 - Using Application install path: C:\ST\STM32CubeIDE_1.19.0\STM32CubeIDE\plugins\com.st.stm32cube.common.mx_6.15.0.202507011659
2026-02-20 23:03:35,207 [INFO] MainUpdater:2872 - connection check result : 10
2026-02-20 23:03:35,207 [INFO] MainUpdater:3604 - Updater definition file requires update
2026-02-20 23:03:35,209 [INFO] MainUpdater:289 - Updater Check For Update Now.
2026-02-20 23:03:35,209 [INFO] MicroXplorer:498 - Change Database Version : DB.6.0.150
2026-02-20 23:03:35,224 [INFO] McuFinderGlobals:63 - Set McuFinder mode to 2 (CubeIDE integrated)
2026-02-20 23:03:35,226 [INFO] UserAuth:487 - Internet connection configuration mode: 1
2026-02-20 23:03:35,245 [INFO] ServerAccessManage:452 - Complete download http(s) 200
2026-02-20 23:03:35,246 [INFO] ServerAccessManage:509 - Download File updaters.zip
2026-02-20 23:03:35,316 [INFO] JxBrowserEngine:152 - Initiate JxBrowser Engine with user profile folder
2026-02-20 23:03:35,413 [INFO] FileExtend:248 - Unzip File : updaters.zip
2026-02-20 23:03:35,413 [INFO] FileExtend:263 - Standard Zip Deflate
2026-02-20 23:03:35,566 [WARN] MainUpdater:1193 - Updater busy. Cannot search thirdparties
2026-02-20 23:03:35,567 [INFO] ThirdPartyUpdaterWithRetryManager:96 - Updater plugin is busy. [1/15]
2026-02-20 23:03:36,092 [INFO] ServerAccessManage:452 - Complete download http(s) 200
2026-02-20 23:03:36,092 [INFO] ServerAccessManage:509 - Download File PacksControlFlags.xml
2026-02-20 23:03:36,214 [INFO] ServerAccessManage:452 - Complete download http(s) 200
2026-02-20 23:03:36,215 [INFO] ServerAccessManage:509 - Download File cubemx.pidx
2026-02-20 23:03:36,909 [INFO] ServerAccessManage:452 - Complete download http(s) 200
2026-02-20 23:03:36,909 [INFO] ServerAccessManage:509 - Download File STMicroelectronics.FP-SNS-MOTENVWB1.pdsc
2026-02-20 23:03:38,053 [INFO] ServerAccessManage:452 - Complete download http(s) 200
2026-02-20 23:03:38,053 [INFO] ServerAccessManage:509 - Download File STMicroelectronics.X-CUBE-NFC6.pdsc
2026-02-20 23:03:38,428 [INFO] WebApp:169 - Instantiating new browser for Auth
2026-02-20 23:03:38,689 [WARN] MainUpdater:1193 - Updater busy. Cannot search thirdparties
2026-02-20 23:03:38,697 [INFO] ThirdPartyUpdaterWithRetryManager:96 - Updater plugin is busy. [2/15]
2026-02-20 23:03:40,081 [INFO] WebApp:463 - Apply proxy settings
2026-02-20 23:03:40,082 [INFO] WebApp:548 - Chromium requires no authentication
2026-02-20 23:03:40,101 [INFO] WebApp:491 - Direct internet connection detected
2026-02-20 23:03:40,144 [INFO] WebApp:900 - Register for checkConnection events
2026-02-20 23:03:40,144 [INFO] WebApp:463 - Apply proxy settings
2026-02-20 23:03:40,144 [INFO] WebApp:548 - Chromium requires no authentication
2026-02-20 23:03:40,144 [INFO] WebApp:491 - Direct internet connection detected
2026-02-20 23:03:40,529 [INFO] WebApp:191 - Connection restablished
2026-02-20 23:03:40,597 [INFO] WebApp:225 - Starting web application
2026-02-20 23:03:40,597 [INFO] WebApp:593 - Web application path used C:\ST\STM32CubeIDE_1.19.0\STM32CubeIDE\plugins\com.st.stm32cube.common.mx_6.15.0.202507011659\db\plugins\mcufinder\reactClient1\index.html
2026-02-20 23:03:41,218 [INFO] UserAuth:487 - Internet connection configuration mode: 1
2026-02-20 23:03:41,425 [INFO] ServerAccessManage:452 - Complete download http(s) 200
2026-02-20 23:03:41,425 [INFO] ServerAccessManage:509 - Download File STMicroelectronics.X-CUBE-ST67W61.pdsc
2026-02-20 23:03:41,698 [WARN] MainUpdater:1193 - Updater busy. Cannot search thirdparties
2026-02-20 23:03:41,698 [INFO] ThirdPartyUpdaterWithRetryManager:96 - Updater plugin is busy. [3/15]
2026-02-20 23:03:41,747 [INFO] ServerAccessManage:452 - Complete download http(s) 200
2026-02-20 23:03:41,748 [INFO] ServerAccessManage:509 - Download File STMicroelectronics.X-CUBE-STSE01.pdsc
2026-02-20 23:03:42,959 [WARN] PackLoader:240 - Cannot read IP mode file for STMicroelectronics.FP-SNS-MOTENVWB1.1.5.0
2026-02-20 23:03:43,005 [WARN] PackLoader:240 - Cannot read IP mode file for STMicroelectronics.X-CUBE-NFC6.3.2.0
2026-02-20 23:03:43,034 [WARN] PackLoader:240 - Cannot read IP mode file for STMicroelectronics.X-CUBE-ST67W61.1.2.0
2026-02-20 23:03:43,061 [WARN] PackLoader:240 - Cannot read IP mode file for STMicroelectronics.X-CUBE-STSE01.2.0.0
2026-02-20 23:03:43,068 [INFO] PopulateThirdPartyThread:66 - Ending populate Thread
2026-02-20 23:03:43,070 [INFO] ThirdParty:1030 - CMSIS Pack Vendor :STMicroelectronics FP-SNS-MOTENVWB1 1.5.0
2026-02-20 23:03:43,071 [INFO] ThirdParty:1030 - CMSIS Pack Vendor :STMicroelectronics X-CUBE-STSE01 2.0.0
2026-02-20 23:03:43,071 [INFO] ThirdParty:1030 - CMSIS Pack Vendor :STMicroelectronics X-CUBE-NFC6 3.2.0
2026-02-20 23:03:43,071 [INFO] ThirdParty:1030 - CMSIS Pack Vendor :STMicroelectronics X-CUBE-ST67W61 1.2.0
2026-02-20 23:03:43,071 [INFO] LoadServerUpdatesThread:375 - End of LoadServerUpdate Thread
2026-02-20 23:03:43,132 [INFO] CheckServerUpdateThread:120 - End of CheckServer Thread
2026-02-20 23:03:45,150 [WARN] PackLoader:240 - Cannot read IP mode file for STMicroelectronics.FP-SNS-MOTENVWB1.1.4.0
2026-02-20 23:03:45,160 [WARN] PackLoader:240 - Cannot read IP mode file for STMicroelectronics.FP-ATR-ASTRA1.2.0.2
2026-02-20 23:03:45,166 [WARN] PackLoader:240 - Cannot read IP mode file for STMicroelectronics.FP-ATR-ASTRA1.2.0.1
2026-02-20 23:03:45,177 [WARN] PackLoader:240 - Cannot read IP mode file for STMicroelectronics.X-CUBE-SMBUS.2.1.0
2026-02-20 23:03:45,187 [WARN] PackLoader:240 - Cannot read IP mode file for STMicroelectronics.X-CUBE-WB05N.1.1.0
2026-02-20 23:03:45,198 [WARN] PackLoader:240 - Cannot read IP mode file for STMicroelectronics.X-CUBE-ST60.1.0.0
2026-02-20 23:03:45,205 [WARN] PackLoader:240 - Cannot read IP mode file for STMicroelectronics.X-CUBE-TOUCHGFX.4.23.0
2026-02-20 23:03:45,240 [WARN] PackLoader:240 - Cannot read IP mode file for STMicroelectronics.X-CUBE-AZRTOS-F7.1.1.0
2026-02-20 23:03:45,256 [WARN] PackLoader:240 - Cannot read IP mode file for STMicroelectronics.FP-SNS-MOTENV1.4.3.2
2026-02-20 23:03:45,336 [WARN] PackLoader:240 - Cannot read IP mode file for STMicroelectronics.X-CUBE-MEMS1.11.0.0
2026-02-20 23:03:45,535 [WARN] PackLoader:240 - Cannot read IP mode file for STMicroelectronics.FP-SNS-MOTENV1.5.1.0
2026-02-20 23:03:45,542 [WARN] PackLoader:240 - Cannot read IP mode file for STMicroelectronics.FP-SNS-FLIGHT1.5.0.2
2026-02-20 23:03:45,575 [WARN] PackLoader:240 - Cannot read IP mode file for STMicroelectronics.X-CUBE-AZRTOS-H7.3.4.0
2026-02-20 23:03:45,585 [WARN] PackLoader:240 - Cannot read IP mode file for STMicroelectronics.X-CUBE-DISPLAY.3.0.0
2026-02-20 23:03:45,592 [WARN] PackLoader:240 - Cannot read IP mode file for STMicroelectronics.FP-SNS-MOTENVWB1.1.5.0
2026-02-20 23:03:45,597 [WARN] PackLoader:240 - Cannot read IP mode file for STMicroelectronics.X-CUBE-BLE1.7.0.0
2026-02-20 23:03:45,605 [WARN] PackLoader:240 - Cannot read IP mode file for STMicroelectronics.X-CUBE-NFC10.1.0.0
2026-02-20 23:03:45,611 [WARN] PackLoader:240 - Cannot read IP mode file for STMicroelectronics.X-CUBE-ST60.1.1.0
2026-02-20 23:03:45,620 [WARN] PackLoader:240 - Cannot read IP mode file for emotas.I-CUBE-CANOPEN.1.3.0
2026-02-20 23:03:45,628 [WARN] PackLoader:240 - Cannot read IP mode file for STMicroelectronics.X-CUBE-GNSS1.7.1.0
2026-02-20 23:03:45,642 [WARN] PackLoader:240 - Cannot read IP mode file for STMicroelectronics.X-CUBE-BLEMGR.3.1.0
2026-02-20 23:03:45,654 [WARN] PackLoader:240 - Cannot read IP mode file for STMicroelectronics.FP-SNS-STBOX1.2.1.0
2026-02-20 23:03:45,663 [WARN] PackLoader:240 - Cannot read IP mode file for STMicroelectronics.FP-SNS-SMARTAG2.1.2.0
2026-02-20 23:03:45,668 [WARN] PackLoader:240 - Cannot read IP mode file for STMicroelectronics.FP-SNS-FLIGHT1.5.1.0
2026-02-20 23:03:45,682 [INFO] LogOutputStream:77 - [STDOUT_REDIRECT] 1 : Invalid condition id : UX_CORESTACK_Condition cause : null
2026-02-20 23:03:45,683 [INFO] LogOutputStream:77 - [STDOUT_REDIRECT] 1 : Invalid condition id : UX_CORESTACK_Condition cause : null
2026-02-20 23:03:45,684 [INFO] LogOutputStream:77 - [STDOUT_REDIRECT] 1 : Invalid condition id : UX_CORESTACK_Condition cause : null
2026-02-20 23:03:45,686 [INFO] LogOutputStream:77 - [STDOUT_REDIRECT] 1 : Invalid condition id : UX_CORESTACK_Condition cause : null
2026-02-20 23:03:45,689 [INFO] LogOutputStream:77 - [STDOUT_REDIRECT] 1 : Invalid condition id : UX_CORESTACK_Condition cause : null
2026-02-20 23:03:45,692 [WARN] PackLoader:240 - Cannot read IP mode file for STMicroelectronics.X-CUBE-AZRTOS-WL.2.0.0
2026-02-20 23:03:45,700 [WARN] PackLoader:240 - Cannot read IP mode file for STMicroelectronics.FP-SNS-MOTENV1.5.0.0
2026-02-20 23:03:45,728 [WARN] PackLoader:240 - Cannot read IP mode file for STMicroelectronics.X-CUBE-AZRTOS-H7RS.1.2.0
2026-02-20 23:03:45,740 [WARN] PackLoader:240 - Cannot read IP mode file for wolfSSL.I-CUBE-wolfMQTT.1.19.0
2026-02-20 23:03:45,752 [WARN] PackLoader:240 - Cannot read IP mode file for WES.I-CUBE-Cesium.1.3.0
2026-02-20 23:03:45,760 [WARN] PackLoader:240 - Cannot read IP mode file for STMicroelectronics.X-CUBE-BLE2.3.3.0
2026-02-20 23:03:45,795 [WARN] PackLoader:240 - Cannot read IP mode file for STMicroelectronics.X-CUBE-NFC9.1.0.0
2026-02-20 23:03:45,803 [WARN] PackLoader:240 - Cannot read IP mode file for STMicroelectronics.X-CUBE-BLE1.7.1.0
2026-02-20 23:03:45,813 [WARN] PackLoader:240 - Cannot read IP mode file for STMicroelectronics.X-CUBE-TCPP.4.1.0
2026-02-20 23:03:45,829 [WARN] PackLoader:240 - Cannot read IP mode file for STMicroelectronics.X-CUBE-FREERTOS.1.4.0
2026-02-20 23:03:45,841 [WARN] PackLoader:240 - Cannot read IP mode file for STMicroelectronics.X-CUBE-EEPRMA1.5.2.0
2026-02-20 23:03:45,857 [WARN] PackLoader:240 - Cannot read IP mode file for STMicroelectronics.X-CUBE-ST67W61.1.1.0
2026-02-20 23:03:45,958 [WARN] PackLoader:240 - Cannot read IP mode file for STMicroelectronics.X-CUBE-MEMS1.12.0.0
2026-02-20 23:03:46,138 [WARN] PackLoader:240 - Cannot read IP mode file for STMicroelectronics.X-CUBE-ALGOBUILD.1.3.0
2026-02-20 23:03:46,164 [WARN] PackLoader:240 - Cannot read IP mode file for STMicroelectronics.X-CUBE-AZRTOS-G0.1.1.0
2026-02-20 23:03:46,176 [WARN] PackLoader:240 - Cannot read IP mode file for STMicroelectronics.X-CUBE-SAFEA1.1.2.2
2026-02-20 23:03:46,187 [WARN] PackLoader:240 - Cannot read IP mode file for STMicroelectronics.X-CUBE-NFC4.3.0.0
2026-02-20 23:03:46,205 [WARN] PackLoader:240 - Cannot read IP mode file for EmbeddedOffice.I-CUBE-FS-RTOS.1.0.1
2026-02-20 23:03:46,212 [WARN] PackLoader:240 - Cannot read IP mode file for STMicroelectronics.X-CUBE-WB05N.2.0.0
2026-02-20 23:03:46,224 [WARN] PackLoader:240 - Cannot read IP mode file for STMicroelectronics.X-CUBE-BLEMGR.3.0.0
2026-02-20 23:03:46,235 [WARN] PackLoader:240 - Cannot read IP mode file for STMicroelectronics.X-CUBE-TCPP.4.2.0
2026-02-20 23:03:46,245 [WARN] PackLoader:240 - Cannot read IP mode file for RealThread.X-CUBE-RT-Thread_Nano.4.1.1
2026-02-20 23:03:46,252 [WARN] PackLoader:240 - Cannot read IP mode file for STMicroelectronics.FP-ATR-SIGFOX1.3.2.0
2026-02-20 23:03:46,261 [WARN] ConditionMgr:438 - getConditionDescription Invalid condition id : Cortex-A Device cause : null
2026-02-20 23:03:46,273 [WARN] ConditionMgr:1044 - genDependencies : Invalid condition id : Cortex-A Device cause : null
2026-02-20 23:03:46,273 [WARN] ConditionMgr:1044 - genDependencies : Invalid condition id : Cortex-A Device cause : null
2026-02-20 23:03:46,274 [WARN] ConditionMgr:1044 - genDependencies : Invalid condition id : Cortex-A Device cause : null
2026-02-20 23:03:46,282 [WARN] PackLoader:240 - Cannot read IP mode file for STMicroelectronics.X-CUBE-EEPRMA1.5.1.0
2026-02-20 23:03:46,296 [WARN] PackLoader:240 - Cannot read IP mode file for STMicroelectronics.X-CUBE-NFC6.3.2.0
2026-02-20 23:03:46,307 [WARN] PackLoader:240 - Cannot read IP mode file for STMicroelectronics.X-CUBE-ST67W61.1.0.0
2026-02-20 23:03:46,315 [WARN] PackLoader:240 - Cannot read IP mode file for STMicroelectronics.X-CUBE-AI.10.2.0
2026-02-20 23:03:46,361 [WARN] PackLoader:240 - Cannot read IP mode file for SEGGER.I-CUBE-embOS.1.3.1
2026-02-20 23:03:46,414 [WARN] PackLoader:240 - Cannot read IP mode file for STMicroelectronics.X-CUBE-ALGOBUILD.1.4.0
2026-02-20 23:03:46,485 [WARN] PackLoader:240 - Cannot read IP mode file for STMicroelectronics.X-CUBE-MEMS1.11.3.0
2026-02-20 23:03:46,696 [WARN] PackLoader:240 - Cannot read IP mode file for STMicroelectronics.X-CUBE-AI.9.1.0
2026-02-20 23:03:46,703 [WARN] PackLoader:240 - Cannot read IP mode file for STMicroelectronics.X-CUBE-PM33A1.1.0.0
2026-02-20 23:03:46,710 [WARN] PackLoader:240 - Cannot read IP mode file for STMicroelectronics.X-CUBE-GNSS1.6.0.0
2026-02-20 23:03:46,731 [WARN] PackLoader:240 - Cannot read IP mode file for STMicroelectronics.X-CUBE-AZRTOS-F4.1.1.0
2026-02-20 23:03:46,740 [WARN] PackLoader:240 - Cannot read IP mode file for STMicroelectronics.X-CUBE-ISPU.2.1.0
2026-02-20 23:03:46,759 [WARN] PackLoader:240 - Cannot read IP mode file for STMicroelectronics.X-CUBE-IPS.3.2.0
2026-02-20 23:03:46,770 [WARN] PackLoader:240 - Cannot read IP mode file for STMicroelectronics.X-CUBE-FREERTOS.1.2.0
2026-02-20 23:03:46,778 [WARN] PackLoader:240 - Cannot read IP mode file for wolfSSL.I-CUBE-wolfSSL.5.6.6
2026-02-20 23:03:46,788 [WARN] PackLoader:240 - Cannot read IP mode file for STMicroelectronics.X-CUBE-NFC12.1.0.0
2026-02-20 23:03:46,814 [WARN] PackLoader:240 - Cannot read IP mode file for STMicroelectronics.X-CUBE-AZRTOS-L5.2.0.0
2026-02-20 23:03:46,826 [WARN] PackLoader:240 - Cannot read IP mode file for STMicroelectronics.X-CUBE-NFC6.3.1.0
2026-02-20 23:03:46,838 [WARN] PackLoader:240 - Cannot read IP mode file for ITTIA_DB.I-CUBE-ITTIADB.8.8.0
2026-02-20 23:03:46,850 [WARN] PackLoader:240 - Cannot read IP mode file for STMicroelectronics.X-CUBE-DPower.1.2.0
2026-02-20 23:03:46,858 [WARN] PackLoader:240 - Cannot read IP mode file for STMicroelectronics.X-CUBE-FREERTOS.1.3.1
2026-02-20 23:03:46,868 [WARN] PackLoader:240 - Cannot read IP mode file for STMicroelectronics.X-CUBE-NFC7.1.0.1
2026-02-20 23:03:46,874 [WARN] PackLoader:240 - Cannot read IP mode file for STMicroelectronics.X-CUBE-TOUCHGFX.4.26.0
2026-02-20 23:03:46,884 [WARN] PackLoader:240 - Cannot read IP mode file for STMicroelectronics.X-CUBE-NFC6.3.0.0
2026-02-20 23:03:46,894 [WARN] PackLoader:240 - Cannot read IP mode file for STMicroelectronics.FP-SNS-STAIOTCFT.1.0.0
2026-02-20 23:03:46,901 [WARN] PackLoader:240 - Cannot read IP mode file for STMicroelectronics.X-CUBE-DPower.1.3.0
2026-02-20 23:03:46,906 [WARN] PackLoader:240 - Cannot read IP mode file for STMicroelectronics.X-CUBE-AI.8.1.0
2026-02-20 23:03:46,928 [WARN] ConditionMgr:438 - getConditionDescription Invalid condition id : LAN8742 Phy interface Condition cause : null
2026-02-20 23:03:46,929 [WARN] PackLoader:240 - Cannot read IP mode file for STMicroelectronics.X-CUBE-AZRTOS-L4.2.0.0
2026-02-20 23:03:46,931 [WARN] ConditionMgr:1044 - genDependencies : Invalid condition id : LAN8742 Phy interface Condition cause : null
2026-02-20 23:03:46,931 [WARN] ConditionMgr:1044 - genDependencies : Invalid condition id : LAN8742 Phy interface Condition cause : null
2026-02-20 23:03:46,932 [WARN] ConditionMgr:1044 - genDependencies : Invalid condition id : LAN8742 Phy interface Condition cause : null
2026-02-20 23:03:46,943 [WARN] PackLoader:240 - Cannot read IP mode file for STMicroelectronics.X-CUBE-SFXS2LP1.4.0.0
2026-02-20 23:03:46,953 [WARN] PackLoader:240 - Cannot read IP mode file for STMicroelectronics.X-CUBE-ST67W61.1.2.0
2026-02-20 23:03:46,979 [WARN] PackLoader:240 - Cannot read IP mode file for STMicroelectronics.X-CUBE-AZRTOS-H7.3.3.0
2026-02-20 23:03:46,997 [WARN] PackLoader:240 - Cannot read IP mode file for STMicroelectronics.X-CUBE-BLEMGR.4.1.0
2026-02-20 23:03:47,018 [WARN] PackLoader:240 - Cannot read IP mode file for STMicroelectronics.X-CUBE-IPS.3.0.0
2026-02-20 23:03:47,045 [WARN] ConditionMgr:438 - getConditionDescription Invalid condition id : UX DEVICE CLASS RTOS Condition cause : null
2026-02-20 23:03:47,046 [WARN] ConditionMgr:438 - getConditionDescription Invalid condition id : UX DEVICE CLASS RTOS Condition cause : null
2026-02-20 23:03:47,048 [WARN] PackLoader:240 - Cannot read IP mode file for STMicroelectronics.X-CUBE-AZRTOS-WB.2.0.0
2026-02-20 23:03:47,050 [WARN] ConditionMgr:1044 - genDependencies : Invalid condition id : UX DEVICE CLASS RTOS Condition cause : null
2026-02-20 23:03:47,050 [WARN] ConditionMgr:1044 - genDependencies : Invalid condition id : UX DEVICE CLASS RTOS Condition cause : null
2026-02-20 23:03:47,051 [WARN] ConditionMgr:1044 - genDependencies : Invalid condition id : UX DEVICE CLASS RTOS Condition cause : null
2026-02-20 23:03:47,051 [WARN] ConditionMgr:1044 - genDependencies : Invalid condition id : UX DEVICE CLASS RTOS Condition cause : null
2026-02-20 23:03:47,052 [WARN] ConditionMgr:1044 - genDependencies : Invalid condition id : UX DEVICE CLASS RTOS Condition cause : null
2026-02-20 23:03:47,064 [WARN] PackLoader:240 - Cannot read IP mode file for STMicroelectronics.X-CUBE-GNSS1.7.0.0
2026-02-20 23:03:47,073 [WARN] PackLoader:240 - Cannot read IP mode file for STMicroelectronics.X-CUBE-GNSS1.7.0.1
2026-02-20 23:03:47,079 [WARN] PackLoader:240 - Cannot read IP mode file for STMicroelectronics.X-CUBE-TOUCHGFX.4.25.0
2026-02-20 23:03:47,088 [WARN] PackLoader:240 - Cannot read IP mode file for STMicroelectronics.FP-SNS-STBOX1.2.0.0
2026-02-20 23:03:47,102 [WARN] PackLoader:240 - Cannot read IP mode file for STMicroelectronics.X-CUBE-STSE01.2.0.0
2026-02-20 23:03:47,120 [WARN] PackLoader:240 - Cannot read IP mode file for STMicroelectronics.X-CUBE-SUBG2.5.0.0
2026-02-20 23:03:47,153 [WARN] PackLoader:240 - Cannot read IP mode file for STMicroelectronics.X-CUBE-AZRTOS-H7RS.1.1.0
2026-02-20 23:03:47,165 [WARN] PackLoader:240 - Cannot read IP mode file for Cesanta.I-CUBE-Mongoose.7.13.0
2026-02-20 23:03:47,185 [WARN] PackLoader:240 - Cannot read IP mode file for STMicroelectronics.X-CUBE-AZRTOS-G4.2.0.0
2026-02-20 23:03:47,204 [WARN] PackLoader:240 - Cannot read IP mode file for Infineon.AIROC-Wi-Fi-Bluetooth-STM32.1.5.1
2026-02-20 23:03:47,213 [WARN] PackLoader:240 - Cannot read IP mode file for STMicroelectronics.X-CUBE-NFC7.2.0.0
2026-02-20 23:03:47,219 [WARN] PackLoader:240 - Cannot read IP mode file for STMicroelectronics.FP-SNS-MOTENVWB1.1.3.1
2026-02-20 23:03:47,224 [WARN] PackLoader:240 - Cannot read IP mode file for STMicroelectronics.X-CUBE-ISPU.2.0.0
2026-02-20 23:03:47,234 [WARN] PackLoader:240 - Cannot read IP mode file for STMicroelectronics.X-CUBE-IPS.3.1.0
2026-02-20 23:03:47,245 [WARN] PackLoader:240 - Cannot read IP mode file for STMicroelectronics.X-CUBE-ALS.1.0.2
2026-02-20 23:03:47,283 [WARN] PackLoader:240 - Cannot read IP mode file for STMicroelectronics.X-CUBE-MEMS1.10.0.0
2026-02-20 23:03:47,445 [WARN] PackLoader:240 - Cannot read IP mode file for STMicroelectronics.X-CUBE-FREERTOS.1.1.0
2026-02-20 23:03:47,449 [WARN] PackLoader:240 - Cannot read IP mode file for STMicroelectronics.X-CUBE-TOUCHGFX.4.24.1
2026-02-20 23:03:47,457 [WARN] PackLoader:240 - Cannot read IP mode file for STMicroelectronics.X-CUBE-STSE01.1.0.0
2026-02-20 23:03:47,462 [WARN] PackLoader:240 - Cannot read IP mode file for wolfSSL.I-CUBE-wolfTPM.3.4.0
2026-02-20 23:03:47,470 [WARN] PackLoader:240 - Cannot read IP mode file for portGmbH.I-Cube-SoM-uGOAL.1.1.0
2026-02-20 23:03:47,476 [WARN] PackLoader:240 - Cannot read IP mode file for STMicroelectronics.X-CUBE-ALS.1.0.1
2026-02-20 23:03:47,493 [WARN] PackLoader:240 - Cannot read IP mode file for STMicroelectronics.X-CUBE-AZRTOS-H7RS.1.0.0
2026-02-20 23:03:47,498 [WARN] PackLoader:240 - Cannot read IP mode file for STMicroelectronics.FP-ATR-ASTRA1.2.0.0
2026-02-20 23:03:47,510 [WARN] PackLoader:240 - Cannot read IP mode file for STMicroelectronics.X-CUBE-TOF1.3.4.2
2026-02-20 23:03:47,528 [WARN] PackLoader:240 - Cannot read IP mode file for STMicroelectronics.X-CUBE-TOF1.3.4.3
2026-02-20 23:03:47,556 [WARN] PackLoader:240 - Cannot read IP mode file for STMicroelectronics.X-CUBE-TOF1.3.4.0
2026-02-20 23:03:47,592 [WARN] PackLoader:240 - Cannot read IP mode file for STMicroelectronics.X-CUBE-AZRTOS-H7.3.2.0
2026-02-20 23:03:47,600 [WARN] PackLoader:240 - Cannot read IP mode file for wolfSSL.I-CUBE-wolfSSH.1.4.17
2026-02-20 23:03:47,601 [INFO] ThirdParty:978 - Integrity check success = true
2026-02-20 23:03:47,602 [INFO] IntegrityCheckThread:100 - exiting critical section [integrity check]
2026-02-20 23:03:47,602 [INFO] IntegrityCheckThread:103 - End integrity checks thread
2026-02-20 23:03:48,464 [INFO] McuFinderGlobals:63 - Set McuFinder mode to 2 (CubeIDE integrated)
2026-02-20 23:03:48,470 [INFO] MainUpdater:2872 - connection check result : 10
2026-02-20 23:03:48,475 [INFO] McuFinderGlobals:76 - Set McuFinderConnectedMode to true
2026-02-20 23:03:48,851 [INFO] ServerAccessManage:452 - Complete download http(s) 200
2026-02-20 23:03:48,852 [INFO] ServerAccessManage:509 - Download File mcusAds.json._tmp_
2026-02-20 23:03:48,964 [INFO] LoadUrlFilesThread:156 - End of LoadUrlFiles Thread
2026-02-20 23:03:49,815 [INFO] ServerAccessManage:452 - Complete download http(s) 200
2026-02-20 23:03:49,816 [INFO] ServerAccessManage:509 - Download File cube-finder-db.zip
2026-02-20 23:04:02,598 [INFO] FileExtend:248 - Unzip File : cube-finder-db.zip
2026-02-20 23:04:02,599 [INFO] FileExtend:263 - Standard Zip Deflate
2026-02-20 23:04:03,956 [INFO] LoadUrlFilesThread:156 - End of LoadUrlFiles Thread
2026-02-20 23:04:04,676 [INFO] ServerAccessManage:452 - Complete download http(s) 200
2026-02-20 23:04:04,677 [INFO] ServerAccessManage:509 - Download File crdb.zip
2026-02-20 23:04:06,220 [INFO] FileExtend:248 - Unzip File : crdb.zip
2026-02-20 23:04:06,221 [INFO] FileExtend:263 - Standard Zip Deflate
2026-02-20 23:04:06,357 [INFO] LoadUrlFilesThread:156 - End of LoadUrlFiles Thread
2026-02-20 23:04:06,838 [INFO] ServerAccessManage:452 - Complete download http(s) 200
2026-02-20 23:04:06,839 [INFO] ServerAccessManage:509 - Download File tutoVideoDB.zip
2026-02-20 23:04:06,929 [INFO] FileExtend:248 - Unzip File : tutoVideoDB.zip
2026-02-20 23:04:06,929 [INFO] FileExtend:263 - Standard Zip Deflate
2026-02-20 23:04:07,041 [INFO] LoadUrlFilesThread:156 - End of LoadUrlFiles Thread
2026-02-20 23:04:07,045 [WARN] DbFile:41 - Overriding database path with different value: C:\Users\Etienne\.stmcufinder\plugins\mcufinder/ => C:\Users\Etienne\.stmcufinder\plugins\mcufinder
2026-02-20 23:04:07,649 [INFO] ServerAccessManage:452 - Complete download http(s) 200
2026-02-20 23:04:07,650 [INFO] ServerAccessManage:509 - Download File api_config.json
2026-02-20 23:04:07,762 [INFO] LoadUrlFilesThread:156 - End of LoadUrlFiles Thread
2026-02-20 23:04:07,764 [INFO] DbMcusAds:53 - JSON generation date=Wed Feb 18 09:32:49 EST 2026 (1771425169665)
2026-02-20 23:04:07,945 [INFO] ServerAccessManage:452 - Complete download http(s) 200
2026-02-20 23:04:07,946 [INFO] ServerAccessManage:509 - Download File 
2026-02-20 23:04:08,018 [INFO] LoadUrlFilesThread:185 - End of LoadServerUrlFiles without Thread
2026-02-20 23:04:08,018 [INFO] TargetSelectorAdapter:259 - Refresh data is successful
2026-02-20 23:04:08,209 [INFO] ApiDb:581 - Connected to CubeFinder SQLite database (C:\Users\Etienne\.stmcufinder\plugins\mcufinder\mcu\cube-finder-db.db)
2026-02-20 23:04:08,359 [INFO] ApiDb:668 - CubeFinder database Data Model version=2.1
2026-02-20 23:04:08,359 [INFO] ApiDb:669 - CubeFinder database Configuration version=3.0.39
2026-02-20 23:04:08,359 [INFO] ApiDb:670 - CubeFinder database generation date=2025-12-22 (1766407740)
2026-02-20 23:04:08,359 [INFO] ApiDb:671 - CubeFinder database FW Pack versions=[FP-ATR-ASTRA1_V2.0.0, FP-SNS-FLIGHT1_V5.1.0, FP-SNS-MOTENV1_V5.1.0, FP-SNS-MOTENVWB1_V1.4.0, FP-SNS-SMARTAG2_V1.2.0, FP-SNS-STBOX1_V2.1.0, STM32Cube_FW_C0_V1.4.0, STM32Cube_FW_F4_V1.28.3, STM32Cube_FW_F7_V1.17.4, STM32Cube_FW_G0_V1.6.2, STM32Cube_FW_G4_V1.6.1, STM32Cube_FW_H5_V1.5.1, STM32Cube_FW_H7RS_V1.3.0, STM32Cube_FW_H7_V1.12.1, STM32Cube_FW_L0_V1.12.2, STM32Cube_FW_L4_V1.18.1, STM32Cube_FW_L5_V1.6.0, STM32Cube_FW_N6_V1.3.0, STM32Cube_FW_U0_V1.3.0, STM32Cube_FW_U3_V1.2.1, STM32Cube_FW_U5_V1.8.0, STM32Cube_FW_WB0_V1.4.0, STM32Cube_FW_WBA_V1.8.0, STM32Cube_FW_WB_V1.24.0, STM32Cube_FW_WL3_V1.3.0, STM32Cube_FW_WL_V1.4.0, X-CUBE-ALGOBUILD_V1.4.0, X-CUBE-ALS_V1.0.2, X-CUBE-AZRTOS-F4_V1.1.0, X-CUBE-AZRTOS-F7_V1.1.0, X-CUBE-AZRTOS-G0_V1.1.0, X-CUBE-AZRTOS-G4_V2.0.0, X-CUBE-AZRTOS-H7RS_V1.1.0, X-CUBE-AZRTOS-H7_V3.4.0, X-CUBE-AZRTOS-L4_V2.0.0, X-CUBE-AZRTOS-L5_V2.0.0, X-CUBE-AZRTOS-WB_V2.0.0, X-CUBE-AZRTOS-WL_V2.0.0, X-CUBE-BLE1_V7.1.0, X-CUBE-BLE2_V3.3.0, X-CUBE-BLEMGR_V4.1.0, X-CUBE-EEPRMA1_V5.2.0, X-CUBE-FREERTOS_V1.3.1, X-CUBE-GNSS1_V6.0.0, X-CUBE-MEMS1_V12.0.0, X-CUBE-NFC4_V3.0.0, X-CUBE-NFC7_V2.0.0, X-CUBE-SFXS2LP1_V4.0.0, X-CUBE-ST67W61_V1.1.0, X-CUBE-SUBG2_V5.0.0, X-CUBE-TOF1_V3.4.3]
2026-02-20 23:04:12,387 [INFO] ApiDb:240 - Found 880 in-development CPN: [B-G473E-ZEST1S, B-WB1M-WPAN1, B-WBA5M-WPAN, B-WL5M-SUBG1, NUCLEO-C031C6, NUCLEO-C051C8, NUCLEO-C071RB, NUCLEO-C092RC, NUCLEO-H503RB, NUCLEO-H533RE, NUCLEO-H563ZI, NUCLEO-H7S3L8, NUCLEO-N657X0-Q, NUCLEO-U031R8, NUCLEO-U083RC, NUCLEO-U385RG-Q, NUCLEO-U545RE-Q, NUCLEO-U5A5ZJ-Q, NUCLEO-WB05KZ, NUCLEO-WB07CC, NUCLEO-WB09KE, NUCLEO-WBA52CG, NUCLEO-WBA55CG, NUCLEO-WL33CC1, NUCLEO-WL33CC2, STEVAL-PROTEUS1, STEVAL-SMARTAG2, STEVAL-STWINBX1, STM320518-EVAL, STM32C0116-DK, STM32C011D6Y3TR, STM32C011D6Y6TR, STM32C011F4P3, STM32C011F4P6, STM32C011F4U3, STM32C011F4U6TR, STM32C011F6P3, STM32C011F6P6, STM32C011F6U3, STM32C011F6U6TR, STM32C011J4M3, STM32C011J4M6, STM32C011J6M3, STM32C011J6M6, STM32C0316-DK, STM32C031C4T3, STM32C031C4T6, STM32C031C4U3, STM32C031C4U6, STM32C031C6T3, STM32C031C6T6, STM32C031C6U3, STM32C031C6U6, STM32C031F4P3, STM32C031F4P6, STM32C031F6P3, STM32C031F6P6, STM32C031G4U3, STM32C031G4U6, STM32C031G6U3, STM32C031G6U6, STM32C031K4T3, STM32C031K4T6, STM32C031K4U3, STM32C031K4U6, STM32C031K6T3, STM32C031K6T6, STM32C031K6U3, STM32C031K6U6, STM32C051C6T6, STM32C051C6U6, STM32C051C8T6, STM32C051C8U6, STM32C051D8Y6TR, STM32C051F6P6, STM32C051F8P6, STM32C051G6U6, STM32C051G8U6, STM32C051K6T6, STM32C051K6U6, STM32C051K8T6, STM32C071C8T6, STM32C071C8T6N, STM32C071C8U6, STM32C071C8U6N, STM32C071CBT6, STM32C071CBT6N, STM32C071CBU6, STM32C071CBU6N, STM32C071F8P6, STM32C071F8P6N, STM32C071FBP6, STM32C071FBP6N, STM32C071FBY6TR, STM32C071G8U6, STM32C071G8U6N, STM32C071GBU6, STM32C071GBU6N, STM32C071K8T6, STM32C071K8T6N, STM32C071K8U6, STM32C071K8U6N, STM32C071KBT6, STM32C071KBT6N, STM32C071KBU6, STM32C071KBU6N, STM32C071R8T6, STM32C071R8T6N, STM32C071RBI6N, STM32C071RBT6, STM32C071RBT6N, STM32C091CBT6, STM32C091CBU6, STM32C091CCT6, STM32C091CCU6, STM32C091ECY6TR, STM32C091FBP6, STM32C091FCP6, STM32C091GBU6, STM32C091GCU6, STM32C091KBT6, STM32C091KBU6, STM32C091KCT6, STM32C091KCU6, STM32C091RBT6, STM32C091RCI6, STM32C091RCT6, STM32C092CBT6, STM32C092CBU6, STM32C092CCT6, STM32C092CCU6, STM32C092ECY6TR, STM32C092FBP6, STM32C092FCP6, STM32C092GBU6, STM32C092GCU6, STM32C092KBT6, STM32C092KBU6, STM32C092KCT6, STM32C092KCU6, STM32C092RBT6, STM32C092RCI6, STM32C092RCT6, STM32G071K8TXN, STM32G071K8UXN, STM32G081GBU6N, STM32G081KBT6N, STM32G081KBUXN, STM32G0B1CCT6N, STM32G0B1KCT6, STM32G0B1NEY6TR, STM32G0B1RCT6N, STM32G0C1CCT6, STM32G0C1CCT6N, STM32G0C1CCU6N, STM32G0C1CET6N, STM32G0C1CEU6N, STM32G0C1KCT6, STM32G0C1NEY6TR, STM32G0C1RCI6N, STM32G0C1RCT6N, STM32G0C1REI6N, STM32G0C1RET6N, STM32G0C1VCI6, STM32G0C1VEI6, STM32G411C6T3, STM32G411C6T6, STM32G411C6U3, STM32G411C6U6, STM32G411C8T3, STM32G411C8T6, STM32G411C8U3, STM32G411C8U6, STM32G411CBT3, STM32G411CBT6, STM32G411CBU3, STM32G411CBU6, STM32G411K6T3, STM32G411K6T6, STM32G411K6U3, STM32G411K6U6, STM32G411K8T3, STM32G411K8T6, STM32G411K8U3, STM32G411K8U6, STM32G411KBT3, STM32G411KBT6, STM32G411KBU3, STM32G411KBU6, STM32G411M6T3, STM32G411M6T6, STM32G411M8T3, STM32G411M8T6, STM32G411MBT3, STM32G411MBT6, STM32G411R6T3, STM32G411R6T6, STM32G411R8T3, STM32G411R8T6, STM32G411RBT3, STM32G411RBT6, STM32G414CBT3, STM32G414CBT6, STM32G414CBU3, STM32G414CBU6, STM32G414CCT3, STM32G414CCT6, STM32G414CCU3, STM32G414CCU6, STM32G414MBT3, STM32G414MBT6, STM32G414MCT3, STM32G414MCT6, STM32G414RBT3, STM32G414RBT6, STM32G414RCT3, STM32G414RCT6, STM32G414VBT3, STM32G414VBT6, STM32G414VCT3, STM32G414VCT6, STM32G431CBT3Z, STM32G431RBT3Z, STM32G471CCT6, STM32G471CCU6, STM32G471CET3, STM32G471CET6, STM32G471CEU3, STM32G471CEU6, STM32G471MCT6, STM32G471MET3, STM32G471MET6, STM32G471MEY6TR, STM32G471QCT6, STM32G471QET3, STM32G471RCT6, STM32G471RET3, STM32G471RET6, STM32G471VCH6, STM32G471VCI6, STM32G471VCT6, STM32G471VEH3, STM32G471VEH6, STM32G471VEI3, STM32G471VEI6, STM32G471VET3, STM32G471VET6, STM32G473QET3Z, STM32G473RET3Z, STM32G474CCT6, STM32G491RET3Z, STM32H503CBT6, STM32H503CBU6, STM32H503EBY6TR, STM32H503KBU6, STM32H503RBT6, STM32H523CCT6, STM32H523CCU6, STM32H523CET6, STM32H523CEU6, STM32H523HEY6TR, STM32H523RCT6, STM32H523RET6, STM32H523VCI6, STM32H523VCT6, STM32H523VEI6, STM32H523VET6, STM32H523ZCJ6, STM32H523ZCT6, STM32H523ZEJ6, STM32H523ZET6, STM32H533CET6, STM32H533CEU6, STM32H533HEY6TR, STM32H533RET6, STM32H533VEI6, STM32H533VET6, STM32H533ZEJ6, STM32H533ZET6, STM32H562AGI6, STM32H562AII6, STM32H562IGK6, STM32H562IGT6, STM32H562IIK6, STM32H562IIT6, STM32H562RGT6, STM32H562RGV6, STM32H562RIT6, STM32H562RIV6, STM32H562VGT6, STM32H562VIT6, STM32H562ZGT6, STM32H562ZIT6, STM32H563AGI6, STM32H563AII3Q, STM32H563AII6, STM32H563IGK6, STM32H563IGT6, STM32H563IIK3Q, STM32H563IIK6, STM32H563IIT3Q, STM32H563IIT6, STM32H563MIY3QTR, STM32H563RGT6, STM32H563RGV6, STM32H563RIT6, STM32H563RIV6, STM32H563VGT6, STM32H563VIT3Q, STM32H563VIT6, STM32H563ZGT6, STM32H563ZIT3Q, STM32H563ZIT6, STM32H573AII3Q, STM32H573AII6, STM32H573I-DK, STM32H573IIK3Q, STM32H573IIK6, STM32H573IIT3Q, STM32H573IIT6, STM32H573MIY3QTR, STM32H573RIT6, STM32H573RIV6, STM32H573VIT3Q, STM32H573VIT6, STM32H573ZIT3Q, STM32H573ZIT6, STM32H7R3A8I6, STM32H7R3I8K6, STM32H7R3I8T6, STM32H7R3L8H6, STM32H7R3L8H6H, STM32H7R3R8V6, STM32H7R3V8H6, STM32H7R3V8T6, STM32H7R3V8Y6TR, STM32H7R3Z8J6, STM32H7R3Z8T6, STM32H7R7A8I6, STM32H7R7I8K6, STM32H7R7I8T6, STM32H7R7L8H6, STM32H7R7L8H6H, STM32H7R7Z8J6, STM32H7S3A8I6, STM32H7S3I8K6, STM32H7S3I8T6, STM32H7S3L8H6, STM32H7S3L8H6H, STM32H7S3R8V6, STM32H7S3V8H6, STM32H7S3V8T6, STM32H7S3V8Y6TR, STM32H7S3Z8J6, STM32H7S3Z8T6, STM32H7S78-DK, STM32H7S7A8I6, STM32H7S7I8K6, STM32H7S7I8T6, STM32H7S7L8H6, STM32H7S7L8H6H, STM32H7S7Z8J6, STM32L4R5QGI6STR, STM32MP131AAE3, STM32MP131AAF3, STM32MP131AAG3, STM32MP131CAE3, STM32MP131CAF3, STM32MP131CAG3, STM32MP131DAE7, STM32MP131DAF7, STM32MP131DAG7, STM32MP131FAE7, STM32MP131FAF7, STM32MP131FAG7, STM32MP133AAE3, STM32MP133AAF3, STM32MP133AAG3, STM32MP133CAE3, STM32MP133CAF3, STM32MP133CAG3, STM32MP133DAE7, STM32MP133DAF7, STM32MP133DAG7, STM32MP133FAE7, STM32MP133FAF7, STM32MP133FAG7, STM32MP135AAE3, STM32MP135AAF3, STM32MP135AAG3, STM32MP135CAE3, STM32MP135CAF3, STM32MP135CAG3, STM32MP135DAE7, STM32MP135DAF7, STM32MP135DAG7, STM32MP135F-DK, STM32MP135FAE7, STM32MP135FAF7, STM32MP135FAF7T, STM32MP135FAF7U, STM32MP135FAG7, STM32MP211AAL3, STM32MP211AAM3, STM32MP211AAN3, STM32MP211AAO3, STM32MP211CAL3, STM32MP211CAM3, STM32MP211CAN3, STM32MP211CAO3, STM32MP211DAL3, STM32MP211DAM3, STM32MP211DAN3, STM32MP211DAO3, STM32MP211FAL3, STM32MP211FAM3, STM32MP211FAN3, STM32MP211FAO3, STM32MP213AAL3, STM32MP213AAM3, STM32MP213AAN3, STM32MP213AAO3, STM32MP213CAL3, STM32MP213CAM3, STM32MP213CAN3, STM32MP213CAO3, STM32MP213DAL3, STM32MP213DAM3, STM32MP213DAN3, STM32MP213DAO3, STM32MP213FAL3, STM32MP213FAM3, STM32MP213FAN3, STM32MP213FAO3, STM32MP215AAL3, STM32MP215AAM3, STM32MP215AAN3, STM32MP215AAO3, STM32MP215CAL3, STM32MP215CAM3, STM32MP215CAN3, STM32MP215CAO3, STM32MP215DAL3, STM32MP215DAM3, STM32MP215DAN3, STM32MP215DAO3, STM32MP215F-DK, STM32MP215FAL3, STM32MP215FAM3, STM32MP215FAN3, STM32MP215FAO3, STM32MP231AAJ3, STM32MP231AAK3, STM32MP231AAL3, STM32MP231CAJ3, STM32MP231CAK3, STM32MP231CAL3, STM32MP231DAJ3, STM32MP231DAK3, STM32MP231DAL3, STM32MP231FAJ3, STM32MP231FAK3, STM32MP231FAL3, STM32MP233AAJ3, STM32MP233AAK3, STM32MP233AAL3, STM32MP233CAJ3, STM32MP233CAK3, STM32MP233CAL3, STM32MP233DAJ3, STM32MP233DAK3, STM32MP233DAL3, STM32MP233FAJ3, STM32MP233FAK3, STM32MP233FAL3, STM32MP235AAJ3, STM32MP235AAK3, STM32MP235AAL3, STM32MP235CAJ3, STM32MP235CAK3, STM32MP235CAL3, STM32MP235DAJ3, STM32MP235DAK3, STM32MP235DAL3, STM32MP235FAJ3, STM32MP235FAK3, STM32MP235FAL3, STM32MP251AAI3, STM32MP251AAK3, STM32MP251AAL3, STM32MP251CAI3, STM32MP251CAK3, STM32MP251CAL3, STM32MP251DAI3, STM32MP251DAK3, STM32MP251DAL3, STM32MP251FAI3, STM32MP251FAK3, STM32MP251FAL3, STM32MP253AAI3, STM32MP253AAK3, STM32MP253AAL3, STM32MP253CAI3, STM32MP253CAK3, STM32MP253CAL3, STM32MP253DAI3, STM32MP253DAK3, STM32MP253DAL3, STM32MP253FAI3, STM32MP253FAK3, STM32MP253FAL3, STM32MP255AAI3, STM32MP255AAK3, STM32MP255AAL3, STM32MP255CAI3, STM32MP255CAK3, STM32MP255CAL3, STM32MP255DAI3, STM32MP255DAK3, STM32MP255DAL3, STM32MP255FAI3, STM32MP255FAK3, STM32MP255FAL3, STM32MP257AAI3, STM32MP257AAK3, STM32MP257AAL3, STM32MP257CAI3, STM32MP257CAK3, STM32MP257CAL3, STM32MP257DAI3, STM32MP257DAK3, STM32MP257DAL3, STM32MP257F-DK, STM32MP257F-EV1, STM32MP257FAI3, STM32MP257FAK3, STM32MP257FAL3, STM32N645A0H3Q, STM32N645B0H3Q, STM32N645I0H3Q, STM32N645L0H3Q, STM32N645X0H3Q, STM32N645Z0H3Q, STM32N647A0H3Q, STM32N647B0H3Q, STM32N647I0H3Q, STM32N647L0H3Q, STM32N647X0H3Q, STM32N647Z0H3Q, STM32N655A0H3Q, STM32N655B0H3Q, STM32N655I0H3Q, STM32N655L0H3Q, STM32N655X0H3Q, STM32N655Z0H3Q, STM32N6570-DK, STM32N657A0H3Q, STM32N657B0H3Q, STM32N657I0H3Q, STM32N657L0H3Q, STM32N657X0H3Q, STM32N657Z0H3Q, STM32U031C6T6, STM32U031C6U6, STM32U031C8T6, STM32U031C8U6, STM32U031F4P6, STM32U031F6P6, STM32U031F8P6, STM32U031G6Y6TR, STM32U031G8Y6TR, STM32U031K4U6, STM32U031K6U6, STM32U031K8U6, STM32U031R6I6, STM32U031R6T6, STM32U031R8I6, STM32U031R8T6, STM32U073C8T6, STM32U073C8U6, STM32U073CBT6, STM32U073CBU6, STM32U073CCT6, STM32U073CCU6, STM32U073H8Y6TR, STM32U073HBY6TR, STM32U073HCY6TR, STM32U073K8U6, STM32U073KBU6, STM32U073KCU6, STM32U073M8I6, STM32U073M8T6, STM32U073MBI6, STM32U073MBT6, STM32U073MCI6, STM32U073MCT6, STM32U073R8I6, STM32U073R8T6, STM32U073RBI6, STM32U073RBT6, STM32U073RCI6, STM32U073RCT6, STM32U083C-DK, STM32U083CCT6, STM32U083CCU6, STM32U083HCY6TR, STM32U083KCU6, STM32U083MCI6, STM32U083MCT6, STM32U083RCI6, STM32U083RCT6, STM32U375CET6, STM32U375CET6Q, STM32U375CEU6, STM32U375CEU6Q, STM32U375CEY6QTR, STM32U375CGT6, STM32U375CGT6Q, STM32U375CGU6, STM32U375CGU6Q, STM32U375CGY6QTR, STM32U375KEU6, STM32U375KGU6, STM32U375REI6, STM32U375REI6Q, STM32U375RET6, STM32U375RET6Q, STM32U375REY6GTR, STM32U375REY6QTR, STM32U375RGI6, STM32U375RGI6Q, STM32U375RGT6, STM32U375RGT6Q, STM32U375RGY6GTR, STM32U375RGY6QTR, STM32U375VEI6, STM32U375VEI6Q, STM32U375VET6, STM32U375VET6Q, STM32U375VGI6, STM32U375VGI6Q, STM32U375VGT6, STM32U375VGT6Q, STM32U385CGT6, STM32U385CGT6Q, STM32U385CGU6, STM32U385CGU6Q, STM32U385CGY6QTR, STM32U385KGU6, STM32U385RGI6, STM32U385RGI6Q, STM32U385RGT6, STM32U385RGT6Q, STM32U385RGY6GTR, STM32U385RGY6QTR, STM32U385VGI6, STM32U385VGI6Q, STM32U385VGT6, STM32U385VGT6Q, STM32U535CBT6, STM32U535CBT6Q, STM32U535CBU6, STM32U535CBU6Q, STM32U535CCT6, STM32U535CCT6Q, STM32U535CCU6, STM32U535CCU6Q, STM32U535CET6, STM32U535CET6Q, STM32U535CEU6, STM32U535CEU6Q, STM32U535JEY6QTR, STM32U535NCY6QTR, STM32U535NEY6QTR, STM32U535RBI6, STM32U535RBI6Q, STM32U535RBT6, STM32U535RBT6Q, STM32U535RCI6, STM32U535RCI6Q, STM32U535RCT6, STM32U535RCT6Q, STM32U535REI6, STM32U535REI6Q, STM32U535RET6, STM32U535RET6Q, STM32U535VCI6, STM32U535VCI6Q, STM32U535VCT6, STM32U535VCT6Q, STM32U535VEI6, STM32U535VEI6Q, STM32U535VET6, STM32U535VET6Q, STM32U545CET6, STM32U545CET6Q, STM32U545CEU6, STM32U545CEU6Q, STM32U545JEY6QTR, STM32U545NEY6QTR, STM32U545REI6, STM32U545REI6Q, STM32U545RET6, STM32U545RET6Q, STM32U545VEI6, STM32U545VEI6Q, STM32U545VET6, STM32U545VET6Q, STM32U595AIH6, STM32U595AIH6Q, STM32U595AJH6, STM32U595AJH6Q, STM32U595QII6, STM32U595QII6Q, STM32U595QJI6, STM32U595QJI6Q, STM32U595RIT6, STM32U595RIT6Q, STM32U595RJT6, STM32U595RJT6Q, STM32U595VIT6, STM32U595VIT6Q, STM32U595VJT6, STM32U595VJT6Q, STM32U595ZIT6, STM32U595ZIT6Q, STM32U595ZIY6QTR, STM32U595ZJT6, STM32U595ZJT6Q, STM32U595ZJY6QTR, STM32U599BJY6QTR, STM32U599NIH6Q, STM32U599NJH6Q, STM32U599VIT6Q, STM32U599VJT6, STM32U599VJT6Q, STM32U599ZIT6Q, STM32U599ZIY6QTR, STM32U599ZJT6Q, STM32U599ZJY6QTR, STM32U5A5AJH6, STM32U5A5AJH6Q, STM32U5A5QII3Q , STM32U5A5QJI6, STM32U5A5QJI6Q, STM32U5A5RJT6, STM32U5A5RJT6Q, STM32U5A5VJT6, STM32U5A5VJT6Q, STM32U5A5ZJT6, STM32U5A5ZJT6Q, STM32U5A5ZJY6QTR, STM32U5A9BJY6QTR, STM32U5A9J-DK, STM32U5A9NJH6Q, STM32U5A9VJT6Q, STM32U5A9ZJT6Q, STM32U5A9ZJY6QTR, STM32U5F7VIT6, STM32U5F7VIT6Q, STM32U5F7VJT6, STM32U5F7VJT6Q, STM32U5F9BJY6QTR, STM32U5F9NJH6Q, STM32U5F9VIT6Q, STM32U5F9VJT6Q, STM32U5F9ZIJ6QTR, STM32U5F9ZIT6Q, STM32U5F9ZJJ6QTR, STM32U5F9ZJT6Q, STM32U5G7VJT6, STM32U5G7VJT6Q, STM32U5G9BJY6QTR, STM32U5G9J-DK1, STM32U5G9J-DK2, STM32U5G9NJH6Q, STM32U5G9VJT6Q, STM32U5G9ZJJ6QTR, STM32U5G9ZJT6Q, STM32WB05KZV6TR, STM32WB05KZV7TR, STM32WB05TZF6TR, STM32WB05TZF7TR, STM32WB06CCF6TR, STM32WB06CCF7TR, STM32WB06CCV6TR, STM32WB06CCV7TR, STM32WB06KCV6TR, STM32WB06KCV7TR, STM32WB07CCF6TR, STM32WB07CCF7TR, STM32WB07CCV6TR, STM32WB07CCV7TR, STM32WB07KCV6TR, STM32WB07KCV7TR, STM32WB09KEV6TR, STM32WB09KEV7TR, STM32WB09TEF6TR, STM32WB09TEF7TR, STM32WB1MMCH6, STM32WBA50KGU6, STM32WBA50KGU6TR, STM32WBA52CEU6, STM32WBA52CEU6TR, STM32WBA52CEU7, STM32WBA52CEU7TR, STM32WBA52CGU6, STM32WBA52CGU6TR, STM32WBA52CGU6U, STM32WBA52CGU7, STM32WBA52CGU7TR, STM32WBA52KEU6, STM32WBA52KEU6TR, STM32WBA52KGU6, STM32WBA52KGU6TR, STM32WBA54CEU6, STM32WBA54CEU6TR, STM32WBA54CEU7, STM32WBA54CEU7TR, STM32WBA54CGU6, STM32WBA54CGU6TR, STM32WBA54CGU7, STM32WBA54CGU7TR, STM32WBA54KEU6, STM32WBA54KEU6TR, STM32WBA54KEU7, STM32WBA54KEU7TR, STM32WBA54KGU6, STM32WBA54KGU6TR, STM32WBA54KGU7, STM32WBA54KGU7TR, STM32WBA55CEU6, STM32WBA55CEU6TR, STM32WBA55CEU7, STM32WBA55CEU7TR, STM32WBA55CGU6, STM32WBA55CGU6TR, STM32WBA55CGU6U, STM32WBA55CGU7, STM32WBA55CGU7TR, STM32WBA55G-DK1, STM32WBA55HEF6, STM32WBA55HEF7, STM32WBA55HGF6, STM32WBA55HGF7, STM32WBA55UEI6, STM32WBA55UEI6TR, STM32WBA55UEI7, STM32WBA55UEI7TR, STM32WBA55UGI6, STM32WBA55UGI6TR, STM32WBA55UGI7, STM32WBA55UGI7TR, STM32WBA5MMGH6TR, STM32WBA62MGF6, STM32WBA62MIF6, STM32WBA65MGF7, STM32WBA65MIF6, STM32WBA65MIF7, STM32WL30K8V6, STM32WL30KBV6, STM32WL31C8V6, STM32WL31CBV6, STM32WL31K8V6, STM32WL31KBV6, STM32WL33C8V6, STM32WL33C8V6X, STM32WL33CBV6, STM32WL33CBV6X, STM32WL33CCV6, STM32WL33CCV6A, STM32WL33CCV6X, STM32WL33K8V7, STM32WL33K8V7X, STM32WL33KBV7 , STM32WL33KBV7X, STM32WL33KCV7, STM32WL33KCV7X, STM32WL5MOCH6, STM32WL5MOCH6TR]
2026-02-20 23:04:12,395 [INFO] DbMcus:218 - Found 4876 MCUs, 4876 are supported
2026-02-20 23:04:12,396 [INFO] ApiDb:423 - Load user favorites file C:\Users\Etienne/.stm32cubeide/favorites.mcus.txt: 0 item(s)
2026-02-20 23:04:12,397 [INFO] ApiDb:427 - User favorites MCUs=[]
2026-02-20 23:04:12,397 [INFO] DbMcus:224 - Set 0 / 0 favorites MCUs
2026-02-20 23:04:13,293 [INFO] ApiDb:668 - CubeFinder database Data Model version=2.1
2026-02-20 23:04:13,293 [INFO] ApiDb:669 - CubeFinder database Configuration version=3.0.39
2026-02-20 23:04:13,293 [INFO] ApiDb:670 - CubeFinder database generation date=2025-12-22 (1766407740)
2026-02-20 23:04:13,293 [INFO] ApiDb:671 - CubeFinder database FW Pack versions=[FP-ATR-ASTRA1_V2.0.0, FP-SNS-FLIGHT1_V5.1.0, FP-SNS-MOTENV1_V5.1.0, FP-SNS-MOTENVWB1_V1.4.0, FP-SNS-SMARTAG2_V1.2.0, FP-SNS-STBOX1_V2.1.0, STM32Cube_FW_C0_V1.4.0, STM32Cube_FW_F4_V1.28.3, STM32Cube_FW_F7_V1.17.4, STM32Cube_FW_G0_V1.6.2, STM32Cube_FW_G4_V1.6.1, STM32Cube_FW_H5_V1.5.1, STM32Cube_FW_H7RS_V1.3.0, STM32Cube_FW_H7_V1.12.1, STM32Cube_FW_L0_V1.12.2, STM32Cube_FW_L4_V1.18.1, STM32Cube_FW_L5_V1.6.0, STM32Cube_FW_N6_V1.3.0, STM32Cube_FW_U0_V1.3.0, STM32Cube_FW_U3_V1.2.1, STM32Cube_FW_U5_V1.8.0, STM32Cube_FW_WB0_V1.4.0, STM32Cube_FW_WBA_V1.8.0, STM32Cube_FW_WB_V1.24.0, STM32Cube_FW_WL3_V1.3.0, STM32Cube_FW_WL_V1.4.0, X-CUBE-ALGOBUILD_V1.4.0, X-CUBE-ALS_V1.0.2, X-CUBE-AZRTOS-F4_V1.1.0, X-CUBE-AZRTOS-F7_V1.1.0, X-CUBE-AZRTOS-G0_V1.1.0, X-CUBE-AZRTOS-G4_V2.0.0, X-CUBE-AZRTOS-H7RS_V1.1.0, X-CUBE-AZRTOS-H7_V3.4.0, X-CUBE-AZRTOS-L4_V2.0.0, X-CUBE-AZRTOS-L5_V2.0.0, X-CUBE-AZRTOS-WB_V2.0.0, X-CUBE-AZRTOS-WL_V2.0.0, X-CUBE-BLE1_V7.1.0, X-CUBE-BLE2_V3.3.0, X-CUBE-BLEMGR_V4.1.0, X-CUBE-EEPRMA1_V5.2.0, X-CUBE-FREERTOS_V1.3.1, X-CUBE-GNSS1_V6.0.0, X-CUBE-MEMS1_V12.0.0, X-CUBE-NFC4_V3.0.0, X-CUBE-NFC7_V2.0.0, X-CUBE-SFXS2LP1_V4.0.0, X-CUBE-ST67W61_V1.1.0, X-CUBE-SUBG2_V5.0.0, X-CUBE-TOF1_V3.4.3]
2026-02-20 23:04:13,374 [INFO] DbBoardsSqlite:226 - include board P-NUCLEO-WB55-NUCLEO as a kit item of type 'Nucleo-64'
2026-02-20 23:04:13,374 [INFO] DbBoardsSqlite:226 - include board P-NUCLEO-WB55-USBDONGLE as a kit item of type 'Nucleo USB Dongle'
2026-02-20 23:04:13,374 [INFO] DbBoardsSqlite:226 - include board STEVAL-IDP005V1 as a kit item of type 'Evaluation Board'
2026-02-20 23:04:13,375 [INFO] DbBoardsSqlite:226 - include board STEVAL-IDP005V2 as a kit item of type 'Evaluation Board'
2026-02-20 23:04:13,484 [INFO] ApiDb:240 - Found 880 in-development CPN: [B-G473E-ZEST1S, B-WB1M-WPAN1, B-WBA5M-WPAN, B-WL5M-SUBG1, NUCLEO-C031C6, NUCLEO-C051C8, NUCLEO-C071RB, NUCLEO-C092RC, NUCLEO-H503RB, NUCLEO-H533RE, NUCLEO-H563ZI, NUCLEO-H7S3L8, NUCLEO-N657X0-Q, NUCLEO-U031R8, NUCLEO-U083RC, NUCLEO-U385RG-Q, NUCLEO-U545RE-Q, NUCLEO-U5A5ZJ-Q, NUCLEO-WB05KZ, NUCLEO-WB07CC, NUCLEO-WB09KE, NUCLEO-WBA52CG, NUCLEO-WBA55CG, NUCLEO-WL33CC1, NUCLEO-WL33CC2, STEVAL-PROTEUS1, STEVAL-SMARTAG2, STEVAL-STWINBX1, STM320518-EVAL, STM32C0116-DK, STM32C011D6Y3TR, STM32C011D6Y6TR, STM32C011F4P3, STM32C011F4P6, STM32C011F4U3, STM32C011F4U6TR, STM32C011F6P3, STM32C011F6P6, STM32C011F6U3, STM32C011F6U6TR, STM32C011J4M3, STM32C011J4M6, STM32C011J6M3, STM32C011J6M6, STM32C0316-DK, STM32C031C4T3, STM32C031C4T6, STM32C031C4U3, STM32C031C4U6, STM32C031C6T3, STM32C031C6T6, STM32C031C6U3, STM32C031C6U6, STM32C031F4P3, STM32C031F4P6, STM32C031F6P3, STM32C031F6P6, STM32C031G4U3, STM32C031G4U6, STM32C031G6U3, STM32C031G6U6, STM32C031K4T3, STM32C031K4T6, STM32C031K4U3, STM32C031K4U6, STM32C031K6T3, STM32C031K6T6, STM32C031K6U3, STM32C031K6U6, STM32C051C6T6, STM32C051C6U6, STM32C051C8T6, STM32C051C8U6, STM32C051D8Y6TR, STM32C051F6P6, STM32C051F8P6, STM32C051G6U6, STM32C051G8U6, STM32C051K6T6, STM32C051K6U6, STM32C051K8T6, STM32C071C8T6, STM32C071C8T6N, STM32C071C8U6, STM32C071C8U6N, STM32C071CBT6, STM32C071CBT6N, STM32C071CBU6, STM32C071CBU6N, STM32C071F8P6, STM32C071F8P6N, STM32C071FBP6, STM32C071FBP6N, STM32C071FBY6TR, STM32C071G8U6, STM32C071G8U6N, STM32C071GBU6, STM32C071GBU6N, STM32C071K8T6, STM32C071K8T6N, STM32C071K8U6, STM32C071K8U6N, STM32C071KBT6, STM32C071KBT6N, STM32C071KBU6, STM32C071KBU6N, STM32C071R8T6, STM32C071R8T6N, STM32C071RBI6N, STM32C071RBT6, STM32C071RBT6N, STM32C091CBT6, STM32C091CBU6, STM32C091CCT6, STM32C091CCU6, STM32C091ECY6TR, STM32C091FBP6, STM32C091FCP6, STM32C091GBU6, STM32C091GCU6, STM32C091KBT6, STM32C091KBU6, STM32C091KCT6, STM32C091KCU6, STM32C091RBT6, STM32C091RCI6, STM32C091RCT6, STM32C092CBT6, STM32C092CBU6, STM32C092CCT6, STM32C092CCU6, STM32C092ECY6TR, STM32C092FBP6, STM32C092FCP6, STM32C092GBU6, STM32C092GCU6, STM32C092KBT6, STM32C092KBU6, STM32C092KCT6, STM32C092KCU6, STM32C092RBT6, STM32C092RCI6, STM32C092RCT6, STM32G071K8TXN, STM32G071K8UXN, STM32G081GBU6N, STM32G081KBT6N, STM32G081KBUXN, STM32G0B1CCT6N, STM32G0B1KCT6, STM32G0B1NEY6TR, STM32G0B1RCT6N, STM32G0C1CCT6, STM32G0C1CCT6N, STM32G0C1CCU6N, STM32G0C1CET6N, STM32G0C1CEU6N, STM32G0C1KCT6, STM32G0C1NEY6TR, STM32G0C1RCI6N, STM32G0C1RCT6N, STM32G0C1REI6N, STM32G0C1RET6N, STM32G0C1VCI6, STM32G0C1VEI6, STM32G411C6T3, STM32G411C6T6, STM32G411C6U3, STM32G411C6U6, STM32G411C8T3, STM32G411C8T6, STM32G411C8U3, STM32G411C8U6, STM32G411CBT3, STM32G411CBT6, STM32G411CBU3, STM32G411CBU6, STM32G411K6T3, STM32G411K6T6, STM32G411K6U3, STM32G411K6U6, STM32G411K8T3, STM32G411K8T6, STM32G411K8U3, STM32G411K8U6, STM32G411KBT3, STM32G411KBT6, STM32G411KBU3, STM32G411KBU6, STM32G411M6T3, STM32G411M6T6, STM32G411M8T3, STM32G411M8T6, STM32G411MBT3, STM32G411MBT6, STM32G411R6T3, STM32G411R6T6, STM32G411R8T3, STM32G411R8T6, STM32G411RBT3, STM32G411RBT6, STM32G414CBT3, STM32G414CBT6, STM32G414CBU3, STM32G414CBU6, STM32G414CCT3, STM32G414CCT6, STM32G414CCU3, STM32G414CCU6, STM32G414MBT3, STM32G414MBT6, STM32G414MCT3, STM32G414MCT6, STM32G414RBT3, STM32G414RBT6, STM32G414RCT3, STM32G414RCT6, STM32G414VBT3, STM32G414VBT6, STM32G414VCT3, STM32G414VCT6, STM32G431CBT3Z, STM32G431RBT3Z, STM32G471CCT6, STM32G471CCU6, STM32G471CET3, STM32G471CET6, STM32G471CEU3, STM32G471CEU6, STM32G471MCT6, STM32G471MET3, STM32G471MET6, STM32G471MEY6TR, STM32G471QCT6, STM32G471QET3, STM32G471RCT6, STM32G471RET3, STM32G471RET6, STM32G471VCH6, STM32G471VCI6, STM32G471VCT6, STM32G471VEH3, STM32G471VEH6, STM32G471VEI3, STM32G471VEI6, STM32G471VET3, STM32G471VET6, STM32G473QET3Z, STM32G473RET3Z, STM32G474CCT6, STM32G491RET3Z, STM32H503CBT6, STM32H503CBU6, STM32H503EBY6TR, STM32H503KBU6, STM32H503RBT6, STM32H523CCT6, STM32H523CCU6, STM32H523CET6, STM32H523CEU6, STM32H523HEY6TR, STM32H523RCT6, STM32H523RET6, STM32H523VCI6, STM32H523VCT6, STM32H523VEI6, STM32H523VET6, STM32H523ZCJ6, STM32H523ZCT6, STM32H523ZEJ6, STM32H523ZET6, STM32H533CET6, STM32H533CEU6, STM32H533HEY6TR, STM32H533RET6, STM32H533VEI6, STM32H533VET6, STM32H533ZEJ6, STM32H533ZET6, STM32H562AGI6, STM32H562AII6, STM32H562IGK6, STM32H562IGT6, STM32H562IIK6, STM32H562IIT6, STM32H562RGT6, STM32H562RGV6, STM32H562RIT6, STM32H562RIV6, STM32H562VGT6, STM32H562VIT6, STM32H562ZGT6, STM32H562ZIT6, STM32H563AGI6, STM32H563AII3Q, STM32H563AII6, STM32H563IGK6, STM32H563IGT6, STM32H563IIK3Q, STM32H563IIK6, STM32H563IIT3Q, STM32H563IIT6, STM32H563MIY3QTR, STM32H563RGT6, STM32H563RGV6, STM32H563RIT6, STM32H563RIV6, STM32H563VGT6, STM32H563VIT3Q, STM32H563VIT6, STM32H563ZGT6, STM32H563ZIT3Q, STM32H563ZIT6, STM32H573AII3Q, STM32H573AII6, STM32H573I-DK, STM32H573IIK3Q, STM32H573IIK6, STM32H573IIT3Q, STM32H573IIT6, STM32H573MIY3QTR, STM32H573RIT6, STM32H573RIV6, STM32H573VIT3Q, STM32H573VIT6, STM32H573ZIT3Q, STM32H573ZIT6, STM32H7R3A8I6, STM32H7R3I8K6, STM32H7R3I8T6, STM32H7R3L8H6, STM32H7R3L8H6H, STM32H7R3R8V6, STM32H7R3V8H6, STM32H7R3V8T6, STM32H7R3V8Y6TR, STM32H7R3Z8J6, STM32H7R3Z8T6, STM32H7R7A8I6, STM32H7R7I8K6, STM32H7R7I8T6, STM32H7R7L8H6, STM32H7R7L8H6H, STM32H7R7Z8J6, STM32H7S3A8I6, STM32H7S3I8K6, STM32H7S3I8T6, STM32H7S3L8H6, STM32H7S3L8H6H, STM32H7S3R8V6, STM32H7S3V8H6, STM32H7S3V8T6, STM32H7S3V8Y6TR, STM32H7S3Z8J6, STM32H7S3Z8T6, STM32H7S78-DK, STM32H7S7A8I6, STM32H7S7I8K6, STM32H7S7I8T6, STM32H7S7L8H6, STM32H7S7L8H6H, STM32H7S7Z8J6, STM32L4R5QGI6STR, STM32MP131AAE3, STM32MP131AAF3, STM32MP131AAG3, STM32MP131CAE3, STM32MP131CAF3, STM32MP131CAG3, STM32MP131DAE7, STM32MP131DAF7, STM32MP131DAG7, STM32MP131FAE7, STM32MP131FAF7, STM32MP131FAG7, STM32MP133AAE3, STM32MP133AAF3, STM32MP133AAG3, STM32MP133CAE3, STM32MP133CAF3, STM32MP133CAG3, STM32MP133DAE7, STM32MP133DAF7, STM32MP133DAG7, STM32MP133FAE7, STM32MP133FAF7, STM32MP133FAG7, STM32MP135AAE3, STM32MP135AAF3, STM32MP135AAG3, STM32MP135CAE3, STM32MP135CAF3, STM32MP135CAG3, STM32MP135DAE7, STM32MP135DAF7, STM32MP135DAG7, STM32MP135F-DK, STM32MP135FAE7, STM32MP135FAF7, STM32MP135FAF7T, STM32MP135FAF7U, STM32MP135FAG7, STM32MP211AAL3, STM32MP211AAM3, STM32MP211AAN3, STM32MP211AAO3, STM32MP211CAL3, STM32MP211CAM3, STM32MP211CAN3, STM32MP211CAO3, STM32MP211DAL3, STM32MP211DAM3, STM32MP211DAN3, STM32MP211DAO3, STM32MP211FAL3, STM32MP211FAM3, STM32MP211FAN3, STM32MP211FAO3, STM32MP213AAL3, STM32MP213AAM3, STM32MP213AAN3, STM32MP213AAO3, STM32MP213CAL3, STM32MP213CAM3, STM32MP213CAN3, STM32MP213CAO3, STM32MP213DAL3, STM32MP213DAM3, STM32MP213DAN3, STM32MP213DAO3, STM32MP213FAL3, STM32MP213FAM3, STM32MP213FAN3, STM32MP213FAO3, STM32MP215AAL3, STM32MP215AAM3, STM32MP215AAN3, STM32MP215AAO3, STM32MP215CAL3, STM32MP215CAM3, STM32MP215CAN3, STM32MP215CAO3, STM32MP215DAL3, STM32MP215DAM3, STM32MP215DAN3, STM32MP215DAO3, STM32MP215F-DK, STM32MP215FAL3, STM32MP215FAM3, STM32MP215FAN3, STM32MP215FAO3, STM32MP231AAJ3, STM32MP231AAK3, STM32MP231AAL3, STM32MP231CAJ3, STM32MP231CAK3, STM32MP231CAL3, STM32MP231DAJ3, STM32MP231DAK3, STM32MP231DAL3, STM32MP231FAJ3, STM32MP231FAK3, STM32MP231FAL3, STM32MP233AAJ3, STM32MP233AAK3, STM32MP233AAL3, STM32MP233CAJ3, STM32MP233CAK3, STM32MP233CAL3, STM32MP233DAJ3, STM32MP233DAK3, STM32MP233DAL3, STM32MP233FAJ3, STM32MP233FAK3, STM32MP233FAL3, STM32MP235AAJ3, STM32MP235AAK3, STM32MP235AAL3, STM32MP235CAJ3, STM32MP235CAK3, STM32MP235CAL3, STM32MP235DAJ3, STM32MP235DAK3, STM32MP235DAL3, STM32MP235FAJ3, STM32MP235FAK3, STM32MP235FAL3, STM32MP251AAI3, STM32MP251AAK3, STM32MP251AAL3, STM32MP251CAI3, STM32MP251CAK3, STM32MP251CAL3, STM32MP251DAI3, STM32MP251DAK3, STM32MP251DAL3, STM32MP251FAI3, STM32MP251FAK3, STM32MP251FAL3, STM32MP253AAI3, STM32MP253AAK3, STM32MP253AAL3, STM32MP253CAI3, STM32MP253CAK3, STM32MP253CAL3, STM32MP253DAI3, STM32MP253DAK3, STM32MP253DAL3, STM32MP253FAI3, STM32MP253FAK3, STM32MP253FAL3, STM32MP255AAI3, STM32MP255AAK3, STM32MP255AAL3, STM32MP255CAI3, STM32MP255CAK3, STM32MP255CAL3, STM32MP255DAI3, STM32MP255DAK3, STM32MP255DAL3, STM32MP255FAI3, STM32MP255FAK3, STM32MP255FAL3, STM32MP257AAI3, STM32MP257AAK3, STM32MP257AAL3, STM32MP257CAI3, STM32MP257CAK3, STM32MP257CAL3, STM32MP257DAI3, STM32MP257DAK3, STM32MP257DAL3, STM32MP257F-DK, STM32MP257F-EV1, STM32MP257FAI3, STM32MP257FAK3, STM32MP257FAL3, STM32N645A0H3Q, STM32N645B0H3Q, STM32N645I0H3Q, STM32N645L0H3Q, STM32N645X0H3Q, STM32N645Z0H3Q, STM32N647A0H3Q, STM32N647B0H3Q, STM32N647I0H3Q, STM32N647L0H3Q, STM32N647X0H3Q, STM32N647Z0H3Q, STM32N655A0H3Q, STM32N655B0H3Q, STM32N655I0H3Q, STM32N655L0H3Q, STM32N655X0H3Q, STM32N655Z0H3Q, STM32N6570-DK, STM32N657A0H3Q, STM32N657B0H3Q, STM32N657I0H3Q, STM32N657L0H3Q, STM32N657X0H3Q, STM32N657Z0H3Q, STM32U031C6T6, STM32U031C6U6, STM32U031C8T6, STM32U031C8U6, STM32U031F4P6, STM32U031F6P6, STM32U031F8P6, STM32U031G6Y6TR, STM32U031G8Y6TR, STM32U031K4U6, STM32U031K6U6, STM32U031K8U6, STM32U031R6I6, STM32U031R6T6, STM32U031R8I6, STM32U031R8T6, STM32U073C8T6, STM32U073C8U6, STM32U073CBT6, STM32U073CBU6, STM32U073CCT6, STM32U073CCU6, STM32U073H8Y6TR, STM32U073HBY6TR, STM32U073HCY6TR, STM32U073K8U6, STM32U073KBU6, STM32U073KCU6, STM32U073M8I6, STM32U073M8T6, STM32U073MBI6, STM32U073MBT6, STM32U073MCI6, STM32U073MCT6, STM32U073R8I6, STM32U073R8T6, STM32U073RBI6, STM32U073RBT6, STM32U073RCI6, STM32U073RCT6, STM32U083C-DK, STM32U083CCT6, STM32U083CCU6, STM32U083HCY6TR, STM32U083KCU6, STM32U083MCI6, STM32U083MCT6, STM32U083RCI6, STM32U083RCT6, STM32U375CET6, STM32U375CET6Q, STM32U375CEU6, STM32U375CEU6Q, STM32U375CEY6QTR, STM32U375CGT6, STM32U375CGT6Q, STM32U375CGU6, STM32U375CGU6Q, STM32U375CGY6QTR, STM32U375KEU6, STM32U375KGU6, STM32U375REI6, STM32U375REI6Q, STM32U375RET6, STM32U375RET6Q, STM32U375REY6GTR, STM32U375REY6QTR, STM32U375RGI6, STM32U375RGI6Q, STM32U375RGT6, STM32U375RGT6Q, STM32U375RGY6GTR, STM32U375RGY6QTR, STM32U375VEI6, STM32U375VEI6Q, STM32U375VET6, STM32U375VET6Q, STM32U375VGI6, STM32U375VGI6Q, STM32U375VGT6, STM32U375VGT6Q, STM32U385CGT6, STM32U385CGT6Q, STM32U385CGU6, STM32U385CGU6Q, STM32U385CGY6QTR, STM32U385KGU6, STM32U385RGI6, STM32U385RGI6Q, STM32U385RGT6, STM32U385RGT6Q, STM32U385RGY6GTR, STM32U385RGY6QTR, STM32U385VGI6, STM32U385VGI6Q, STM32U385VGT6, STM32U385VGT6Q, STM32U535CBT6, STM32U535CBT6Q, STM32U535CBU6, STM32U535CBU6Q, STM32U535CCT6, STM32U535CCT6Q, STM32U535CCU6, STM32U535CCU6Q, STM32U535CET6, STM32U535CET6Q, STM32U535CEU6, STM32U535CEU6Q, STM32U535JEY6QTR, STM32U535NCY6QTR, STM32U535NEY6QTR, STM32U535RBI6, STM32U535RBI6Q, STM32U535RBT6, STM32U535RBT6Q, STM32U535RCI6, STM32U535RCI6Q, STM32U535RCT6, STM32U535RCT6Q, STM32U535REI6, STM32U535REI6Q, STM32U535RET6, STM32U535RET6Q, STM32U535VCI6, STM32U535VCI6Q, STM32U535VCT6, STM32U535VCT6Q, STM32U535VEI6, STM32U535VEI6Q, STM32U535VET6, STM32U535VET6Q, STM32U545CET6, STM32U545CET6Q, STM32U545CEU6, STM32U545CEU6Q, STM32U545JEY6QTR, STM32U545NEY6QTR, STM32U545REI6, STM32U545REI6Q, STM32U545RET6, STM32U545RET6Q, STM32U545VEI6, STM32U545VEI6Q, STM32U545VET6, STM32U545VET6Q, STM32U595AIH6, STM32U595AIH6Q, STM32U595AJH6, STM32U595AJH6Q, STM32U595QII6, STM32U595QII6Q, STM32U595QJI6, STM32U595QJI6Q, STM32U595RIT6, STM32U595RIT6Q, STM32U595RJT6, STM32U595RJT6Q, STM32U595VIT6, STM32U595VIT6Q, STM32U595VJT6, STM32U595VJT6Q, STM32U595ZIT6, STM32U595ZIT6Q, STM32U595ZIY6QTR, STM32U595ZJT6, STM32U595ZJT6Q, STM32U595ZJY6QTR, STM32U599BJY6QTR, STM32U599NIH6Q, STM32U599NJH6Q, STM32U599VIT6Q, STM32U599VJT6, STM32U599VJT6Q, STM32U599ZIT6Q, STM32U599ZIY6QTR, STM32U599ZJT6Q, STM32U599ZJY6QTR, STM32U5A5AJH6, STM32U5A5AJH6Q, STM32U5A5QII3Q , STM32U5A5QJI6, STM32U5A5QJI6Q, STM32U5A5RJT6, STM32U5A5RJT6Q, STM32U5A5VJT6, STM32U5A5VJT6Q, STM32U5A5ZJT6, STM32U5A5ZJT6Q, STM32U5A5ZJY6QTR, STM32U5A9BJY6QTR, STM32U5A9J-DK, STM32U5A9NJH6Q, STM32U5A9VJT6Q, STM32U5A9ZJT6Q, STM32U5A9ZJY6QTR, STM32U5F7VIT6, STM32U5F7VIT6Q, STM32U5F7VJT6, STM32U5F7VJT6Q, STM32U5F9BJY6QTR, STM32U5F9NJH6Q, STM32U5F9VIT6Q, STM32U5F9VJT6Q, STM32U5F9ZIJ6QTR, STM32U5F9ZIT6Q, STM32U5F9ZJJ6QTR, STM32U5F9ZJT6Q, STM32U5G7VJT6, STM32U5G7VJT6Q, STM32U5G9BJY6QTR, STM32U5G9J-DK1, STM32U5G9J-DK2, STM32U5G9NJH6Q, STM32U5G9VJT6Q, STM32U5G9ZJJ6QTR, STM32U5G9ZJT6Q, STM32WB05KZV6TR, STM32WB05KZV7TR, STM32WB05TZF6TR, STM32WB05TZF7TR, STM32WB06CCF6TR, STM32WB06CCF7TR, STM32WB06CCV6TR, STM32WB06CCV7TR, STM32WB06KCV6TR, STM32WB06KCV7TR, STM32WB07CCF6TR, STM32WB07CCF7TR, STM32WB07CCV6TR, STM32WB07CCV7TR, STM32WB07KCV6TR, STM32WB07KCV7TR, STM32WB09KEV6TR, STM32WB09KEV7TR, STM32WB09TEF6TR, STM32WB09TEF7TR, STM32WB1MMCH6, STM32WBA50KGU6, STM32WBA50KGU6TR, STM32WBA52CEU6, STM32WBA52CEU6TR, STM32WBA52CEU7, STM32WBA52CEU7TR, STM32WBA52CGU6, STM32WBA52CGU6TR, STM32WBA52CGU6U, STM32WBA52CGU7, STM32WBA52CGU7TR, STM32WBA52KEU6, STM32WBA52KEU6TR, STM32WBA52KGU6, STM32WBA52KGU6TR, STM32WBA54CEU6, STM32WBA54CEU6TR, STM32WBA54CEU7, STM32WBA54CEU7TR, STM32WBA54CGU6, STM32WBA54CGU6TR, STM32WBA54CGU7, STM32WBA54CGU7TR, STM32WBA54KEU6, STM32WBA54KEU6TR, STM32WBA54KEU7, STM32WBA54KEU7TR, STM32WBA54KGU6, STM32WBA54KGU6TR, STM32WBA54KGU7, STM32WBA54KGU7TR, STM32WBA55CEU6, STM32WBA55CEU6TR, STM32WBA55CEU7, STM32WBA55CEU7TR, STM32WBA55CGU6, STM32WBA55CGU6TR, STM32WBA55CGU6U, STM32WBA55CGU7, STM32WBA55CGU7TR, STM32WBA55G-DK1, STM32WBA55HEF6, STM32WBA55HEF7, STM32WBA55HGF6, STM32WBA55HGF7, STM32WBA55UEI6, STM32WBA55UEI6TR, STM32WBA55UEI7, STM32WBA55UEI7TR, STM32WBA55UGI6, STM32WBA55UGI6TR, STM32WBA55UGI7, STM32WBA55UGI7TR, STM32WBA5MMGH6TR, STM32WBA62MGF6, STM32WBA62MIF6, STM32WBA65MGF7, STM32WBA65MIF6, STM32WBA65MIF7, STM32WL30K8V6, STM32WL30KBV6, STM32WL31C8V6, STM32WL31CBV6, STM32WL31K8V6, STM32WL31KBV6, STM32WL33C8V6, STM32WL33C8V6X, STM32WL33CBV6, STM32WL33CBV6X, STM32WL33CCV6, STM32WL33CCV6A, STM32WL33CCV6X, STM32WL33K8V7, STM32WL33K8V7X, STM32WL33KBV7 , STM32WL33KBV7X, STM32WL33KCV7, STM32WL33KCV7X, STM32WL5MOCH6, STM32WL5MOCH6TR]
2026-02-20 23:04:13,960 [INFO] BoardInfo:889 - No configuration file found for board P-NUCLEO-WB55
2026-02-20 23:04:13,963 [INFO] DbBoards:161 - Kit is not supported: P-NUCLEO-WB55
2026-02-20 23:04:13,976 [INFO] BoardInfo:889 - No configuration file found for board STEVAL-BFA001V1B
2026-02-20 23:04:13,978 [INFO] DbBoards:161 - Kit is not supported: STEVAL-BFA001V1B
2026-02-20 23:04:13,980 [INFO] BoardInfo:889 - No configuration file found for board STEVAL-BFA001V2B
2026-02-20 23:04:13,982 [INFO] DbBoards:161 - Kit is not supported: STEVAL-BFA001V2B
2026-02-20 23:04:14,469 [INFO] DbBoards:168 - Found 212 boards, 209 are supported
2026-02-20 23:04:14,470 [INFO] DbBoards:169 - Found 212 boards, 43 of them is supported for  Bsp
2026-02-20 23:04:14,474 [INFO] ApiDb:423 - Load user favorites file C:\Users\Etienne/.stm32cubeide/favorites.boards.txt: 0 item(s)
2026-02-20 23:04:14,474 [INFO] ApiDb:427 - User favorites Boards=[]
2026-02-20 23:04:14,474 [INFO] DbBoards:198 - Set 0 / 0 favorites Boards
2026-02-20 23:04:14,479 [INFO] ApiDb:668 - CubeFinder database Data Model version=2.1
2026-02-20 23:04:14,479 [INFO] ApiDb:669 - CubeFinder database Configuration version=3.0.39
2026-02-20 23:04:14,479 [INFO] ApiDb:670 - CubeFinder database generation date=2025-12-22 (1766407740)
2026-02-20 23:04:14,479 [INFO] ApiDb:671 - CubeFinder database FW Pack versions=[FP-ATR-ASTRA1_V2.0.0, FP-SNS-FLIGHT1_V5.1.0, FP-SNS-MOTENV1_V5.1.0, FP-SNS-MOTENVWB1_V1.4.0, FP-SNS-SMARTAG2_V1.2.0, FP-SNS-STBOX1_V2.1.0, STM32Cube_FW_C0_V1.4.0, STM32Cube_FW_F4_V1.28.3, STM32Cube_FW_F7_V1.17.4, STM32Cube_FW_G0_V1.6.2, STM32Cube_FW_G4_V1.6.1, STM32Cube_FW_H5_V1.5.1, STM32Cube_FW_H7RS_V1.3.0, STM32Cube_FW_H7_V1.12.1, STM32Cube_FW_L0_V1.12.2, STM32Cube_FW_L4_V1.18.1, STM32Cube_FW_L5_V1.6.0, STM32Cube_FW_N6_V1.3.0, STM32Cube_FW_U0_V1.3.0, STM32Cube_FW_U3_V1.2.1, STM32Cube_FW_U5_V1.8.0, STM32Cube_FW_WB0_V1.4.0, STM32Cube_FW_WBA_V1.8.0, STM32Cube_FW_WB_V1.24.0, STM32Cube_FW_WL3_V1.3.0, STM32Cube_FW_WL_V1.4.0, X-CUBE-ALGOBUILD_V1.4.0, X-CUBE-ALS_V1.0.2, X-CUBE-AZRTOS-F4_V1.1.0, X-CUBE-AZRTOS-F7_V1.1.0, X-CUBE-AZRTOS-G0_V1.1.0, X-CUBE-AZRTOS-G4_V2.0.0, X-CUBE-AZRTOS-H7RS_V1.1.0, X-CUBE-AZRTOS-H7_V3.4.0, X-CUBE-AZRTOS-L4_V2.0.0, X-CUBE-AZRTOS-L5_V2.0.0, X-CUBE-AZRTOS-WB_V2.0.0, X-CUBE-AZRTOS-WL_V2.0.0, X-CUBE-BLE1_V7.1.0, X-CUBE-BLE2_V3.3.0, X-CUBE-BLEMGR_V4.1.0, X-CUBE-EEPRMA1_V5.2.0, X-CUBE-FREERTOS_V1.3.1, X-CUBE-GNSS1_V6.0.0, X-CUBE-MEMS1_V12.0.0, X-CUBE-NFC4_V3.0.0, X-CUBE-NFC7_V2.0.0, X-CUBE-SFXS2LP1_V4.0.0, X-CUBE-ST67W61_V1.1.0, X-CUBE-SUBG2_V5.0.0, X-CUBE-TOF1_V3.4.3]
2026-02-20 23:04:15,607 [ERROR] DbExamplesSqlite:437 - Missing JSON key: board_cpn
2026-02-20 23:04:15,607 [ERROR] DbExamplesSqlite:437 - Missing JSON key: board_cpn
2026-02-20 23:04:15,607 [ERROR] DbExamplesSqlite:437 - Missing JSON key: board_cpn
2026-02-20 23:04:15,608 [ERROR] DbExamplesSqlite:437 - Missing JSON key: board_cpn
2026-02-20 23:04:16,082 [ERROR] DbExamplesSqlite:437 - Missing JSON key: board_cpn
2026-02-20 23:04:16,082 [ERROR] DbExamplesSqlite:437 - Missing JSON key: board_cpn
2026-02-20 23:04:16,102 [INFO] DbExamplesSqlite:395 - Ignored 42 examples not supported by CubeIDE
2026-02-20 23:04:16,102 [INFO] DbExamplesSqlite:396 - Found 10819 examples active
2026-02-20 23:04:16,103 [INFO] DbExamplesSqlite:397 - Found 0 examples obsolete
2026-02-20 23:04:16,104 [INFO] DbExamplesSqlite:398 - Found 0 examples under development
2026-02-20 23:04:16,104 [INFO] DbExamplesSqlite:399 - Found 85 examples not building
2026-02-20 23:04:16,107 [INFO] DbExamples:125 - Found 10862 examples
2026-02-20 23:04:16,200 [ERROR] DbExamples:208 - Found 73 examples with invalid data (board or MCU)
2026-02-20 23:04:16,201 [INFO] DbExamples:222 - Found 134 boards with related examples
2026-02-20 23:04:16,203 [INFO] DbExamples:235 - Found 111 MCUs with related examples
2026-02-20 23:04:16,246 [INFO] ApiDb:414 - User favorites file not found: C:\Users\Etienne/.stm32cubeide/favorites.examples.txt
2026-02-20 23:04:16,246 [INFO] DbExamples:250 - Set 0 / 0 favorites Examples
2026-02-20 23:04:16,556 [INFO] McuFinderGlobals:76 - Set McuFinderConnectedMode to true
2026-02-20 23:04:16,571 [INFO] MultiScanPanel:200 - Auto-refresh data requested => check proxy status ongoing
2026-02-20 23:04:16,581 [INFO] FinderPluginLoader:96 - Searching for filters in installed packs
2026-02-20 23:04:18,972 [INFO] LoadUrlFilesThread:185 - End of LoadServerUrlFiles without Thread
2026-02-20 23:04:18,992 [INFO] DetailPanel:341 - Set advertising image to C:/Users/Etienne/STM32Cube/Repository/\en.prom-stm32cubeaistudio-0226.png
2026-02-20 23:05:19,246 [INFO] MultiScanPanel:200 - Auto-refresh data requested => check proxy status ongoing
2026-02-20 23:05:19,400 [INFO] LoadUrlFilesThread:185 - End of LoadServerUrlFiles without Thread
2026-02-20 23:05:19,400 [INFO] DetailPanel:341 - Set advertising image to C:/Users/Etienne/STM32Cube/Repository/\en.prom-stm32cubeaistudio-0226.png
2026-02-20 23:05:19,416 [INFO] DbBoards:642 - Loading board mini-images...
2026-02-20 23:05:23,507 [ERROR] DbBoards:659 - Image file not found for board STM32MP215F-DK: C:\Users\Etienne\.stmcufinder\plugins\mcufinder//mcu//boards_images/STM32MP215F-DK.jpg
2026-02-20 23:05:23,695 [INFO] DbBoards:665 - Loaded 211 board mini-images
2026-02-20 23:09:57,623 [INFO] MainUpdater:2872 - connection check result : 10
2026-02-20 23:09:57,623 [INFO] MainUpdater:2872 - connection check result : 10
2026-02-20 23:09:57,661 [INFO] MicroXplorer:468 - Change Database Path : 
2026-02-20 23:09:57,662 [INFO] MicroXplorer:498 - Change Database Version : DB.6.0.150
2026-02-20 23:09:57,672 [WARN] ThirdParty:871 - waiting for thirdparty lock release [close project]
2026-02-20 23:09:57,672 [INFO] ThirdParty:873 - entering critical section [close project]
2026-02-20 23:09:57,674 [INFO] ThirdParty:883 - exiting critical section [close project]
2026-02-20 23:09:57,682 [INFO] PinOutPanel:1589 - setPackage(No Configuration,No Configuration)
2026-02-20 23:09:57,685 [INFO] UtilMem:75 - Begin LoadConfig() Used Memory: 931916216 Bytes (1073741824)
2026-02-20 23:09:57,691 [INFO] MicroXplorer:468 - Change Database Path : 
2026-02-20 23:09:57,691 [INFO] MicroXplorer:498 - Change Database Version : DB.6.0.150
2026-02-20 23:09:57,692 [INFO] OpenFileManager:355 - Change cursor
2026-02-20 23:09:57,867 [INFO] Mcu:2029 - Initializing MCU STM32F429VITx STM32F429VITx STM32F429VIT6
2026-02-20 23:10:01,298 [INFO] Context:786 - Trying to add GPIOservice into a context  which must be forbidden
2026-02-20 23:10:02,416 [INFO] ImportTextPane:234 - (OptionalMessage_ERROR) Unable to find key (Mcu.ThirdPartyNb) in loaded IOC file
2026-02-20 23:10:02,416 [INFO] ImportTextPane:234 - (OptionalMessage_ERROR) Unable to find key (Mcu.PinsNb) in loaded IOC file
2026-02-20 23:10:02,419 [INFO] ImportTextPane:234 - (OptionalMessage_ERROR) Pin0 (VP_RIF_VS_RIF1) cannot be retrieved for this MCU
2026-02-20 23:10:02,420 [INFO] ImportTextPane:234 - (OptionalMessage_ERROR) Unable to find key (Mcu.IPNb) in loaded IOC file
2026-02-20 23:10:02,930 [INFO] RtosManager:558 - Registered RTOS mode: class=CMSIS, group=RTOS, mode=CMSIS_V1, owner=FREERTOS
2026-02-20 23:10:02,931 [INFO] RtosManager:558 - Registered RTOS mode: class=CMSIS, group=RTOS2, mode=CMSIS_V2, owner=FREERTOS
2026-02-20 23:10:02,931 [INFO] RtosManager:558 - Registered RTOS mode: class=RTOS, group=Core, mode=CMSIS_V1, owner=FREERTOS
2026-02-20 23:10:02,931 [INFO] RtosManager:558 - Registered RTOS mode: class=RTOS, group=Core, mode=CMSIS_V2, owner=FREERTOS
2026-02-20 23:10:02,932 [WARN] ModelIntegratedComponent:184 - Missing modes for component STMicroelectronics:FreeRTOS:0.0.1:STMicroelectronics:RTOS:FreeRTOS:Core:::10.2.0:
2026-02-20 23:10:02,943 [WARN] ModelIntegratedComponent:63 - No mode defined for component null
2026-02-20 23:10:02,943 [WARN] ModelIntegratedComponent:63 - No mode defined for component null
2026-02-20 23:10:02,944 [WARN] ModelIntegratedComponent:63 - No mode defined for component null
2026-02-20 23:10:02,944 [WARN] ModelIntegratedComponent:63 - No mode defined for component null
2026-02-20 23:10:02,944 [WARN] ModelIntegratedComponent:63 - No mode defined for component null
2026-02-20 23:10:02,944 [WARN] ModelIntegratedComponent:63 - No mode defined for component null
2026-02-20 23:10:02,944 [WARN] ModelIntegratedComponent:63 - No mode defined for component null
2026-02-20 23:10:02,944 [WARN] ModelIntegratedComponent:63 - No mode defined for component null
2026-02-20 23:10:02,944 [WARN] ModelIntegratedComponent:63 - No mode defined for component null
2026-02-20 23:10:02,944 [WARN] ModelIntegratedComponent:63 - No mode defined for component null
2026-02-20 23:10:02,945 [WARN] ModelIntegratedComponent:63 - No mode defined for component null
2026-02-20 23:10:02,945 [WARN] ModelIntegratedComponent:63 - No mode defined for component null
2026-02-20 23:10:02,945 [WARN] ModelIntegratedComponent:63 - No mode defined for component null
2026-02-20 23:10:02,945 [WARN] ModelIntegratedComponent:63 - No mode defined for component null
2026-02-20 23:10:02,945 [WARN] ModelIntegratedComponent:63 - No mode defined for component null
2026-02-20 23:10:02,945 [WARN] ModelIntegratedComponent:63 - No mode defined for component null
2026-02-20 23:10:02,945 [WARN] ModelIntegratedComponent:63 - No mode defined for component null
2026-02-20 23:10:02,946 [WARN] ModelIntegratedComponent:63 - No mode defined for component null
2026-02-20 23:10:02,946 [WARN] ModelIntegratedComponent:63 - No mode defined for component null
2026-02-20 23:10:02,946 [WARN] ModelIntegratedComponent:63 - No mode defined for component null
2026-02-20 23:10:02,947 [WARN] ModelIntegratedComponent:63 - No mode defined for component null
2026-02-20 23:10:02,947 [WARN] ModelIntegratedComponent:63 - No mode defined for component null
2026-02-20 23:10:02,947 [WARN] ModelIntegratedComponent:63 - No mode defined for component null
2026-02-20 23:10:02,947 [WARN] ModelIntegratedComponent:63 - No mode defined for component null
2026-02-20 23:10:02,947 [WARN] ModelIntegratedComponent:63 - No mode defined for component null
2026-02-20 23:10:02,948 [WARN] ModelIntegratedComponent:63 - No mode defined for component null
2026-02-20 23:10:02,948 [WARN] ModelIntegratedComponent:63 - No mode defined for component null
2026-02-20 23:10:02,948 [WARN] ModelIntegratedComponent:63 - No mode defined for component null
2026-02-20 23:10:02,948 [WARN] ModelIntegratedComponent:63 - No mode defined for component null
2026-02-20 23:10:02,948 [WARN] ModelIntegratedComponent:63 - No mode defined for component null
2026-02-20 23:10:02,949 [WARN] ModelIntegratedComponent:63 - No mode defined for component null
2026-02-20 23:10:02,949 [WARN] ModelIntegratedComponent:63 - No mode defined for component null
2026-02-20 23:10:02,949 [WARN] ModelIntegratedComponent:63 - No mode defined for component null
2026-02-20 23:10:02,949 [WARN] ModelIntegratedComponent:63 - No mode defined for component null
2026-02-20 23:10:02,949 [WARN] ModelIntegratedComponent:63 - No mode defined for component null
2026-02-20 23:10:02,949 [WARN] ModelPack:524 - Component already loaded: STMicroelectronics:HAL Drivers:0.0.0:STMicroelectronics:Device:STMicro_Driver:XSPI:HAL::0.0.1:HAL_XSPI
2026-02-20 23:10:03,780 [INFO] ThirdPartyModel:298 - Start build external matchings
2026-02-20 23:10:08,717 [INFO] ThirdPartyModel:316 - End build external matchings
2026-02-20 23:10:09,355 [INFO] UtilMem:75 - End LoadConfig() Used Memory: 951995456 Bytes (1073741824)
2026-02-20 23:10:09,411 [WARN] ThirdParty:833 - waiting for thirdparty lock release [change project]
2026-02-20 23:10:09,412 [INFO] ThirdParty:835 - entering critical section [change project]
2026-02-20 23:10:09,413 [INFO] ThirdParty:1030 - CMSIS Pack Vendor :STMicroelectronics X-CUBE-PM33A1 1.0.0
2026-02-20 23:10:09,413 [INFO] ThirdParty:1030 - CMSIS Pack Vendor :STMicroelectronics USBPD 4.1
2026-02-20 23:10:09,413 [INFO] ThirdParty:1030 - CMSIS Pack Vendor :STMicroelectronics X-CUBE-GNSS1 6.0.0
2026-02-20 23:10:09,414 [INFO] ThirdParty:1030 - CMSIS Pack Vendor :STMicroelectronics USB_HOST 2.0.0
2026-02-20 23:10:09,414 [INFO] ThirdParty:1030 - CMSIS Pack Vendor :STMicroelectronics FP-SNS-MOTENVWB1 1.4.0
2026-02-20 23:10:09,414 [INFO] ThirdParty:1030 - CMSIS Pack Vendor :STMicroelectronics X-CUBE-AZRTOS-F4 1.1.0
2026-02-20 23:10:09,414 [INFO] ThirdParty:1030 - CMSIS Pack Vendor :STMicroelectronics LIBJPEG 8.0.0
2026-02-20 23:10:09,415 [INFO] ThirdParty:1030 - CMSIS Pack Vendor :STMicroelectronics FP-ATR-ASTRA1 2.0.2
2026-02-20 23:10:09,415 [INFO] ThirdParty:1030 - CMSIS Pack Vendor :STMicroelectronics FP-ATR-ASTRA1 2.0.1
2026-02-20 23:10:09,415 [INFO] ThirdParty:1030 - CMSIS Pack Vendor :STMicroelectronics X-CUBE-SMBUS 2.1.0
2026-02-20 23:10:09,415 [INFO] ThirdParty:1030 - CMSIS Pack Vendor :STMicroelectronics X-CUBE-WB05N 1.1.0
2026-02-20 23:10:09,415 [INFO] ThirdParty:1030 - CMSIS Pack Vendor :STMicroelectronics X-CUBE-ISPU 2.1.0
2026-02-20 23:10:09,415 [INFO] ThirdParty:1030 - CMSIS Pack Vendor :STMicroelectronics X-CUBE-IPS 3.2.0
2026-02-20 23:10:09,416 [INFO] ThirdParty:1030 - CMSIS Pack Vendor :STMicroelectronics X-CUBE-FREERTOS 1.2.0
2026-02-20 23:10:09,416 [INFO] ThirdParty:1030 - CMSIS Pack Vendor :wolfSSL I-CUBE-wolfSSL 5.6.6
2026-02-20 23:10:09,416 [INFO] ThirdParty:1030 - CMSIS Pack Vendor :STMicroelectronics X-CUBE-ST60 1.0.0
2026-02-20 23:10:09,416 [INFO] ThirdParty:1030 - CMSIS Pack Vendor :STMicroelectronics X-CUBE-TOUCHGFX 4.23.0
2026-02-20 23:10:09,416 [INFO] ThirdParty:1030 - CMSIS Pack Vendor :STMicroelectronics X-CUBE-NFC12 1.0.0
2026-02-20 23:10:09,416 [INFO] ThirdParty:1030 - CMSIS Pack Vendor :STMicroelectronics X-CUBE-AZRTOS-F7 1.1.0
2026-02-20 23:10:09,416 [INFO] ThirdParty:1030 - CMSIS Pack Vendor :STMicroelectronics X-CUBE-AZRTOS-L5 2.0.0
2026-02-20 23:10:09,416 [INFO] ThirdParty:1030 - CMSIS Pack Vendor :STMicroelectronics USB_DEVICE 2.0.0
2026-02-20 23:10:09,416 [INFO] ThirdParty:1030 - CMSIS Pack Vendor :STMicroelectronics X-CUBE-NFC6 3.1.0
2026-02-20 23:10:09,416 [INFO] ThirdParty:1030 - CMSIS Pack Vendor :ITTIA_DB I-CUBE-ITTIADB 8.8.0
2026-02-20 23:10:09,416 [INFO] ThirdParty:1030 - CMSIS Pack Vendor :STMicroelectronics FP-SNS-MOTENV1 4.3.2
2026-02-20 23:10:09,417 [INFO] ThirdParty:1030 - CMSIS Pack Vendor :STMicroelectronics X-CUBE-MEMS1 11.0.0
2026-02-20 23:10:09,417 [INFO] ThirdParty:1030 - CMSIS Pack Vendor :STMicroelectronics FP-SNS-MOTENV1 5.1.0
2026-02-20 23:10:09,417 [INFO] ThirdParty:1030 - CMSIS Pack Vendor :STMicroelectronics FreeRTOS 0.0.1
2026-02-20 23:10:09,417 [INFO] ThirdParty:1030 - CMSIS Pack Vendor :STMicroelectronics X-CUBE-DPower 1.2.0
2026-02-20 23:10:09,417 [INFO] ThirdParty:1030 - CMSIS Pack Vendor :STMicroelectronics FP-SNS-FLIGHT1 5.0.2
2026-02-20 23:10:09,417 [INFO] ThirdParty:1030 - CMSIS Pack Vendor :STMicroelectronics PDM2PCM 3.3.0
2026-02-20 23:10:09,417 [INFO] ThirdParty:1030 - CMSIS Pack Vendor :STMicroelectronics X-CUBE-AZRTOS-H7 3.4.0
2026-02-20 23:10:09,417 [INFO] ThirdParty:1030 - CMSIS Pack Vendor :STMicroelectronics X-CUBE-DISPLAY 3.0.0
2026-02-20 23:10:09,418 [INFO] ThirdParty:1030 - CMSIS Pack Vendor :STMicroelectronics FP-SNS-MOTENVWB1 1.5.0
2026-02-20 23:10:09,418 [INFO] ThirdParty:1030 - CMSIS Pack Vendor :STMicroelectronics X-CUBE-BLE1 7.0.0
2026-02-20 23:10:09,418 [INFO] ThirdParty:1030 - CMSIS Pack Vendor :STMicroelectronics X-CUBE-NFC10 1.0.0
2026-02-20 23:10:09,418 [INFO] ThirdParty:1030 - CMSIS Pack Vendor :STMicroelectronics X-CUBE-FREERTOS 1.3.1
2026-02-20 23:10:09,418 [INFO] ThirdParty:1030 - CMSIS Pack Vendor :STMicroelectronics HAL Drivers 0.0.0
2026-02-20 23:10:09,418 [INFO] ThirdParty:1030 - CMSIS Pack Vendor :STMicroelectronics X-CUBE-ST60 1.1.0
2026-02-20 23:10:09,418 [INFO] ThirdParty:1030 - CMSIS Pack Vendor :emotas I-CUBE-CANOPEN 1.3.0
2026-02-20 23:10:09,418 [INFO] ThirdParty:1030 - CMSIS Pack Vendor :STMicroelectronics X-CUBE-NFC7 1.0.1
2026-02-20 23:10:09,419 [INFO] ThirdParty:1030 - CMSIS Pack Vendor :STMicroelectronics MBEDTLS 2.14.1
2026-02-20 23:10:09,419 [INFO] ThirdParty:1030 - CMSIS Pack Vendor :STMicroelectronics X-CUBE-GNSS1 7.1.0
2026-02-20 23:10:09,419 [INFO] ThirdParty:1030 - CMSIS Pack Vendor :STMicroelectronics X-CUBE-TOUCHGFX 4.26.0
2026-02-20 23:10:09,419 [INFO] ThirdParty:1030 - CMSIS Pack Vendor :STMicroelectronics X-CUBE-NFC6 3.0.0
2026-02-20 23:10:09,419 [INFO] ThirdParty:1030 - CMSIS Pack Vendor :STMicroelectronics X-CUBE-BLEMGR 3.1.0
2026-02-20 23:10:09,419 [INFO] ThirdParty:1030 - CMSIS Pack Vendor :STMicroelectronics FP-SNS-STBOX1 2.1.0
2026-02-20 23:10:09,419 [INFO] ThirdParty:1030 - CMSIS Pack Vendor :STMicroelectronics FP-SNS-STAIOTCFT 1.0.0
2026-02-20 23:10:09,419 [INFO] ThirdParty:1030 - CMSIS Pack Vendor :STMicroelectronics FP-SNS-SMARTAG2 1.2.0
2026-02-20 23:10:09,420 [INFO] ThirdParty:1030 - CMSIS Pack Vendor :STMicroelectronics FP-SNS-FLIGHT1 5.1.0
2026-02-20 23:10:09,420 [INFO] ThirdParty:1030 - CMSIS Pack Vendor :STMicroelectronics X-CUBE-AZRTOS-WL 2.0.0
2026-02-20 23:10:09,420 [INFO] ThirdParty:1030 - CMSIS Pack Vendor :STMicroelectronics X-CUBE-DPower 1.3.0
2026-02-20 23:10:09,420 [INFO] ThirdParty:1030 - CMSIS Pack Vendor :STMicroelectronics FP-SNS-MOTENV1 5.0.0
2026-02-20 23:10:09,420 [INFO] ThirdParty:1030 - CMSIS Pack Vendor :STMicroelectronics USB_DEVICE 1.0.0
2026-02-20 23:10:09,420 [INFO] ThirdParty:1030 - CMSIS Pack Vendor :STMicroelectronics X-CUBE-AZRTOS-H7RS 1.2.0
2026-02-20 23:10:09,420 [INFO] ThirdParty:1030 - CMSIS Pack Vendor :STMicroelectronics X-CUBE-AI 8.1.0
2026-02-20 23:10:09,420 [INFO] ThirdParty:1030 - CMSIS Pack Vendor :wolfSSL I-CUBE-wolfMQTT 1.19.0
2026-02-20 23:10:09,421 [INFO] ThirdParty:1030 - CMSIS Pack Vendor :STMicroelectronics X-CUBE-AZRTOS-L4 2.0.0
2026-02-20 23:10:09,421 [INFO] ThirdParty:1030 - CMSIS Pack Vendor :STMicroelectronics ThreadX 0.0.2
2026-02-20 23:10:09,421 [INFO] ThirdParty:1030 - CMSIS Pack Vendor :WES I-CUBE-Cesium 1.3.0
2026-02-20 23:10:09,421 [INFO] ThirdParty:1030 - CMSIS Pack Vendor :STMicroelectronics lwIP 2.1.2
2026-02-20 23:10:09,421 [INFO] ThirdParty:1030 - CMSIS Pack Vendor :STMicroelectronics X-CUBE-SFXS2LP1 4.0.0
2026-02-20 23:10:09,421 [INFO] ThirdParty:1030 - CMSIS Pack Vendor :STMicroelectronics X-CUBE-BLE2 3.3.0
2026-02-20 23:10:09,421 [INFO] ThirdParty:1030 - CMSIS Pack Vendor :Avnet-IOTCONNECT X-CUBE-iotc-st67-sdk 1.0.0
2026-02-20 23:10:09,421 [INFO] ThirdParty:1030 - CMSIS Pack Vendor :STMicroelectronics PDM2PCM 3.2.0
2026-02-20 23:10:09,421 [INFO] ThirdParty:1030 - CMSIS Pack Vendor :STMicroelectronics X-CUBE-ST67W61 1.2.0
2026-02-20 23:10:09,422 [INFO] ThirdParty:1030 - CMSIS Pack Vendor :STMicroelectronics X-CUBE-AZRTOS-H7 3.3.0
2026-02-20 23:10:09,422 [INFO] ThirdParty:1030 - CMSIS Pack Vendor :STMicroelectronics X-CUBE-NFC9 1.0.0
2026-02-20 23:10:09,422 [INFO] ThirdParty:1030 - CMSIS Pack Vendor :STMicroelectronics X-CUBE-BLE1 7.1.0
2026-02-20 23:10:09,422 [INFO] ThirdParty:1030 - CMSIS Pack Vendor :STMicroelectronics USB_DEVICE 3.0.0
2026-02-20 23:10:09,422 [INFO] ThirdParty:1030 - CMSIS Pack Vendor :STMicroelectronics X-CUBE-TCPP 4.1.0
2026-02-20 23:10:09,422 [INFO] ThirdParty:1030 - CMSIS Pack Vendor :STMicroelectronics X-CUBE-FREERTOS 1.4.0
2026-02-20 23:10:09,422 [INFO] ThirdParty:1030 - CMSIS Pack Vendor :STMicroelectronics X-CUBE-EEPRMA1 5.2.0
2026-02-20 23:10:09,422 [INFO] ThirdParty:1030 - CMSIS Pack Vendor :STMicroelectronics X-CUBE-BLEMGR 4.1.0
2026-02-20 23:10:09,423 [INFO] ThirdParty:1030 - CMSIS Pack Vendor :STMicroelectronics X-CUBE-IPS 3.0.0
2026-02-20 23:10:09,423 [INFO] ThirdParty:1030 - CMSIS Pack Vendor :STMicroelectronics X-CUBE-AZRTOS-WB 2.0.0
2026-02-20 23:10:09,423 [INFO] ThirdParty:1030 - CMSIS Pack Vendor :STMicroelectronics X-CUBE-GNSS1 7.0.0
2026-02-20 23:10:09,423 [INFO] ThirdParty:1030 - CMSIS Pack Vendor :STMicroelectronics X-CUBE-GNSS1 7.0.1
2026-02-20 23:10:09,424 [INFO] ThirdParty:1030 - CMSIS Pack Vendor :STMicroelectronics X-CUBE-TOUCHGFX 4.25.0
2026-02-20 23:10:09,424 [INFO] ThirdParty:1030 - CMSIS Pack Vendor :STMicroelectronics X-CUBE-ST67W61 1.1.0
2026-02-20 23:10:09,424 [INFO] ThirdParty:1030 - CMSIS Pack Vendor :STMicroelectronics FP-SNS-STBOX1 2.0.0
2026-02-20 23:10:09,424 [INFO] ThirdParty:1030 - CMSIS Pack Vendor :STMicroelectronics X-CUBE-MEMS1 12.0.0
2026-02-20 23:10:09,425 [INFO] ThirdParty:1030 - CMSIS Pack Vendor :STMicroelectronics X-CUBE-ALGOBUILD 1.3.0
2026-02-20 23:10:09,425 [INFO] ThirdParty:1030 - CMSIS Pack Vendor :STMicroelectronics X-CUBE-STSE01 2.0.0
2026-02-20 23:10:09,425 [INFO] ThirdParty:1030 - CMSIS Pack Vendor :STMicroelectronics X-CUBE-AZRTOS-G0 1.1.0
2026-02-20 23:10:09,425 [INFO] ThirdParty:1030 - CMSIS Pack Vendor :STMicroelectronics X-CUBE-SAFEA1 1.2.2
2026-02-20 23:10:09,425 [INFO] ThirdParty:1030 - CMSIS Pack Vendor :STMicroelectronics X-CUBE-NFC4 3.0.0
2026-02-20 23:10:09,425 [INFO] ThirdParty:1030 - CMSIS Pack Vendor :STMicroelectronics X-CUBE-SUBG2 5.0.0
2026-02-20 23:10:09,426 [INFO] ThirdParty:1030 - CMSIS Pack Vendor :STMicroelectronics X-CUBE-AZRTOS-H7RS 1.1.0
2026-02-20 23:10:09,426 [INFO] ThirdParty:1030 - CMSIS Pack Vendor :STMicroelectronics STM32_WPAN 1.0.0
2026-02-20 23:10:09,426 [INFO] ThirdParty:1030 - CMSIS Pack Vendor :EmbeddedOffice I-CUBE-FS-RTOS 1.0.1
2026-02-20 23:10:09,426 [INFO] ThirdParty:1030 - CMSIS Pack Vendor :STMicroelectronics lwIP 2.0.3
2026-02-20 23:10:09,426 [INFO] ThirdParty:1030 - CMSIS Pack Vendor :Cesanta I-CUBE-Mongoose 7.13.0
2026-02-20 23:10:09,426 [INFO] ThirdParty:1030 - CMSIS Pack Vendor :STMicroelectronics USB_HOST 1.0.0
2026-02-20 23:10:09,426 [INFO] ThirdParty:1030 - CMSIS Pack Vendor :STMicroelectronics X-CUBE-AZRTOS-G4 2.0.0
2026-02-20 23:10:09,426 [INFO] ThirdParty:1030 - CMSIS Pack Vendor :STMicroelectronics X-CUBE-WB05N 2.0.0
2026-02-20 23:10:09,427 [INFO] ThirdParty:1030 - CMSIS Pack Vendor :STMicroelectronics PDM2PCM 3.1.0
2026-02-20 23:10:09,427 [INFO] ThirdParty:1030 - CMSIS Pack Vendor :Infineon AIROC-Wi-Fi-Bluetooth-STM32 1.5.1
2026-02-20 23:10:09,427 [INFO] ThirdParty:1030 - CMSIS Pack Vendor :STMicroelectronics X-CUBE-BLEMGR 3.0.0
2026-02-20 23:10:09,427 [INFO] ThirdParty:1030 - CMSIS Pack Vendor :STMicroelectronics X-CUBE-NFC7 2.0.0
2026-02-20 23:10:09,427 [INFO] ThirdParty:1030 - CMSIS Pack Vendor :STMicroelectronics X-CUBE-TCPP 4.2.0
2026-02-20 23:10:09,427 [INFO] ThirdParty:1030 - CMSIS Pack Vendor :RealThread X-CUBE-RT-Thread_Nano 4.1.1
2026-02-20 23:10:09,427 [INFO] ThirdParty:1030 - CMSIS Pack Vendor :STMicroelectronics FP-SNS-MOTENVWB1 1.3.1
2026-02-20 23:10:09,428 [INFO] ThirdParty:1030 - CMSIS Pack Vendor :STMicroelectronics FP-ATR-SIGFOX1 3.2.0
2026-02-20 23:10:09,428 [INFO] ThirdParty:1030 - CMSIS Pack Vendor :quantropi X-CUBE-qispace-sdk-base 1.9.3
2026-02-20 23:10:09,428 [INFO] ThirdParty:1030 - CMSIS Pack Vendor :STMicroelectronics X-CUBE-ISPU 2.0.0
2026-02-20 23:10:09,428 [INFO] ThirdParty:1030 - CMSIS Pack Vendor :STMicroelectronics X-CUBE-EEPRMA1 5.1.0
2026-02-20 23:10:09,428 [INFO] ThirdParty:1030 - CMSIS Pack Vendor :STMicroelectronics MBEDTLS 2.16.2
2026-02-20 23:10:09,428 [INFO] ThirdParty:1030 - CMSIS Pack Vendor :STMicroelectronics X-CUBE-IPS 3.1.0
2026-02-20 23:10:09,428 [INFO] ThirdParty:1030 - CMSIS Pack Vendor :STMicroelectronics X-CUBE-ALS 1.0.2
2026-02-20 23:10:09,428 [INFO] ThirdParty:1030 - CMSIS Pack Vendor :STMicroelectronics X-CUBE-MEMS1 10.0.0
2026-02-20 23:10:09,428 [INFO] ThirdParty:1030 - CMSIS Pack Vendor :STMicroelectronics X-CUBE-FREERTOS 1.1.0
2026-02-20 23:10:09,428 [INFO] ThirdParty:1030 - CMSIS Pack Vendor :STMicroelectronics X-CUBE-TOUCHGFX 4.24.1
2026-02-20 23:10:09,429 [INFO] ThirdParty:1030 - CMSIS Pack Vendor :STMicroelectronics X-CUBE-STSE01 1.0.0
2026-02-20 23:10:09,429 [INFO] ThirdParty:1030 - CMSIS Pack Vendor :wolfSSL I-CUBE-wolfTPM 3.4.0
2026-02-20 23:10:09,429 [INFO] ThirdParty:1030 - CMSIS Pack Vendor :portGmbH I-Cube-SoM-uGOAL 1.1.0
2026-02-20 23:10:09,429 [INFO] ThirdParty:1030 - CMSIS Pack Vendor :STMicroelectronics X-CUBE-ALS 1.0.1
2026-02-20 23:10:09,429 [INFO] ThirdParty:1030 - CMSIS Pack Vendor :STMicroelectronics X-CUBE-NFC6 3.2.0
2026-02-20 23:10:09,429 [INFO] ThirdParty:1030 - CMSIS Pack Vendor :STMicroelectronics X-CUBE-ST67W61 1.0.0
2026-02-20 23:10:09,429 [INFO] ThirdParty:1030 - CMSIS Pack Vendor :STMicroelectronics X-CUBE-AI 10.2.0
2026-02-20 23:10:09,429 [INFO] ThirdParty:1030 - CMSIS Pack Vendor :STMicroelectronics ThreadX 1.0.0
2026-02-20 23:10:09,429 [INFO] ThirdParty:1030 - CMSIS Pack Vendor :SEGGER I-CUBE-embOS 1.3.1
2026-02-20 23:10:09,430 [INFO] ThirdParty:1030 - CMSIS Pack Vendor :STMicroelectronics X-CUBE-ALGOBUILD 1.4.0
2026-02-20 23:10:09,430 [INFO] ThirdParty:1030 - CMSIS Pack Vendor :STMicroelectronics X-CUBE-MEMS1 11.3.0
2026-02-20 23:10:09,430 [INFO] ThirdParty:1030 - CMSIS Pack Vendor :STMicroelectronics X-CUBE-AZRTOS-H7RS 1.0.0
2026-02-20 23:10:09,430 [INFO] ThirdParty:1030 - CMSIS Pack Vendor :STMicroelectronics FP-ATR-ASTRA1 2.0.0
2026-02-20 23:10:09,430 [INFO] ThirdParty:1030 - CMSIS Pack Vendor :STMicroelectronics X-CUBE-TOF1 3.4.2
2026-02-20 23:10:09,431 [INFO] ThirdParty:1030 - CMSIS Pack Vendor :STMicroelectronics X-CUBE-TOF1 3.4.3
2026-02-20 23:10:09,431 [INFO] ThirdParty:1030 - CMSIS Pack Vendor :STMicroelectronics X-CUBE-AI 9.1.0
2026-02-20 23:10:09,431 [INFO] ThirdParty:1030 - CMSIS Pack Vendor :STMicroelectronics X-CUBE-TOF1 3.4.0
2026-02-20 23:10:09,431 [INFO] ThirdParty:1030 - CMSIS Pack Vendor :STMicroelectronics X-CUBE-AZRTOS-H7 3.2.0
2026-02-20 23:10:09,431 [INFO] ThirdParty:1030 - CMSIS Pack Vendor :wolfSSL I-CUBE-wolfSSH 1.4.17
2026-02-20 23:10:09,432 [INFO] ThirdParty:841 - exiting critical section [change project]
2026-02-20 23:10:10,264 [INFO] PinOutPanel:1589 - setPackage(No Configuration,No Configuration)
2026-02-20 23:10:10,267 [INFO] PinOutPanel:1589 - setPackage(STM32F429VITx,LQFP100)
2026-02-20 23:10:11,138 [INFO] UtilMem:75 - Before build in PCC Used Memory: 823745248 Bytes (1073741824)
2026-02-20 23:10:12,628 [INFO] UtilMem:75 - After build in PCC Used Memory: 895048416 Bytes (1073741824)
2026-02-20 23:10:12,706 [INFO] IPUIPlugin:80 - create IPUIPlugin
2026-02-20 23:10:12,706 [INFO] IPUIPlugin:80 - create IPUIPlugin
2026-02-20 23:10:12,707 [INFO] IPUIPlugin:80 - create IPUIPlugin
2026-02-20 23:10:12,707 [INFO] IPUIPlugin:80 - create IPUIPlugin
2026-02-20 23:10:12,707 [INFO] IPUIPlugin:80 - create IPUIPlugin
2026-02-20 23:10:12,708 [INFO] IPUIPlugin:80 - create IPUIPlugin
2026-02-20 23:10:12,708 [INFO] IPUIPlugin:80 - create IPUIPlugin
2026-02-20 23:10:12,708 [INFO] IPUIPlugin:80 - create IPUIPlugin
2026-02-20 23:10:12,708 [INFO] IPUIPlugin:80 - create IPUIPlugin
2026-02-20 23:10:12,709 [INFO] IPUIPlugin:80 - create IPUIPlugin
2026-02-20 23:10:12,709 [INFO] IPUIPlugin:80 - create IPUIPlugin
2026-02-20 23:10:12,710 [INFO] IPUIPlugin:80 - create IPUIPlugin
2026-02-20 23:10:12,711 [INFO] IPUIPlugin:80 - create IPUIPlugin
2026-02-20 23:10:12,711 [INFO] IPUIPlugin:80 - create IPUIPlugin
2026-02-20 23:10:12,712 [INFO] IPUIPlugin:80 - create IPUIPlugin
2026-02-20 23:10:12,712 [INFO] IPUIPlugin:80 - create IPUIPlugin
2026-02-20 23:10:12,712 [INFO] IPUIPlugin:80 - create IPUIPlugin
2026-02-20 23:10:12,712 [INFO] IPUIPlugin:80 - create IPUIPlugin
2026-02-20 23:10:12,712 [INFO] IPUIPlugin:80 - create IPUIPlugin
2026-02-20 23:10:12,713 [INFO] IPUIPlugin:80 - create IPUIPlugin
2026-02-20 23:10:12,713 [INFO] IPUIPlugin:80 - create IPUIPlugin
2026-02-20 23:10:12,713 [INFO] IPUIPlugin:80 - create IPUIPlugin
2026-02-20 23:10:12,714 [INFO] IPUIPlugin:80 - create IPUIPlugin
2026-02-20 23:10:12,714 [INFO] IPUIPlugin:80 - create IPUIPlugin
2026-02-20 23:10:12,715 [INFO] IPUIPlugin:80 - create IPUIPlugin
2026-02-20 23:10:12,715 [INFO] IPUIPlugin:80 - create IPUIPlugin
2026-02-20 23:10:12,715 [INFO] IPUIPlugin:80 - create IPUIPlugin
2026-02-20 23:10:12,716 [INFO] IPUIPlugin:80 - create IPUIPlugin
2026-02-20 23:10:12,716 [INFO] IPUIPlugin:80 - create IPUIPlugin
2026-02-20 23:10:12,717 [INFO] IPUIPlugin:80 - create IPUIPlugin
2026-02-20 23:10:12,717 [INFO] IPUIPlugin:80 - create IPUIPlugin
2026-02-20 23:10:12,717 [INFO] IPUIPlugin:80 - create IPUIPlugin
2026-02-20 23:10:12,718 [INFO] IPUIPlugin:80 - create IPUIPlugin
2026-02-20 23:10:12,718 [INFO] IPUIPlugin:80 - create IPUIPlugin
2026-02-20 23:10:12,718 [INFO] IPUIPlugin:80 - create IPUIPlugin
2026-02-20 23:10:12,719 [INFO] IPUIPlugin:80 - create IPUIPlugin
2026-02-20 23:10:12,719 [INFO] IPUIPlugin:80 - create IPUIPlugin
2026-02-20 23:10:12,719 [INFO] IPUIPlugin:80 - create IPUIPlugin
2026-02-20 23:10:12,720 [INFO] IPUIPlugin:80 - create IPUIPlugin
2026-02-20 23:10:12,720 [INFO] IPUIPlugin:80 - create IPUIPlugin
2026-02-20 23:10:12,721 [INFO] IPUIPlugin:80 - create IPUIPlugin
2026-02-20 23:10:12,721 [INFO] IPUIPlugin:80 - create IPUIPlugin
2026-02-20 23:10:12,722 [INFO] IPUIPlugin:80 - create IPUIPlugin
2026-02-20 23:10:12,722 [INFO] IPUIPlugin:80 - create IPUIPlugin
2026-02-20 23:10:12,723 [INFO] IPUIPlugin:80 - create IPUIPlugin
2026-02-20 23:10:12,724 [INFO] IPUIPlugin:80 - create IPUIPlugin
2026-02-20 23:10:12,724 [INFO] IPUIPlugin:80 - create IPUIPlugin
2026-02-20 23:10:12,725 [INFO] IPUIPlugin:80 - create IPUIPlugin
2026-02-20 23:10:12,726 [INFO] IPUIPlugin:80 - create IPUIPlugin
2026-02-20 23:10:12,726 [INFO] IPUIPlugin:80 - create IPUIPlugin
2026-02-20 23:10:12,726 [INFO] IPUIPlugin:80 - create IPUIPlugin
2026-02-20 23:10:12,728 [INFO] IPUIPlugin:80 - create IPUIPlugin
2026-02-20 23:10:12,728 [INFO] IPUIPlugin:80 - create IPUIPlugin
2026-02-20 23:10:12,728 [INFO] IPUIPlugin:80 - create IPUIPlugin
2026-02-20 23:10:12,729 [INFO] IPUIPlugin:80 - create IPUIPlugin
2026-02-20 23:10:12,730 [INFO] IPUIPlugin:80 - create IPUIPlugin
2026-02-20 23:10:12,731 [INFO] IPUIPlugin:80 - create IPUIPlugin
2026-02-20 23:10:12,731 [INFO] IPUIPlugin:80 - create IPUIPlugin
2026-02-20 23:10:12,732 [INFO] IPUIPlugin:80 - create IPUIPlugin
2026-02-20 23:10:12,732 [INFO] IPUIPlugin:80 - create IPUIPlugin
2026-02-20 23:10:12,733 [INFO] IPUIPlugin:80 - create IPUIPlugin
2026-02-20 23:10:12,734 [INFO] IPUIPlugin:80 - create IPUIPlugin
2026-02-20 23:10:12,735 [INFO] IPUIPlugin:80 - create IPUIPlugin
2026-02-20 23:10:12,735 [INFO] IPUIPlugin:80 - create IPUIPlugin
2026-02-20 23:10:12,960 [INFO] ApiDbMcu:532 - Load IP Config File for PDM2PCM
2026-02-20 23:10:13,308 [INFO] CADModel:165 - CPN selected for project levelSTM32F429VIT6
2026-02-20 23:10:13,309 [INFO] CADModel:114 - Register for checkConnection events
2026-02-20 23:10:13,365 [INFO] OpenFileManager:386 - Restore cursor
2026-02-20 23:10:15,019 [INFO] UtilMem:75 - End SaveConfig() Used Memory: 703194656 Bytes (1073741824)
2026-02-20 23:10:15,114 [INFO] UtilMem:75 - End SaveConfig() Used Memory: 727807848 Bytes (1073741824)
2026-02-20 23:10:15,886 [INFO] BlockDiagram:2775 - set Specific Code input for plugin: RCC
2026-02-20 23:10:15,887 [INFO] BlockDiagram:2775 - set Specific Code input for plugin: NVIC
2026-02-20 23:10:15,890 [INFO] CodeGenerator:892 - code generatio: config db path: C:\ST\STM32CubeIDE_1.19.0\STM32CubeIDE\plugins\com.st.stm32cube.common.mx_6.15.0.202507011659\\db\
2026-02-20 23:10:16,206 [INFO] CodeEngine:265 - oldGeneratedFile, C:\Users\Etienne\Documents\Programation\Rover\Software\STM32CubeIDE\GAULRover\MXTmpFiles\license.tmp_save
2026-02-20 23:10:17,020 [INFO] CodeEngine:289 - Generated code: C:\Users\Etienne\Documents\Programation\Rover\Software\STM32CubeIDE\GAULRover\MXTmpFiles\license.tmp
2026-02-20 23:10:17,066 [INFO] CodeEngine:265 - oldGeneratedFile, C:\Users\Etienne\Documents\Programation\Rover\Software\STM32CubeIDE\GAULRover\Core\Src\stm32f4xx_it.c_save
2026-02-20 23:10:17,304 [INFO] CodeEngine:289 - Generated code: C:\Users\Etienne\Documents\Programation\Rover\Software\STM32CubeIDE\GAULRover\Core\Src\stm32f4xx_it.c
2026-02-20 23:10:17,316 [INFO] CodeEngine:265 - oldGeneratedFile, C:\Users\Etienne\Documents\Programation\Rover\Software\STM32CubeIDE\GAULRover\Core\Inc\stm32f4xx_it.h_save
2026-02-20 23:10:17,443 [INFO] CodeEngine:289 - Generated code: C:\Users\Etienne\Documents\Programation\Rover\Software\STM32CubeIDE\GAULRover\Core\Inc\stm32f4xx_it.h
2026-02-20 23:10:17,545 [INFO] CodeEngine:265 - oldGeneratedFile, C:\Users\Etienne\Documents\Programation\Rover\Software\STM32CubeIDE\GAULRover\Core\Src\stm32f4xx_hal_msp.c_save
2026-02-20 23:10:17,768 [INFO] CodeEngine:289 - Generated code: C:\Users\Etienne\Documents\Programation\Rover\Software\STM32CubeIDE\GAULRover\Core\Src\stm32f4xx_hal_msp.c
2026-02-20 23:10:17,784 [INFO] CodeEngine:265 - oldGeneratedFile, C:\Users\Etienne\Documents\Programation\Rover\Software\STM32CubeIDE\GAULRover\MXTmpFiles\system.tmp_save
2026-02-20 23:10:17,904 [INFO] CodeEngine:289 - Generated code: C:\Users\Etienne\Documents\Programation\Rover\Software\STM32CubeIDE\GAULRover\MXTmpFiles\system.tmp
2026-02-20 23:10:17,932 [INFO] CodeEngine:321 - oldGeneratedFile, C:\Users\Etienne\Documents\Programation\Rover\Software\STM32CubeIDE\GAULRover\Core\Inc\stm32f4xx_hal_conf.h_save
2026-02-20 23:10:18,081 [INFO] CodeEngine:345 - Generated code: C:\Users\Etienne\Documents\Programation\Rover\Software\STM32CubeIDE\GAULRover\Core\Inc\stm32f4xx_hal_conf.h
2026-02-20 23:10:18,158 [INFO] ApiDbMcu:532 - Load IP Config File for RCC
2026-02-20 23:10:18,179 [INFO] CodeEngine:265 - oldGeneratedFile, C:\Users\Etienne\Documents\Programation\Rover\Software\STM32CubeIDE\GAULRover\Core\Inc\main.h_save
2026-02-20 23:10:18,353 [INFO] CodeEngine:289 - Generated code: C:\Users\Etienne\Documents\Programation\Rover\Software\STM32CubeIDE\GAULRover\Core\Inc\main.h
2026-02-20 23:10:18,365 [INFO] CodeEngine:265 - oldGeneratedFile, C:\Users\Etienne\Documents\Programation\Rover\Software\STM32CubeIDE\GAULRover\Core\Src\main.c_save
2026-02-20 23:10:18,585 [INFO] CodeEngine:289 - Generated code: C:\Users\Etienne\Documents\Programation\Rover\Software\STM32CubeIDE\GAULRover\Core\Src\main.c
2026-02-20 23:10:19,214 [INFO] ProjectBuilder:3606 - Time for Copy HAL[1] : 305mS.
2026-02-20 23:10:19,224 [INFO] ProjectBuilder:5216 - Project Generator version: 4.7.0-B52
2026-02-20 23:10:19,335 [INFO] ConfigFileManager:1595 - The Die is : DIE419
2026-02-20 23:10:19,371 [INFO] ApiDbMcu:532 - Load IP Config File for FATFS
2026-02-20 23:10:19,378 [INFO] ApiDbMcu:532 - Load IP Config File for FREERTOS
2026-02-20 23:10:19,382 [INFO] ApiDbMcu:532 - Load IP Config File for LIBJPEG
2026-02-20 23:10:19,390 [INFO] ApiDbMcu:532 - Load IP Config File for LWIP
2026-02-20 23:10:19,401 [INFO] ApiDbMcu:532 - Load IP Config File for MBEDTLS
2026-02-20 23:10:19,413 [INFO] ApiDbMcu:532 - Load IP Config File for USB_DEVICE
2026-02-20 23:10:19,419 [INFO] ApiDbMcu:532 - Load IP Config File for USB_HOST
2026-02-20 23:10:19,999 [INFO] LogOutputStream:77 - [STDOUT_REDIRECT] 
2026-02-20 23:10:24,267 [INFO] ProjectBuilder:5496 - Time for Generating toolchain IDE Files: 5043mS.
2026-02-20 23:10:24,269 [INFO] ProjectBuilder:3463 - Time for Copy CMSIS : 2mS.
2026-02-20 23:10:24,275 [INFO] ProjectBuilder:3463 - Time for Copy CMSIS : 0mS.
2026-02-20 23:10:25,627 [INFO] McuFinderGlobals:76 - Set McuFinderConnectedMode to true
2026-02-20 23:10:25,632 [INFO] ApiDb:448 - Save user favorites file C:\Users\Etienne/.stm32cubeide/favorites.mcus.txt: 0 item(s)
2026-02-20 23:10:25,633 [INFO] ApiDb:452 - User favorites MCUs=[]
2026-02-20 23:10:25,637 [INFO] ApiDb:448 - Save user favorites file C:\Users\Etienne/.stm32cubeide/favorites.boards.txt: 0 item(s)
2026-02-20 23:10:25,638 [INFO] ApiDb:452 - User favorites Boards=[]
2026-02-20 23:38:01,839 [INFO] MainUpdater:2872 - connection check result : 10
2026-02-20 23:38:02,025 [INFO] McuFinderGlobals:76 - Set McuFinderConnectedMode to true
2026-02-20 23:38:02,029 [INFO] MultiScanPanel:200 - Auto-refresh data requested => check proxy status ongoing
2026-02-20 23:38:02,033 [INFO] FinderPluginLoader:96 - Searching for filters in installed packs
2026-02-20 23:38:04,519 [INFO] LoadUrlFilesThread:185 - End of LoadServerUrlFiles without Thread
2026-02-20 23:38:04,519 [INFO] DetailPanel:341 - Set advertising image to C:/Users/Etienne/STM32Cube/Repository/\en.prom-stm32cubeaistudio-0226.png
2026-02-20 23:38:34,797 [INFO] ApiDb:581 - Connected to CubeFinder SQLite database (C:\Users\Etienne\.stmcufinder\plugins\mcufinder\mcu\cube-finder-db.db)
2026-02-20 23:39:01,719 [INFO] MainUpdater:2872 - connection check result : 10
2026-02-20 23:39:01,719 [INFO] MainUpdater:2872 - connection check result : 10
2026-02-20 23:39:02,159 [INFO] MicroXplorer:468 - Change Database Path : 
2026-02-20 23:39:02,159 [INFO] MicroXplorer:498 - Change Database Version : DB.6.0.150
2026-02-20 23:39:02,228 [ERROR] ProjectManagerView:395 - 
java.lang.NullPointerException: Cannot invoke "javax.swing.JTextField.getText()" because the return value of "java.util.List.get(int)" is null
	at com.st.microxplorer.plugins.projectmanager.gui.ProjectChoiceTab$9.caretUpdate(ProjectChoiceTab.java:2706) ~[filemanager.jar:?]
	at javax.swing.text.JTextComponent.fireCaretUpdate(JTextComponent.java:408) ~[?:?]
	at javax.swing.text.JTextComponent$MutableCaretEvent.fire(JTextComponent.java:4484) ~[?:?]
	at javax.swing.text.JTextComponent$MutableCaretEvent.stateChanged(JTextComponent.java:4506) ~[?:?]
	at javax.swing.text.DefaultCaret.fireStateChanged(DefaultCaret.java:857) ~[?:?]
	at javax.swing.text.DefaultCaret.changeCaretPosition(DefaultCaret.java:1343) ~[?:?]
	at javax.swing.text.DefaultCaret.handleSetDot(DefaultCaret.java:1242) ~[?:?]
	at javax.swing.text.DefaultCaret.setDot(DefaultCaret.java:1223) ~[?:?]
	at javax.swing.text.DefaultCaret$Handler.insertUpdate(DefaultCaret.java:1819) ~[?:?]
	at javax.swing.text.AbstractDocument.fireInsertUpdate(AbstractDocument.java:227) ~[?:?]
	at javax.swing.text.AbstractDocument.handleInsertString(AbstractDocument.java:781) ~[?:?]
	at javax.swing.text.AbstractDocument.insertString(AbstractDocument.java:740) ~[?:?]
	at javax.swing.text.PlainDocument.insertString(PlainDocument.java:131) ~[?:?]
	at javax.swing.text.AbstractDocument.replace(AbstractDocument.java:699) ~[?:?]
	at javax.swing.text.JTextComponent.setText(JTextComponent.java:1725) ~[?:?]
	at com.st.microxplorer.plugins.projectmanager.gui.ProjectChoiceTab.createHeapStackFields(ProjectChoiceTab.java:993) ~[filemanager.jar:?]
	at com.st.microxplorer.plugins.projectmanager.gui.ProjectChoiceTab.buildLinkSettingsPanel(ProjectChoiceTab.java:3813) ~[filemanager.jar:?]
	at com.st.microxplorer.plugins.projectmanager.gui.ProjectChoiceTab.defineWindowsFields(ProjectChoiceTab.java:1987) ~[filemanager.jar:?]
	at com.st.microxplorer.plugins.projectmanager.gui.ProjectChoiceTab.updateSettings(ProjectChoiceTab.java:558) ~[filemanager.jar:?]
	at com.st.microxplorer.plugins.projectmanager.gui.ProjectSettingsPanel.UpdateDialog(ProjectSettingsPanel.java:247) ~[filemanager.jar:?]
	at com.st.microxplorer.plugins.projectmanager.ProjectManagerView.propertyChange(ProjectManagerView.java:392) ~[filemanager.jar:?]
	at java.beans.PropertyChangeSupport.fire(PropertyChangeSupport.java:343) ~[?:?]
	at java.beans.PropertyChangeSupport.firePropertyChange(PropertyChangeSupport.java:335) ~[?:?]
	at java.beans.PropertyChangeSupport.firePropertyChange(PropertyChangeSupport.java:268) ~[?:?]
	at com.st.microxplorer.util.MXPropertyChangeSupport.firePropertyChange(MXPropertyChangeSupport.java:54) ~[STM32CubeMX.jar:?]
	at com.st.microxplorer.mxsystem.MxSystem.closeConfig(MxSystem.java:899) ~[STM32CubeMX.jar:?]
	at com.st.microxplorer.maingui.MainPanel.closeConfig(MainPanel.java:792) ~[STM32CubeMX.jar:?]
	at com.st.microxplorer.plugins.filemanager.engine.OpenFileManager.loadConfigurationFile(OpenFileManager.java:288) ~[filemanager.jar:?]
	at com.st.microxplorer.plugins.filemanager.engine.MainFileManager.userLoadConfig(MainFileManager.java:364) ~[filemanager.jar:?]
	at com.st.microxplorer.plugins.filemanager.engine.MainFileManager.userLoadConfig(MainFileManager.java:342) ~[filemanager.jar:?]
	at com.st.microxplorer.plugins.filemanager.FileManagerView.getSpecificTask(FileManagerView.java:264) ~[filemanager.jar:?]
	at com.st.stm32cube.common.mx.editor.CubeMxEditor.getMxTabbedPaneInstance(CubeMxEditor.java:1198) ~[com.st.stm32cube.common.mx_6.15.0.202507011659/:?]
	at com.st.stm32cube.common.mx.editor.CubeMxEditor$12$1.createSwingComponent(CubeMxEditor.java:1068) ~[com.st.stm32cube.common.mx_6.15.0.202507011659/:?]
	at com.st.stm32cube.common.mx.oss.core.awtswtbridge.EmbeddedSwingComposite.doComponentCreation(EmbeddedSwingComposite.java:492) ~[com.st.stm32cube.common.mx.oss_6.15.0.202507011659/:?]
	at com.st.stm32cube.common.mx.oss.core.awtswtbridge.EmbeddedSwingComposite$4.run(EmbeddedSwingComposite.java:291) ~[com.st.stm32cube.common.mx.oss_6.15.0.202507011659/:?]
	at com.st.stm32cube.common.mx.oss.core.awtswtbridge.AwtEnvironment$2.run(AwtEnvironment.java:166) ~[com.st.stm32cube.common.mx.oss_6.15.0.202507011659/:?]
	at java.awt.event.InvocationEvent.dispatch(InvocationEvent.java:318) ~[?:?]
	at java.awt.EventQueue.dispatchEventImpl(EventQueue.java:773) ~[?:?]
	at java.awt.EventQueue$4.run(EventQueue.java:720) ~[?:?]
	at java.awt.EventQueue$4.run(EventQueue.java:714) ~[?:?]
	at java.security.AccessController.doPrivileged(AccessController.java:400) ~[?:?]
	at java.security.ProtectionDomain$JavaSecurityAccessImpl.doIntersectionPrivilege(ProtectionDomain.java:87) ~[?:?]
	at java.awt.EventQueue.dispatchEvent(EventQueue.java:742) ~[?:?]
	at java.awt.EventDispatchThread.pumpOneEventForFilters(EventDispatchThread.java:203) ~[?:?]
	at java.awt.EventDispatchThread.pumpEventsForFilter(EventDispatchThread.java:124) ~[?:?]
	at java.awt.EventDispatchThread.pumpEventsForHierarchy(EventDispatchThread.java:113) ~[?:?]
	at java.awt.EventDispatchThread.pumpEvents(EventDispatchThread.java:109) ~[?:?]
	at java.awt.EventDispatchThread.pumpEvents(EventDispatchThread.java:101) ~[?:?]
	at java.awt.EventDispatchThread.run(EventDispatchThread.java:90) ~[?:?]
2026-02-20 23:39:02,248 [WARN] ThirdParty:871 - waiting for thirdparty lock release [close project]
2026-02-20 23:39:02,249 [INFO] ThirdParty:873 - entering critical section [close project]
2026-02-20 23:39:02,249 [INFO] ThirdParty:883 - exiting critical section [close project]
2026-02-20 23:39:02,252 [INFO] PinOutPanel:1589 - setPackage(No Configuration,No Configuration)
2026-02-20 23:39:02,286 [WARN] IpParametersView:155 - Warning: This peripheral hasn't parameters
2026-02-20 23:39:02,319 [WARN] MainPanel:289 - <html><b><center>Warning: This peripheral has no parameters to be configured<br></b></html>
2026-02-20 23:39:02,339 [INFO] UtilMem:75 - Begin LoadConfig() Used Memory: 950911608 Bytes (1073741824)
2026-02-20 23:39:02,340 [INFO] MicroXplorer:468 - Change Database Path : 
2026-02-20 23:39:02,340 [INFO] MicroXplorer:498 - Change Database Version : DB.6.0.150
2026-02-20 23:39:02,340 [INFO] OpenFileManager:355 - Change cursor
2026-02-20 23:39:02,408 [INFO] RulesReader:64 - Compatibility file has been processed (317 Rules)
2026-02-20 23:39:02,423 [INFO] Mcu:2029 - Initializing MCU STM32F429VITx STM32F429VITx STM32F429VIT6
2026-02-20 23:39:04,645 [INFO] Context:786 - Trying to add GPIOservice into a context  which must be forbidden
2026-02-20 23:39:05,523 [INFO] ImportTextPane:234 - (OptionalMessage_ERROR) Unable to find key (Mcu.ThirdPartyNb) in loaded IOC file
2026-02-20 23:39:05,523 [INFO] ImportTextPane:234 - (OptionalMessage_ERROR) Unable to find key (Mcu.PinsNb) in loaded IOC file
2026-02-20 23:39:05,524 [INFO] ImportTextPane:234 - (OptionalMessage_ERROR) Pin0 (VP_RIF_VS_RIF1) cannot be retrieved for this MCU
2026-02-20 23:39:05,524 [INFO] ImportTextPane:234 - (OptionalMessage_ERROR) Unable to find key (Mcu.IPNb) in loaded IOC file
2026-02-20 23:39:05,695 [INFO] RtosManager:558 - Registered RTOS mode: class=CMSIS, group=RTOS, mode=CMSIS_V1, owner=FREERTOS
2026-02-20 23:39:05,696 [INFO] RtosManager:558 - Registered RTOS mode: class=CMSIS, group=RTOS2, mode=CMSIS_V2, owner=FREERTOS
2026-02-20 23:39:05,696 [INFO] RtosManager:558 - Registered RTOS mode: class=RTOS, group=Core, mode=CMSIS_V1, owner=FREERTOS
2026-02-20 23:39:05,696 [INFO] RtosManager:558 - Registered RTOS mode: class=RTOS, group=Core, mode=CMSIS_V2, owner=FREERTOS
2026-02-20 23:39:05,696 [WARN] ModelIntegratedComponent:184 - Missing modes for component STMicroelectronics:FreeRTOS:0.0.1:STMicroelectronics:RTOS:FreeRTOS:Core:::10.2.0:
2026-02-20 23:39:05,700 [WARN] ModelIntegratedComponent:63 - No mode defined for component null
2026-02-20 23:39:05,701 [WARN] ModelIntegratedComponent:63 - No mode defined for component null
2026-02-20 23:39:05,701 [WARN] ModelIntegratedComponent:63 - No mode defined for component null
2026-02-20 23:39:05,701 [WARN] ModelIntegratedComponent:63 - No mode defined for component null
2026-02-20 23:39:05,701 [WARN] ModelIntegratedComponent:63 - No mode defined for component null
2026-02-20 23:39:05,701 [WARN] ModelIntegratedComponent:63 - No mode defined for component null
2026-02-20 23:39:05,701 [WARN] ModelIntegratedComponent:63 - No mode defined for component null
2026-02-20 23:39:05,701 [WARN] ModelIntegratedComponent:63 - No mode defined for component null
2026-02-20 23:39:05,701 [WARN] ModelIntegratedComponent:63 - No mode defined for component null
2026-02-20 23:39:05,701 [WARN] ModelIntegratedComponent:63 - No mode defined for component null
2026-02-20 23:39:05,702 [WARN] ModelIntegratedComponent:63 - No mode defined for component null
2026-02-20 23:39:05,702 [WARN] ModelIntegratedComponent:63 - No mode defined for component null
2026-02-20 23:39:05,702 [WARN] ModelIntegratedComponent:63 - No mode defined for component null
2026-02-20 23:39:05,702 [WARN] ModelIntegratedComponent:63 - No mode defined for component null
2026-02-20 23:39:05,702 [WARN] ModelIntegratedComponent:63 - No mode defined for component null
2026-02-20 23:39:05,702 [WARN] ModelIntegratedComponent:63 - No mode defined for component null
2026-02-20 23:39:05,702 [WARN] ModelIntegratedComponent:63 - No mode defined for component null
2026-02-20 23:39:05,702 [WARN] ModelIntegratedComponent:63 - No mode defined for component null
2026-02-20 23:39:05,702 [WARN] ModelIntegratedComponent:63 - No mode defined for component null
2026-02-20 23:39:05,702 [WARN] ModelIntegratedComponent:63 - No mode defined for component null
2026-02-20 23:39:05,702 [WARN] ModelIntegratedComponent:63 - No mode defined for component null
2026-02-20 23:39:05,702 [WARN] ModelIntegratedComponent:63 - No mode defined for component null
2026-02-20 23:39:05,703 [WARN] ModelIntegratedComponent:63 - No mode defined for component null
2026-02-20 23:39:05,703 [WARN] ModelIntegratedComponent:63 - No mode defined for component null
2026-02-20 23:39:05,703 [WARN] ModelIntegratedComponent:63 - No mode defined for component null
2026-02-20 23:39:05,703 [WARN] ModelIntegratedComponent:63 - No mode defined for component null
2026-02-20 23:39:05,703 [WARN] ModelIntegratedComponent:63 - No mode defined for component null
2026-02-20 23:39:05,703 [WARN] ModelIntegratedComponent:63 - No mode defined for component null
2026-02-20 23:39:05,703 [WARN] ModelIntegratedComponent:63 - No mode defined for component null
2026-02-20 23:39:05,703 [WARN] ModelIntegratedComponent:63 - No mode defined for component null
2026-02-20 23:39:05,703 [WARN] ModelIntegratedComponent:63 - No mode defined for component null
2026-02-20 23:39:05,703 [WARN] ModelIntegratedComponent:63 - No mode defined for component null
2026-02-20 23:39:05,704 [WARN] ModelIntegratedComponent:63 - No mode defined for component null
2026-02-20 23:39:05,704 [WARN] ModelIntegratedComponent:63 - No mode defined for component null
2026-02-20 23:39:05,704 [WARN] ModelIntegratedComponent:63 - No mode defined for component null
2026-02-20 23:39:05,704 [WARN] ModelPack:524 - Component already loaded: STMicroelectronics:HAL Drivers:0.0.0:STMicroelectronics:Device:STMicro_Driver:XSPI:HAL::0.0.1:HAL_XSPI
2026-02-20 23:39:06,018 [INFO] ThirdPartyModel:298 - Start build external matchings
2026-02-20 23:39:09,389 [INFO] ThirdPartyModel:316 - End build external matchings
2026-02-20 23:39:09,834 [INFO] UtilMem:75 - End LoadConfig() Used Memory: 995982544 Bytes (1073741824)
2026-02-20 23:39:09,875 [WARN] ThirdParty:833 - waiting for thirdparty lock release [change project]
2026-02-20 23:39:09,875 [INFO] ThirdParty:835 - entering critical section [change project]
2026-02-20 23:39:09,876 [INFO] ThirdParty:1030 - CMSIS Pack Vendor :STMicroelectronics X-CUBE-PM33A1 1.0.0
2026-02-20 23:39:09,876 [INFO] ThirdParty:1030 - CMSIS Pack Vendor :STMicroelectronics USBPD 4.1
2026-02-20 23:39:09,876 [INFO] ThirdParty:1030 - CMSIS Pack Vendor :STMicroelectronics X-CUBE-GNSS1 6.0.0
2026-02-20 23:39:09,876 [INFO] ThirdParty:1030 - CMSIS Pack Vendor :STMicroelectronics USB_HOST 2.0.0
2026-02-20 23:39:09,876 [INFO] ThirdParty:1030 - CMSIS Pack Vendor :STMicroelectronics FP-SNS-MOTENVWB1 1.4.0
2026-02-20 23:39:09,876 [INFO] ThirdParty:1030 - CMSIS Pack Vendor :STMicroelectronics X-CUBE-AZRTOS-F4 1.1.0
2026-02-20 23:39:09,876 [INFO] ThirdParty:1030 - CMSIS Pack Vendor :STMicroelectronics LIBJPEG 8.0.0
2026-02-20 23:39:09,876 [INFO] ThirdParty:1030 - CMSIS Pack Vendor :STMicroelectronics FP-ATR-ASTRA1 2.0.2
2026-02-20 23:39:09,876 [INFO] ThirdParty:1030 - CMSIS Pack Vendor :STMicroelectronics FP-ATR-ASTRA1 2.0.1
2026-02-20 23:39:09,877 [INFO] ThirdParty:1030 - CMSIS Pack Vendor :STMicroelectronics X-CUBE-SMBUS 2.1.0
2026-02-20 23:39:09,877 [INFO] ThirdParty:1030 - CMSIS Pack Vendor :STMicroelectronics X-CUBE-WB05N 1.1.0
2026-02-20 23:39:09,877 [INFO] ThirdParty:1030 - CMSIS Pack Vendor :STMicroelectronics X-CUBE-ISPU 2.1.0
2026-02-20 23:39:09,877 [INFO] ThirdParty:1030 - CMSIS Pack Vendor :STMicroelectronics X-CUBE-IPS 3.2.0
2026-02-20 23:39:09,877 [INFO] ThirdParty:1030 - CMSIS Pack Vendor :STMicroelectronics X-CUBE-FREERTOS 1.2.0
2026-02-20 23:39:09,877 [INFO] ThirdParty:1030 - CMSIS Pack Vendor :wolfSSL I-CUBE-wolfSSL 5.6.6
2026-02-20 23:39:09,877 [INFO] ThirdParty:1030 - CMSIS Pack Vendor :STMicroelectronics X-CUBE-ST60 1.0.0
2026-02-20 23:39:09,878 [INFO] ThirdParty:1030 - CMSIS Pack Vendor :STMicroelectronics X-CUBE-TOUCHGFX 4.23.0
2026-02-20 23:39:09,878 [INFO] ThirdParty:1030 - CMSIS Pack Vendor :STMicroelectronics X-CUBE-NFC12 1.0.0
2026-02-20 23:39:09,878 [INFO] ThirdParty:1030 - CMSIS Pack Vendor :STMicroelectronics X-CUBE-AZRTOS-F7 1.1.0
2026-02-20 23:39:09,878 [INFO] ThirdParty:1030 - CMSIS Pack Vendor :STMicroelectronics X-CUBE-AZRTOS-L5 2.0.0
2026-02-20 23:39:09,878 [INFO] ThirdParty:1030 - CMSIS Pack Vendor :STMicroelectronics USB_DEVICE 2.0.0
2026-02-20 23:39:09,878 [INFO] ThirdParty:1030 - CMSIS Pack Vendor :STMicroelectronics X-CUBE-NFC6 3.1.0
2026-02-20 23:39:09,878 [INFO] ThirdParty:1030 - CMSIS Pack Vendor :ITTIA_DB I-CUBE-ITTIADB 8.8.0
2026-02-20 23:39:09,878 [INFO] ThirdParty:1030 - CMSIS Pack Vendor :STMicroelectronics FP-SNS-MOTENV1 4.3.2
2026-02-20 23:39:09,878 [INFO] ThirdParty:1030 - CMSIS Pack Vendor :STMicroelectronics X-CUBE-MEMS1 11.0.0
2026-02-20 23:39:09,878 [INFO] ThirdParty:1030 - CMSIS Pack Vendor :STMicroelectronics FP-SNS-MOTENV1 5.1.0
2026-02-20 23:39:09,879 [INFO] ThirdParty:1030 - CMSIS Pack Vendor :STMicroelectronics FreeRTOS 0.0.1
2026-02-20 23:39:09,879 [INFO] ThirdParty:1030 - CMSIS Pack Vendor :STMicroelectronics X-CUBE-DPower 1.2.0
2026-02-20 23:39:09,879 [INFO] ThirdParty:1030 - CMSIS Pack Vendor :STMicroelectronics FP-SNS-FLIGHT1 5.0.2
2026-02-20 23:39:09,879 [INFO] ThirdParty:1030 - CMSIS Pack Vendor :STMicroelectronics PDM2PCM 3.3.0
2026-02-20 23:39:09,879 [INFO] ThirdParty:1030 - CMSIS Pack Vendor :STMicroelectronics X-CUBE-AZRTOS-H7 3.4.0
2026-02-20 23:39:09,879 [INFO] ThirdParty:1030 - CMSIS Pack Vendor :STMicroelectronics X-CUBE-DISPLAY 3.0.0
2026-02-20 23:39:09,879 [INFO] ThirdParty:1030 - CMSIS Pack Vendor :STMicroelectronics FP-SNS-MOTENVWB1 1.5.0
2026-02-20 23:39:09,879 [INFO] ThirdParty:1030 - CMSIS Pack Vendor :STMicroelectronics X-CUBE-BLE1 7.0.0
2026-02-20 23:39:09,879 [INFO] ThirdParty:1030 - CMSIS Pack Vendor :STMicroelectronics X-CUBE-NFC10 1.0.0
2026-02-20 23:39:09,879 [INFO] ThirdParty:1030 - CMSIS Pack Vendor :STMicroelectronics X-CUBE-FREERTOS 1.3.1
2026-02-20 23:39:09,879 [INFO] ThirdParty:1030 - CMSIS Pack Vendor :STMicroelectronics HAL Drivers 0.0.0
2026-02-20 23:39:09,880 [INFO] ThirdParty:1030 - CMSIS Pack Vendor :STMicroelectronics X-CUBE-ST60 1.1.0
2026-02-20 23:39:09,880 [INFO] ThirdParty:1030 - CMSIS Pack Vendor :emotas I-CUBE-CANOPEN 1.3.0
2026-02-20 23:39:09,880 [INFO] ThirdParty:1030 - CMSIS Pack Vendor :STMicroelectronics X-CUBE-NFC7 1.0.1
2026-02-20 23:39:09,880 [INFO] ThirdParty:1030 - CMSIS Pack Vendor :STMicroelectronics MBEDTLS 2.14.1
2026-02-20 23:39:09,880 [INFO] ThirdParty:1030 - CMSIS Pack Vendor :STMicroelectronics X-CUBE-GNSS1 7.1.0
2026-02-20 23:39:09,880 [INFO] ThirdParty:1030 - CMSIS Pack Vendor :STMicroelectronics X-CUBE-TOUCHGFX 4.26.0
2026-02-20 23:39:09,882 [INFO] ThirdParty:1030 - CMSIS Pack Vendor :STMicroelectronics X-CUBE-NFC6 3.0.0
2026-02-20 23:39:09,882 [INFO] ThirdParty:1030 - CMSIS Pack Vendor :STMicroelectronics X-CUBE-BLEMGR 3.1.0
2026-02-20 23:39:09,885 [INFO] ThirdParty:1030 - CMSIS Pack Vendor :STMicroelectronics FP-SNS-STBOX1 2.1.0
2026-02-20 23:39:09,886 [INFO] ThirdParty:1030 - CMSIS Pack Vendor :STMicroelectronics FP-SNS-STAIOTCFT 1.0.0
2026-02-20 23:39:09,886 [INFO] ThirdParty:1030 - CMSIS Pack Vendor :STMicroelectronics FP-SNS-SMARTAG2 1.2.0
2026-02-20 23:39:09,886 [INFO] ThirdParty:1030 - CMSIS Pack Vendor :STMicroelectronics FP-SNS-FLIGHT1 5.1.0
2026-02-20 23:39:09,886 [INFO] ThirdParty:1030 - CMSIS Pack Vendor :STMicroelectronics X-CUBE-AZRTOS-WL 2.0.0
2026-02-20 23:39:09,887 [INFO] ThirdParty:1030 - CMSIS Pack Vendor :STMicroelectronics X-CUBE-DPower 1.3.0
2026-02-20 23:39:09,887 [INFO] ThirdParty:1030 - CMSIS Pack Vendor :STMicroelectronics FP-SNS-MOTENV1 5.0.0
2026-02-20 23:39:09,887 [INFO] ThirdParty:1030 - CMSIS Pack Vendor :STMicroelectronics USB_DEVICE 1.0.0
2026-02-20 23:39:09,888 [INFO] ThirdParty:1030 - CMSIS Pack Vendor :STMicroelectronics X-CUBE-AZRTOS-H7RS 1.2.0
2026-02-20 23:39:09,888 [INFO] ThirdParty:1030 - CMSIS Pack Vendor :STMicroelectronics X-CUBE-AI 8.1.0
2026-02-20 23:39:09,888 [INFO] ThirdParty:1030 - CMSIS Pack Vendor :wolfSSL I-CUBE-wolfMQTT 1.19.0
2026-02-20 23:39:09,888 [INFO] ThirdParty:1030 - CMSIS Pack Vendor :STMicroelectronics X-CUBE-AZRTOS-L4 2.0.0
2026-02-20 23:39:09,888 [INFO] ThirdParty:1030 - CMSIS Pack Vendor :STMicroelectronics ThreadX 0.0.2
2026-02-20 23:39:09,888 [INFO] ThirdParty:1030 - CMSIS Pack Vendor :WES I-CUBE-Cesium 1.3.0
2026-02-20 23:39:09,888 [INFO] ThirdParty:1030 - CMSIS Pack Vendor :STMicroelectronics lwIP 2.1.2
2026-02-20 23:39:09,888 [INFO] ThirdParty:1030 - CMSIS Pack Vendor :STMicroelectronics X-CUBE-SFXS2LP1 4.0.0
2026-02-20 23:39:09,888 [INFO] ThirdParty:1030 - CMSIS Pack Vendor :STMicroelectronics X-CUBE-BLE2 3.3.0
2026-02-20 23:39:09,888 [INFO] ThirdParty:1030 - CMSIS Pack Vendor :Avnet-IOTCONNECT X-CUBE-iotc-st67-sdk 1.0.0
2026-02-20 23:39:09,888 [INFO] ThirdParty:1030 - CMSIS Pack Vendor :STMicroelectronics PDM2PCM 3.2.0
2026-02-20 23:39:09,888 [INFO] ThirdParty:1030 - CMSIS Pack Vendor :STMicroelectronics X-CUBE-ST67W61 1.2.0
2026-02-20 23:39:09,888 [INFO] ThirdParty:1030 - CMSIS Pack Vendor :STMicroelectronics X-CUBE-AZRTOS-H7 3.3.0
2026-02-20 23:39:09,889 [INFO] ThirdParty:1030 - CMSIS Pack Vendor :STMicroelectronics X-CUBE-NFC9 1.0.0
2026-02-20 23:39:09,889 [INFO] ThirdParty:1030 - CMSIS Pack Vendor :STMicroelectronics X-CUBE-BLE1 7.1.0
2026-02-20 23:39:09,889 [INFO] ThirdParty:1030 - CMSIS Pack Vendor :STMicroelectronics USB_DEVICE 3.0.0
2026-02-20 23:39:09,889 [INFO] ThirdParty:1030 - CMSIS Pack Vendor :STMicroelectronics X-CUBE-TCPP 4.1.0
2026-02-20 23:39:09,889 [INFO] ThirdParty:1030 - CMSIS Pack Vendor :STMicroelectronics X-CUBE-FREERTOS 1.4.0
2026-02-20 23:39:09,889 [INFO] ThirdParty:1030 - CMSIS Pack Vendor :STMicroelectronics X-CUBE-EEPRMA1 5.2.0
2026-02-20 23:39:09,889 [INFO] ThirdParty:1030 - CMSIS Pack Vendor :STMicroelectronics X-CUBE-BLEMGR 4.1.0
2026-02-20 23:39:09,889 [INFO] ThirdParty:1030 - CMSIS Pack Vendor :STMicroelectronics X-CUBE-IPS 3.0.0
2026-02-20 23:39:09,889 [INFO] ThirdParty:1030 - CMSIS Pack Vendor :STMicroelectronics X-CUBE-AZRTOS-WB 2.0.0
2026-02-20 23:39:09,889 [INFO] ThirdParty:1030 - CMSIS Pack Vendor :STMicroelectronics X-CUBE-GNSS1 7.0.0
2026-02-20 23:39:09,889 [INFO] ThirdParty:1030 - CMSIS Pack Vendor :STMicroelectronics X-CUBE-GNSS1 7.0.1
2026-02-20 23:39:09,889 [INFO] ThirdParty:1030 - CMSIS Pack Vendor :STMicroelectronics X-CUBE-TOUCHGFX 4.25.0
2026-02-20 23:39:09,889 [INFO] ThirdParty:1030 - CMSIS Pack Vendor :STMicroelectronics X-CUBE-ST67W61 1.1.0
2026-02-20 23:39:09,890 [INFO] ThirdParty:1030 - CMSIS Pack Vendor :STMicroelectronics FP-SNS-STBOX1 2.0.0
2026-02-20 23:39:09,890 [INFO] ThirdParty:1030 - CMSIS Pack Vendor :STMicroelectronics X-CUBE-MEMS1 12.0.0
2026-02-20 23:39:09,890 [INFO] ThirdParty:1030 - CMSIS Pack Vendor :STMicroelectronics X-CUBE-ALGOBUILD 1.3.0
2026-02-20 23:39:09,890 [INFO] ThirdParty:1030 - CMSIS Pack Vendor :STMicroelectronics X-CUBE-STSE01 2.0.0
2026-02-20 23:39:09,890 [INFO] ThirdParty:1030 - CMSIS Pack Vendor :STMicroelectronics X-CUBE-AZRTOS-G0 1.1.0
2026-02-20 23:39:09,890 [INFO] ThirdParty:1030 - CMSIS Pack Vendor :STMicroelectronics X-CUBE-SAFEA1 1.2.2
2026-02-20 23:39:09,890 [INFO] ThirdParty:1030 - CMSIS Pack Vendor :STMicroelectronics X-CUBE-NFC4 3.0.0
2026-02-20 23:39:09,890 [INFO] ThirdParty:1030 - CMSIS Pack Vendor :STMicroelectronics X-CUBE-SUBG2 5.0.0
2026-02-20 23:39:09,890 [INFO] ThirdParty:1030 - CMSIS Pack Vendor :STMicroelectronics X-CUBE-AZRTOS-H7RS 1.1.0
2026-02-20 23:39:09,890 [INFO] ThirdParty:1030 - CMSIS Pack Vendor :STMicroelectronics STM32_WPAN 1.0.0
2026-02-20 23:39:09,890 [INFO] ThirdParty:1030 - CMSIS Pack Vendor :EmbeddedOffice I-CUBE-FS-RTOS 1.0.1
2026-02-20 23:39:09,890 [INFO] ThirdParty:1030 - CMSIS Pack Vendor :STMicroelectronics lwIP 2.0.3
2026-02-20 23:39:09,890 [INFO] ThirdParty:1030 - CMSIS Pack Vendor :Cesanta I-CUBE-Mongoose 7.13.0
2026-02-20 23:39:09,890 [INFO] ThirdParty:1030 - CMSIS Pack Vendor :STMicroelectronics USB_HOST 1.0.0
2026-02-20 23:39:09,890 [INFO] ThirdParty:1030 - CMSIS Pack Vendor :STMicroelectronics X-CUBE-AZRTOS-G4 2.0.0
2026-02-20 23:39:09,890 [INFO] ThirdParty:1030 - CMSIS Pack Vendor :STMicroelectronics X-CUBE-WB05N 2.0.0
2026-02-20 23:39:09,891 [INFO] ThirdParty:1030 - CMSIS Pack Vendor :STMicroelectronics PDM2PCM 3.1.0
2026-02-20 23:39:09,891 [INFO] ThirdParty:1030 - CMSIS Pack Vendor :Infineon AIROC-Wi-Fi-Bluetooth-STM32 1.5.1
2026-02-20 23:39:09,891 [INFO] ThirdParty:1030 - CMSIS Pack Vendor :STMicroelectronics X-CUBE-BLEMGR 3.0.0
2026-02-20 23:39:09,891 [INFO] ThirdParty:1030 - CMSIS Pack Vendor :STMicroelectronics X-CUBE-NFC7 2.0.0
2026-02-20 23:39:09,891 [INFO] ThirdParty:1030 - CMSIS Pack Vendor :STMicroelectronics X-CUBE-TCPP 4.2.0
2026-02-20 23:39:09,891 [INFO] ThirdParty:1030 - CMSIS Pack Vendor :RealThread X-CUBE-RT-Thread_Nano 4.1.1
2026-02-20 23:39:09,891 [INFO] ThirdParty:1030 - CMSIS Pack Vendor :STMicroelectronics FP-SNS-MOTENVWB1 1.3.1
2026-02-20 23:39:09,891 [INFO] ThirdParty:1030 - CMSIS Pack Vendor :STMicroelectronics FP-ATR-SIGFOX1 3.2.0
2026-02-20 23:39:09,891 [INFO] ThirdParty:1030 - CMSIS Pack Vendor :quantropi X-CUBE-qispace-sdk-base 1.9.3
2026-02-20 23:39:09,891 [INFO] ThirdParty:1030 - CMSIS Pack Vendor :STMicroelectronics X-CUBE-ISPU 2.0.0
2026-02-20 23:39:09,891 [INFO] ThirdParty:1030 - CMSIS Pack Vendor :STMicroelectronics X-CUBE-EEPRMA1 5.1.0
2026-02-20 23:39:09,892 [INFO] ThirdParty:1030 - CMSIS Pack Vendor :STMicroelectronics MBEDTLS 2.16.2
2026-02-20 23:39:09,892 [INFO] ThirdParty:1030 - CMSIS Pack Vendor :STMicroelectronics X-CUBE-IPS 3.1.0
2026-02-20 23:39:09,892 [INFO] ThirdParty:1030 - CMSIS Pack Vendor :STMicroelectronics X-CUBE-ALS 1.0.2
2026-02-20 23:39:09,892 [INFO] ThirdParty:1030 - CMSIS Pack Vendor :STMicroelectronics X-CUBE-MEMS1 10.0.0
2026-02-20 23:39:09,892 [INFO] ThirdParty:1030 - CMSIS Pack Vendor :STMicroelectronics X-CUBE-FREERTOS 1.1.0
2026-02-20 23:39:09,892 [INFO] ThirdParty:1030 - CMSIS Pack Vendor :STMicroelectronics X-CUBE-TOUCHGFX 4.24.1
2026-02-20 23:39:09,892 [INFO] ThirdParty:1030 - CMSIS Pack Vendor :STMicroelectronics X-CUBE-STSE01 1.0.0
2026-02-20 23:39:09,892 [INFO] ThirdParty:1030 - CMSIS Pack Vendor :wolfSSL I-CUBE-wolfTPM 3.4.0
2026-02-20 23:39:09,892 [INFO] ThirdParty:1030 - CMSIS Pack Vendor :portGmbH I-Cube-SoM-uGOAL 1.1.0
2026-02-20 23:39:09,892 [INFO] ThirdParty:1030 - CMSIS Pack Vendor :STMicroelectronics X-CUBE-ALS 1.0.1
2026-02-20 23:39:09,892 [INFO] ThirdParty:1030 - CMSIS Pack Vendor :STMicroelectronics X-CUBE-NFC6 3.2.0
2026-02-20 23:39:09,893 [INFO] ThirdParty:1030 - CMSIS Pack Vendor :STMicroelectronics X-CUBE-ST67W61 1.0.0
2026-02-20 23:39:09,893 [INFO] ThirdParty:1030 - CMSIS Pack Vendor :STMicroelectronics X-CUBE-AI 10.2.0
2026-02-20 23:39:09,893 [INFO] ThirdParty:1030 - CMSIS Pack Vendor :STMicroelectronics ThreadX 1.0.0
2026-02-20 23:39:09,893 [INFO] ThirdParty:1030 - CMSIS Pack Vendor :SEGGER I-CUBE-embOS 1.3.1
2026-02-20 23:39:09,893 [INFO] ThirdParty:1030 - CMSIS Pack Vendor :STMicroelectronics X-CUBE-ALGOBUILD 1.4.0
2026-02-20 23:39:09,893 [INFO] ThirdParty:1030 - CMSIS Pack Vendor :STMicroelectronics X-CUBE-MEMS1 11.3.0
2026-02-20 23:39:09,893 [INFO] ThirdParty:1030 - CMSIS Pack Vendor :STMicroelectronics X-CUBE-AZRTOS-H7RS 1.0.0
2026-02-20 23:39:09,893 [INFO] ThirdParty:1030 - CMSIS Pack Vendor :STMicroelectronics FP-ATR-ASTRA1 2.0.0
2026-02-20 23:39:09,893 [INFO] ThirdParty:1030 - CMSIS Pack Vendor :STMicroelectronics X-CUBE-TOF1 3.4.2
2026-02-20 23:39:09,893 [INFO] ThirdParty:1030 - CMSIS Pack Vendor :STMicroelectronics X-CUBE-TOF1 3.4.3
2026-02-20 23:39:09,893 [INFO] ThirdParty:1030 - CMSIS Pack Vendor :STMicroelectronics X-CUBE-AI 9.1.0
2026-02-20 23:39:09,894 [INFO] ThirdParty:1030 - CMSIS Pack Vendor :STMicroelectronics X-CUBE-TOF1 3.4.0
2026-02-20 23:39:09,894 [INFO] ThirdParty:1030 - CMSIS Pack Vendor :STMicroelectronics X-CUBE-AZRTOS-H7 3.2.0
2026-02-20 23:39:09,894 [INFO] ThirdParty:1030 - CMSIS Pack Vendor :wolfSSL I-CUBE-wolfSSH 1.4.17
2026-02-20 23:39:09,894 [INFO] ThirdParty:841 - exiting critical section [change project]
2026-02-20 23:39:10,415 [INFO] PinOutPanel:1589 - setPackage(No Configuration,No Configuration)
2026-02-20 23:39:10,422 [INFO] PinOutPanel:1589 - setPackage(STM32F429VITx,LQFP100)
2026-02-20 23:39:10,750 [INFO] UtilMem:75 - Before build in PCC Used Memory: 895959544 Bytes (1073741824)
2026-02-20 23:39:11,040 [INFO] UtilMem:75 - After build in PCC Used Memory: 945059560 Bytes (1073741824)
2026-02-20 23:39:11,072 [INFO] IPUIPlugin:80 - create IPUIPlugin
2026-02-20 23:39:11,073 [INFO] IPUIPlugin:80 - create IPUIPlugin
2026-02-20 23:39:11,073 [INFO] IPUIPlugin:80 - create IPUIPlugin
2026-02-20 23:39:11,073 [INFO] IPUIPlugin:80 - create IPUIPlugin
2026-02-20 23:39:11,073 [INFO] IPUIPlugin:80 - create IPUIPlugin
2026-02-20 23:39:11,073 [INFO] IPUIPlugin:80 - create IPUIPlugin
2026-02-20 23:39:11,073 [INFO] IPUIPlugin:80 - create IPUIPlugin
2026-02-20 23:39:11,073 [INFO] IPUIPlugin:80 - create IPUIPlugin
2026-02-20 23:39:11,073 [INFO] IPUIPlugin:80 - create IPUIPlugin
2026-02-20 23:39:11,074 [INFO] IPUIPlugin:80 - create IPUIPlugin
2026-02-20 23:39:11,074 [INFO] IPUIPlugin:80 - create IPUIPlugin
2026-02-20 23:39:11,074 [INFO] IPUIPlugin:80 - create IPUIPlugin
2026-02-20 23:39:11,074 [INFO] IPUIPlugin:80 - create IPUIPlugin
2026-02-20 23:39:11,074 [INFO] IPUIPlugin:80 - create IPUIPlugin
2026-02-20 23:39:11,074 [INFO] IPUIPlugin:80 - create IPUIPlugin
2026-02-20 23:39:11,074 [INFO] IPUIPlugin:80 - create IPUIPlugin
2026-02-20 23:39:11,075 [INFO] IPUIPlugin:80 - create IPUIPlugin
2026-02-20 23:39:11,075 [INFO] IPUIPlugin:80 - create IPUIPlugin
2026-02-20 23:39:11,075 [INFO] IPUIPlugin:80 - create IPUIPlugin
2026-02-20 23:39:11,075 [INFO] IPUIPlugin:80 - create IPUIPlugin
2026-02-20 23:39:11,076 [INFO] IPUIPlugin:80 - create IPUIPlugin
2026-02-20 23:39:11,076 [INFO] IPUIPlugin:80 - create IPUIPlugin
2026-02-20 23:39:11,076 [INFO] IPUIPlugin:80 - create IPUIPlugin
2026-02-20 23:39:11,076 [INFO] IPUIPlugin:80 - create IPUIPlugin
2026-02-20 23:39:11,077 [INFO] IPUIPlugin:80 - create IPUIPlugin
2026-02-20 23:39:11,077 [INFO] IPUIPlugin:80 - create IPUIPlugin
2026-02-20 23:39:11,077 [INFO] IPUIPlugin:80 - create IPUIPlugin
2026-02-20 23:39:11,077 [INFO] IPUIPlugin:80 - create IPUIPlugin
2026-02-20 23:39:11,077 [INFO] IPUIPlugin:80 - create IPUIPlugin
2026-02-20 23:39:11,077 [INFO] IPUIPlugin:80 - create IPUIPlugin
2026-02-20 23:39:11,078 [INFO] IPUIPlugin:80 - create IPUIPlugin
2026-02-20 23:39:11,078 [INFO] IPUIPlugin:80 - create IPUIPlugin
2026-02-20 23:39:11,078 [INFO] IPUIPlugin:80 - create IPUIPlugin
2026-02-20 23:39:11,078 [INFO] IPUIPlugin:80 - create IPUIPlugin
2026-02-20 23:39:11,079 [INFO] IPUIPlugin:80 - create IPUIPlugin
2026-02-20 23:39:11,079 [INFO] IPUIPlugin:80 - create IPUIPlugin
2026-02-20 23:39:11,079 [INFO] IPUIPlugin:80 - create IPUIPlugin
2026-02-20 23:39:11,079 [INFO] IPUIPlugin:80 - create IPUIPlugin
2026-02-20 23:39:11,080 [INFO] IPUIPlugin:80 - create IPUIPlugin
2026-02-20 23:39:11,080 [INFO] IPUIPlugin:80 - create IPUIPlugin
2026-02-20 23:39:11,081 [INFO] IPUIPlugin:80 - create IPUIPlugin
2026-02-20 23:39:11,081 [INFO] IPUIPlugin:80 - create IPUIPlugin
2026-02-20 23:39:11,082 [INFO] IPUIPlugin:80 - create IPUIPlugin
2026-02-20 23:39:11,082 [INFO] IPUIPlugin:80 - create IPUIPlugin
2026-02-20 23:39:11,083 [INFO] IPUIPlugin:80 - create IPUIPlugin
2026-02-20 23:39:11,083 [INFO] IPUIPlugin:80 - create IPUIPlugin
2026-02-20 23:39:11,083 [INFO] IPUIPlugin:80 - create IPUIPlugin
2026-02-20 23:39:11,084 [INFO] IPUIPlugin:80 - create IPUIPlugin
2026-02-20 23:39:11,084 [INFO] IPUIPlugin:80 - create IPUIPlugin
2026-02-20 23:39:11,085 [INFO] IPUIPlugin:80 - create IPUIPlugin
2026-02-20 23:39:11,085 [INFO] IPUIPlugin:80 - create IPUIPlugin
2026-02-20 23:39:11,086 [INFO] IPUIPlugin:80 - create IPUIPlugin
2026-02-20 23:39:11,086 [INFO] IPUIPlugin:80 - create IPUIPlugin
2026-02-20 23:39:11,087 [INFO] IPUIPlugin:80 - create IPUIPlugin
2026-02-20 23:39:11,087 [INFO] IPUIPlugin:80 - create IPUIPlugin
2026-02-20 23:39:11,088 [INFO] IPUIPlugin:80 - create IPUIPlugin
2026-02-20 23:39:11,088 [INFO] IPUIPlugin:80 - create IPUIPlugin
2026-02-20 23:39:11,089 [INFO] IPUIPlugin:80 - create IPUIPlugin
2026-02-20 23:39:11,090 [INFO] IPUIPlugin:80 - create IPUIPlugin
2026-02-20 23:39:11,090 [INFO] IPUIPlugin:80 - create IPUIPlugin
2026-02-20 23:39:11,091 [INFO] IPUIPlugin:80 - create IPUIPlugin
2026-02-20 23:39:11,091 [INFO] IPUIPlugin:80 - create IPUIPlugin
2026-02-20 23:39:11,092 [INFO] IPUIPlugin:80 - create IPUIPlugin
2026-02-20 23:39:11,092 [INFO] IPUIPlugin:80 - create IPUIPlugin
2026-02-20 23:39:11,099 [INFO] ApiDbMcu:532 - Load IP Config File for PDM2PCM
2026-02-20 23:39:11,138 [INFO] CADModel:165 - CPN selected for project levelSTM32F429VIT6
2026-02-20 23:39:11,138 [INFO] CADModel:114 - Register for checkConnection events
2026-02-20 23:39:11,192 [INFO] OpenFileManager:386 - Restore cursor
2026-02-20 23:39:11,750 [INFO] UtilMem:75 - End SaveConfig() Used Memory: 784742984 Bytes (1073741824)
2026-02-20 23:39:11,836 [INFO] UtilMem:75 - End SaveConfig() Used Memory: 809528112 Bytes (1073741824)
2026-02-20 23:39:12,211 [INFO] BlockDiagram:2775 - set Specific Code input for plugin: RCC
2026-02-20 23:39:12,211 [INFO] BlockDiagram:2775 - set Specific Code input for plugin: NVIC
2026-02-20 23:39:12,213 [INFO] CodeGenerator:892 - code generatio: config db path: C:\ST\STM32CubeIDE_1.19.0\STM32CubeIDE\plugins\com.st.stm32cube.common.mx_6.15.0.202507011659\\db\
2026-02-20 23:39:12,309 [INFO] CodeEngine:265 - oldGeneratedFile, C:\Users\Etienne\Documents\Programation\Rover\Software\STM32CubeIDE\GAULRover\MXTmpFiles\license.tmp_save
2026-02-20 23:39:12,613 [INFO] CodeEngine:289 - Generated code: C:\Users\Etienne\Documents\Programation\Rover\Software\STM32CubeIDE\GAULRover\MXTmpFiles\license.tmp
2026-02-20 23:39:12,641 [INFO] CodeEngine:265 - oldGeneratedFile, C:\Users\Etienne\Documents\Programation\Rover\Software\STM32CubeIDE\GAULRover\Core\Src\stm32f4xx_it.c_save
2026-02-20 23:39:12,982 [INFO] CodeEngine:289 - Generated code: C:\Users\Etienne\Documents\Programation\Rover\Software\STM32CubeIDE\GAULRover\Core\Src\stm32f4xx_it.c
2026-02-20 23:39:12,991 [INFO] CodeEngine:265 - oldGeneratedFile, C:\Users\Etienne\Documents\Programation\Rover\Software\STM32CubeIDE\GAULRover\Core\Inc\stm32f4xx_it.h_save
2026-02-20 23:39:13,106 [INFO] CodeEngine:289 - Generated code: C:\Users\Etienne\Documents\Programation\Rover\Software\STM32CubeIDE\GAULRover\Core\Inc\stm32f4xx_it.h
2026-02-20 23:39:13,161 [INFO] CodeEngine:265 - oldGeneratedFile, C:\Users\Etienne\Documents\Programation\Rover\Software\STM32CubeIDE\GAULRover\Core\Src\stm32f4xx_hal_msp.c_save
2026-02-20 23:39:13,298 [INFO] CodeEngine:289 - Generated code: C:\Users\Etienne\Documents\Programation\Rover\Software\STM32CubeIDE\GAULRover\Core\Src\stm32f4xx_hal_msp.c
2026-02-20 23:39:13,307 [INFO] CodeEngine:265 - oldGeneratedFile, C:\Users\Etienne\Documents\Programation\Rover\Software\STM32CubeIDE\GAULRover\MXTmpFiles\system.tmp_save
2026-02-20 23:39:13,386 [INFO] CodeEngine:289 - Generated code: C:\Users\Etienne\Documents\Programation\Rover\Software\STM32CubeIDE\GAULRover\MXTmpFiles\system.tmp
2026-02-20 23:39:13,408 [INFO] CodeEngine:321 - oldGeneratedFile, C:\Users\Etienne\Documents\Programation\Rover\Software\STM32CubeIDE\GAULRover\Core\Inc\stm32f4xx_hal_conf.h_save
2026-02-20 23:39:13,498 [INFO] CodeEngine:345 - Generated code: C:\Users\Etienne\Documents\Programation\Rover\Software\STM32CubeIDE\GAULRover\Core\Inc\stm32f4xx_hal_conf.h
2026-02-20 23:39:13,532 [INFO] ApiDbMcu:532 - Load IP Config File for RCC
2026-02-20 23:39:13,545 [INFO] CodeEngine:265 - oldGeneratedFile, C:\Users\Etienne\Documents\Programation\Rover\Software\STM32CubeIDE\GAULRover\Core\Inc\main.h_save
2026-02-20 23:39:13,655 [INFO] CodeEngine:289 - Generated code: C:\Users\Etienne\Documents\Programation\Rover\Software\STM32CubeIDE\GAULRover\Core\Inc\main.h
2026-02-20 23:39:13,669 [INFO] CodeEngine:265 - oldGeneratedFile, C:\Users\Etienne\Documents\Programation\Rover\Software\STM32CubeIDE\GAULRover\Core\Src\main.c_save
2026-02-20 23:39:13,791 [INFO] CodeEngine:289 - Generated code: C:\Users\Etienne\Documents\Programation\Rover\Software\STM32CubeIDE\GAULRover\Core\Src\main.c
2026-02-20 23:39:14,417 [INFO] ProjectBuilder:3606 - Time for Copy HAL[1] : 293mS.
2026-02-20 23:39:14,423 [INFO] ProjectBuilder:5216 - Project Generator version: 4.7.0-B52
2026-02-20 23:39:14,546 [INFO] ConfigFileManager:1595 - The Die is : DIE419
2026-02-20 23:39:14,557 [INFO] ApiDbMcu:532 - Load IP Config File for FATFS
2026-02-20 23:39:14,565 [INFO] ApiDbMcu:532 - Load IP Config File for FREERTOS
2026-02-20 23:39:14,568 [INFO] ApiDbMcu:532 - Load IP Config File for LIBJPEG
2026-02-20 23:39:14,576 [INFO] ApiDbMcu:532 - Load IP Config File for LWIP
2026-02-20 23:39:14,583 [INFO] ApiDbMcu:532 - Load IP Config File for MBEDTLS
2026-02-20 23:39:14,594 [INFO] ApiDbMcu:532 - Load IP Config File for USB_DEVICE
2026-02-20 23:39:14,600 [INFO] ApiDbMcu:532 - Load IP Config File for USB_HOST
2026-02-20 23:39:17,392 [INFO] ProjectBuilder:5496 - Time for Generating toolchain IDE Files: 2969mS.
2026-02-20 23:39:17,393 [INFO] ProjectBuilder:3463 - Time for Copy CMSIS : 1mS.
2026-02-20 23:39:17,399 [INFO] ProjectBuilder:3463 - Time for Copy CMSIS : 0mS.
2026-02-20 23:39:18,079 [INFO] McuFinderGlobals:76 - Set McuFinderConnectedMode to true
2026-02-20 23:39:18,082 [INFO] ApiDb:448 - Save user favorites file C:\Users\Etienne/.stm32cubeide/favorites.mcus.txt: 0 item(s)
2026-02-20 23:39:18,082 [INFO] ApiDb:452 - User favorites MCUs=[]
