ISO-10303-21;
HEADER;
FILE_DESCRIPTION (( 'STEP AP214' ),
    '1' );
FILE_NAME ('CC-14-3.STEP',
    '2024-11-05T19:56:17',
    ( '' ),
    ( '' ),
    'SwSTEP 2.0',
    'SolidWorks 2021',
    '' );
FILE_SCHEMA (( 'AUTOMOTIVE_DESIGN' ));
ENDSEC;

DATA;
#1 = VERTEX_POINT ( 'NONE', #2692 ) ;
#2 = VECTOR ( 'NONE', #861, 1000.000000000000000 ) ;
#3 = CARTESIAN_POINT ( 'NONE',  ( 0.1399999999999999301, 0.1600000000000000033, -0.9000000000000030198 ) ) ;
#4 = VECTOR ( 'NONE', #1733, 1000.000000000000000 ) ;
#5 = DIRECTION ( 'NONE',  ( 0.000000000000000000, 0.000000000000000000, -1.000000000000000000 ) ) ;
#6 = EDGE_LOOP ( 'NONE', ( #3941, #222, #4478, #3499 ) ) ;
#7 = PLANE ( 'NONE',  #109 ) ;
#8 = DIRECTION ( 'NONE',  ( -1.355252715606879556E-16, -0.000000000000000000, -1.000000000000000000 ) ) ;
#9 = DIRECTION ( 'NONE',  ( 1.000000000000000000, 0.000000000000000000, 0.000000000000000000 ) ) ;
#10 = VECTOR ( 'NONE', #1878, 1000.000000000000000 ) ;
#11 = EDGE_CURVE ( 'NONE', #4835, #2998, #72, .T. ) ;
#12 = CARTESIAN_POINT ( 'NONE',  ( -1.212966224413917438, 0.9199999999999999289, -1.271687987766373817 ) ) ;
#13 = ORIENTED_EDGE ( 'NONE', *, *, #2823, .T. ) ;
#14 = DIRECTION ( 'NONE',  ( 1.000000000000000000, 0.000000000000000000, 0.000000000000000000 ) ) ;
#15 = VERTEX_POINT ( 'NONE', #1215 ) ;
#16 = CARTESIAN_POINT ( 'NONE',  ( 0.6400000000000000133, 0.1600000000000000033, 1.299999999999999600 ) ) ;
#17 = DIRECTION ( 'NONE',  ( 0.000000000000000000, 0.000000000000000000, 1.000000000000000000 ) ) ;
#18 = ADVANCED_FACE ( 'NONE', ( #3110 ), #3134, .F. ) ;
#19 = CARTESIAN_POINT ( 'NONE',  ( -1.449999999999999956, 0.1600000000000000033, -1.399999999999999245 ) ) ;
#20 = CARTESIAN_POINT ( 'NONE',  ( -0.9499999999999948486, 0.000000000000000000, 0.8900000000000000133 ) ) ;
#21 = CARTESIAN_POINT ( 'NONE',  ( -0.6400000000000000133, 0.6482622246293484602, -1.300000000000006706 ) ) ;
#22 = ORIENTED_EDGE ( 'NONE', *, *, #557, .T. ) ;
#23 = ADVANCED_FACE ( 'NONE', ( #796 ), #4268, .F. ) ;
#24 = EDGE_CURVE ( 'NONE', #1417, #2960, #4616, .T. ) ;
#25 = ORIENTED_EDGE ( 'NONE', *, *, #1146, .T. ) ;
#26 = ORIENTED_EDGE ( 'NONE', *, *, #822, .T. ) ;
#27 = CARTESIAN_POINT ( 'NONE',  ( -0.9499999999999981792, 0.6482622246293484602, -0.3900000000000000688 ) ) ;
#28 = FACE_OUTER_BOUND ( 'NONE', #4331, .T. ) ;
#29 = FACE_OUTER_BOUND ( 'NONE', #2534, .T. ) ;
#30 = SURFACE_SIDE_STYLE ('',( #2256 ) ) ;
#31 = VERTEX_POINT ( 'NONE', #847 ) ;
#32 = DIRECTION ( 'NONE',  ( 0.000000000000000000, -1.000000000000000000, 0.000000000000000000 ) ) ;
#33 = DIRECTION ( 'NONE',  ( -0.000000000000000000, 1.000000000000000000, 0.000000000000000000 ) ) ;
#34 = CARTESIAN_POINT ( 'NONE',  ( -0.3600000000000000977, 0.6482622246293484602, 0.9000000000000064615 ) ) ;
#35 = ADVANCED_FACE ( 'NONE', ( #3892 ), #98, .F. ) ;
#36 = PLANE ( 'NONE',  #1285 ) ;
#37 = ORIENTED_EDGE ( 'NONE', *, *, #4604, .F. ) ;
#38 = ORIENTED_EDGE ( 'NONE', *, *, #3615, .F. ) ;
#39 = CARTESIAN_POINT ( 'NONE',  ( -0.9499999999999998446, 0.000000000000000000, -0.8900000000000000133 ) ) ;
#40 = CARTESIAN_POINT ( 'NONE',  ( 0.3599999999999999312, 0.6482622246293484602, -0.8999999999999994671 ) ) ;
#41 = EDGE_CURVE ( 'NONE', #1030, #1985, #4691, .T. ) ;
#42 = LINE ( 'NONE', #754, #1085 ) ;
#43 = PLANE ( 'NONE',  #3286 ) ;
#44 = ADVANCED_FACE ( 'NONE', ( #2372 ), #3481, .T. ) ;
#45 = LINE ( 'NONE', #4642, #1431 ) ;
#46 = CARTESIAN_POINT ( 'NONE',  ( 1.349999999999999867, 0.1600000000000000033, -0.8900000000000000133 ) ) ;
#47 = ORIENTED_EDGE ( 'NONE', *, *, #2828, .T. ) ;
#48 = EDGE_CURVE ( 'NONE', #4530, #2209, #1238, .T. ) ;
#49 = CARTESIAN_POINT ( 'NONE',  ( 0.9499999999999998446, 0.000000000000000000, -0.6099999999999999867 ) ) ;
#50 = ORIENTED_EDGE ( 'NONE', *, *, #3634, .T. ) ;
#51 = AXIS2_PLACEMENT_3D ( 'NONE', #4456, #1055, #719 ) ;
#52 = VECTOR ( 'NONE', #873, 1000.000000000000000 ) ;
#53 = ORIENTED_EDGE ( 'NONE', *, *, #4437, .F. ) ;
#54 = LINE ( 'NONE', #1563, #2846 ) ;
#55 = DIRECTION ( 'NONE',  ( 2.710505431213761578E-16, 0.000000000000000000, 1.000000000000000000 ) ) ;
#56 = PRESENTATION_LAYER_ASSIGNMENT (  '', '', ( #3477 ) ) ;
#57 = FACE_OUTER_BOUND ( 'NONE', #2916, .T. ) ;
#58 = DIRECTION ( 'NONE',  ( 0.000000000000000000, -1.000000000000000000, 0.000000000000000000 ) ) ;
#59 = ORIENTED_EDGE ( 'NONE', *, *, #179, .F. ) ;
#60 = FACE_OUTER_BOUND ( 'NONE', #3933, .T. ) ;
#61 = LINE ( 'NONE', #4332, #145 ) ;
#62 = CARTESIAN_POINT ( 'NONE',  ( -0.9499999999999981792, 0.000000000000000000, -0.1099999999999999589 ) ) ;
#63 = VECTOR ( 'NONE', #1108, 1000.000000000000000 ) ;
#64 = AXIS2_PLACEMENT_3D ( 'NONE', #3511, #4293, #870 ) ;
#65 = VERTEX_POINT ( 'NONE', #2787 ) ;
#66 = DIRECTION ( 'NONE',  ( -0.000000000000000000, 0.000000000000000000, 1.000000000000000000 ) ) ;
#67 = CARTESIAN_POINT ( 'NONE',  ( -1.449999999999999956, 0.1600000000000000033, -1.399999999999999245 ) ) ;
#68 = ORIENTED_EDGE ( 'NONE', *, *, #2224, .F. ) ;
#69 = CYLINDRICAL_SURFACE ( 'NONE', #1124, 0.07499999999999998335 ) ;
#70 = CARTESIAN_POINT ( 'NONE',  ( -1.349999999999994760, 0.000000000000000000, 0.8900000000000000133 ) ) ;
#71 = LINE ( 'NONE', #2714, #1961 ) ;
#72 = LINE ( 'NONE', #1556, #4559 ) ;
#73 = LINE ( 'NONE', #774, #4867 ) ;
#74 = ADVANCED_FACE ( 'NONE', ( #432 ), #868, .T. ) ;
#75 = LINE ( 'NONE', #46, #2167 ) ;
#76 = CARTESIAN_POINT ( 'NONE',  ( -0.9499999999999964029, 0.1600000000000000033, 0.3900000000000000688 ) ) ;
#77 = ORIENTED_EDGE ( 'NONE', *, *, #2837, .T. ) ;
#78 = VERTEX_POINT ( 'NONE', #19 ) ;
#79 = EDGE_CURVE ( 'NONE', #3383, #2332, #3536, .T. ) ;
#80 = VECTOR ( 'NONE', #1885, 1000.000000000000000 ) ;
#81 = EDGE_CURVE ( 'NONE', #1300, #4826, #3058, .T. ) ;
#82 = FILL_AREA_STYLE ('',( #235 ) ) ;
#83 = ADVANCED_FACE ( 'NONE', ( #459 ), #43, .F. ) ;
#84 = ORIENTED_EDGE ( 'NONE', *, *, #1290, .T. ) ;
#85 = CARTESIAN_POINT ( 'NONE',  ( 0.3599999999999999312, 0.000000000000000000, -0.8999999999999994671 ) ) ;
#86 = LINE ( 'NONE', #4653, #555 ) ;
#87 = DIRECTION ( 'NONE',  ( -0.000000000000000000, -1.000000000000000000, -0.000000000000000000 ) ) ;
#88 = EDGE_CURVE ( 'NONE', #4560, #4937, #3284, .T. ) ;
#89 = VECTOR ( 'NONE', #4712, 1000.000000000000000 ) ;
#90 = VECTOR ( 'NONE', #1490, 1000.000000000000000 ) ;
#91 = ORIENTED_EDGE ( 'NONE', *, *, #1299, .T. ) ;
#92 = FACE_OUTER_BOUND ( 'NONE', #755, .T. ) ;
#93 = CARTESIAN_POINT ( 'NONE',  ( -1.449999999999999956, 0.1600000000000000033, 1.400000000000000577 ) ) ;
#94 = ORIENTED_EDGE ( 'NONE', *, *, #4013, .F. ) ;
#95 = CARTESIAN_POINT ( 'NONE',  ( -0.7499999999999998890, 0.000000000000000000, -0.8249999999999999556 ) ) ;
#96 = CARTESIAN_POINT ( 'NONE',  ( -0.3599999999999999867, 0.6482622246293484602, 1.300000000000006484 ) ) ;
#97 = CLOSED_SHELL ( 'NONE', ( #4596, #4048, #4873, #2611, #2640, #785 ) ) ;
#98 = PLANE ( 'NONE',  #268 ) ;
#99 = CARTESIAN_POINT ( 'NONE',  ( -0.9499999999999964029, 0.000000000000000000, 0.1099999999999999589 ) ) ;
#100 = VECTOR ( 'NONE', #2427, 1000.000000000000000 ) ;
#101 = CARTESIAN_POINT ( 'NONE',  ( -1.349999999999999867, 0.000000000000000000, -0.6099999999999999867 ) ) ;
#102 = ORIENTED_EDGE ( 'NONE', *, *, #1298, .T. ) ;
#103 = DIRECTION ( 'NONE',  ( -0.000000000000000000, -1.000000000000000000, 0.000000000000000000 ) ) ;
#104 = FACE_OUTER_BOUND ( 'NONE', #2248, .T. ) ;
#105 = ORIENTED_EDGE ( 'NONE', *, *, #3350, .F. ) ;
#106 = EDGE_CURVE ( 'NONE', #957, #2841, #352, .T. ) ;
#107 = ORIENTED_EDGE ( 'NONE', *, *, #4114, .F. ) ;
#108 = CARTESIAN_POINT ( 'NONE',  ( 1.349999999999994760, 0.1600000000000000033, 0.8900000000000000133 ) ) ;
#109 = AXIS2_PLACEMENT_3D ( 'NONE', #212, #1741, #3267 ) ;
#110 = AXIS2_PLACEMENT_3D ( 'NONE', #3749, #1475, #4808 ) ;
#111 = DIRECTION ( 'NONE',  ( 0.000000000000000000, -1.000000000000000000, 0.000000000000000000 ) ) ;
#112 = MECHANICAL_DESIGN_GEOMETRIC_PRESENTATION_REPRESENTATION (  '', ( #3133 ), #1140 ) ;
#113 = DIRECTION ( 'NONE',  ( 0.000000000000000000, 1.000000000000000000, 0.000000000000000000 ) ) ;
#114 = VERTEX_POINT ( 'NONE', #147 ) ;
#115 = CARTESIAN_POINT ( 'NONE',  ( -0.6400000000000001243, 0.6482622246293484602, -0.9000000000000063505 ) ) ;
#116 = DIRECTION ( 'NONE',  ( 1.000000000000000000, 0.000000000000000000, 0.000000000000000000 ) ) ;
#117 = EDGE_LOOP ( 'NONE', ( #4446, #4930, #2931, #1395 ) ) ;
#118 = FACE_BOUND ( 'NONE', #4888, .T. ) ;
#119 = DIRECTION ( 'NONE',  ( -0.000000000000000000, -1.000000000000000000, -0.000000000000000000 ) ) ;
#120 = ORIENTED_EDGE ( 'NONE', *, *, #3041, .F. ) ;
#121 = DIRECTION ( 'NONE',  ( -0.000000000000000000, -1.000000000000000000, -0.000000000000000000 ) ) ;
#122 = EDGE_CURVE ( 'NONE', #2272, #3119, #2910, .T. ) ;
#123 = CARTESIAN_POINT ( 'NONE',  ( 1.349999999999996314, 0.6482622246293484602, 0.3900000000000000688 ) ) ;
#124 = CARTESIAN_POINT ( 'NONE',  ( -0.1400000000000000411, 0.1600000000000000033, -1.300000000000003153 ) ) ;
#125 = DIRECTION ( 'NONE',  ( -2.710505431213761578E-16, 0.000000000000000000, -1.000000000000000000 ) ) ;
#126 = CARTESIAN_POINT ( 'NONE',  ( -0.9499999999999948486, 0.000000000000000000, 0.6099999999999999867 ) ) ;
#127 = VERTEX_POINT ( 'NONE', #3945 ) ;
#128 = CARTESIAN_POINT ( 'NONE',  ( -0.3600000000000000977, 0.1600000000000000033, 0.9000000000000064615 ) ) ;
#129 = CARTESIAN_POINT ( 'NONE',  ( 1.349999999999994760, 0.000000000000000000, 0.6099999999999999867 ) ) ;
#130 = ORIENTED_EDGE ( 'NONE', *, *, #4875, .F. ) ;
#131 = LINE ( 'NONE', #1295, #2016 ) ;
#132 = ORIENTED_EDGE ( 'NONE', *, *, #3589, .F. ) ;
#133 = PRESENTATION_STYLE_ASSIGNMENT (( #2436 ) ) ;
#134 = CARTESIAN_POINT ( 'NONE',  ( -1.449999999999999956, 5.971128874149274957, -1.399999999999999245 ) ) ;
#135 = AXIS2_PLACEMENT_3D ( 'NONE', #1737, #1363, #2190 ) ;
#136 = CARTESIAN_POINT ( 'NONE',  ( -1.212966224413917438, 0.9199999999999999289, -1.166255723846428172 ) ) ;
#137 = ORIENTED_EDGE ( 'NONE', *, *, #4655, .T. ) ;
#138 = LINE ( 'NONE', #3199, #4769 ) ;
#139 = DIRECTION ( 'NONE',  ( 0.000000000000000000, 0.000000000000000000, 1.000000000000000000 ) ) ;
#140 =( GEOMETRIC_REPRESENTATION_CONTEXT ( 3 ) GLOBAL_UNCERTAINTY_ASSIGNED_CONTEXT ( ( #3547 ) ) GLOBAL_UNIT_ASSIGNED_CONTEXT ( ( #2329, #2797, #1944 ) ) REPRESENTATION_CONTEXT ( 'NONE', 'WORKASPACE' ) );
#141 = VERTEX_POINT ( 'NONE', #1735 ) ;
#142 = PRESENTATION_STYLE_ASSIGNMENT (( #863 ) ) ;
#143 = VERTEX_POINT ( 'NONE', #1709 ) ;
#144 = DIRECTION ( 'NONE',  ( -0.000000000000000000, 1.000000000000000000, -0.000000000000000000 ) ) ;
#145 = VECTOR ( 'NONE', #910, 1000.000000000000000 ) ;
#146 = LINE ( 'NONE', #123, #253 ) ;
#147 = CARTESIAN_POINT ( 'NONE',  ( -0.6400000000000000133, 0.000000000000000000, 1.300000000000006706 ) ) ;
#148 = FACE_OUTER_BOUND ( 'NONE', #642, .T. ) ;
#149 = EDGE_CURVE ( 'NONE', #4921, #4659, #4365, .T. ) ;
#150 = AXIS2_PLACEMENT_3D ( 'NONE', #93, #2733, #3203 ) ;
#151 = VERTEX_POINT ( 'NONE', #3612 ) ;
#152 = DIRECTION ( 'NONE',  ( 0.000000000000000000, 1.000000000000000000, 0.000000000000000000 ) ) ;
#153 = CARTESIAN_POINT ( 'NONE',  ( -0.6400000000000000133, 0.000000000000000000, 1.300000000000006706 ) ) ;
#154 = EDGE_LOOP ( 'NONE', ( #1624, #4829, #2433, #4526 ) ) ;
#155 = FILL_AREA_STYLE ('',( #1642 ) ) ;
#156 = ORIENTED_EDGE ( 'NONE', *, *, #1263, .F. ) ;
#157 = SURFACE_SIDE_STYLE ('',( #2030 ) ) ;
#158 = DIRECTION ( 'NONE',  ( 0.000000000000000000, -1.000000000000000000, 0.000000000000000000 ) ) ;
#159 = UNCERTAINTY_MEASURE_WITH_UNIT (LENGTH_MEASURE( 1.000000000000000082E-05 ), #4223, 'distance_accuracy_value', 'NONE');
#160 = CARTESIAN_POINT ( 'NONE',  ( -1.349999999999998090, 0.1599999999999999756, -0.1099999999999999589 ) ) ;
#161 = LINE ( 'NONE', #3493, #4898 ) ;
#162 = VERTEX_POINT ( 'NONE', #946 ) ;
#163 = DIRECTION ( 'NONE',  ( -0.000000000000000000, -1.000000000000000000, -0.000000000000000000 ) ) ;
#164 = DIRECTION ( 'NONE',  ( 1.000000000000000000, 0.000000000000000000, 3.872150616019658341E-16 ) ) ;
#165 = EDGE_CURVE ( 'NONE', #3639, #3475, #2815, .T. ) ;
#166 = ORIENTED_EDGE ( 'NONE', *, *, #3488, .F. ) ;
#167 = CARTESIAN_POINT ( 'NONE',  ( 0.9499999999999998446, 0.6482622246293484602, -0.8900000000000000133 ) ) ;
#168 = CARTESIAN_POINT ( 'NONE',  ( -0.6400000000000001243, 0.1600000000000000033, 0.9000000000000063505 ) ) ;
#169 = ORIENTED_EDGE ( 'NONE', *, *, #106, .T. ) ;
#170 = PLANE ( 'NONE',  #1913 ) ;
#171 = PLANE ( 'NONE',  #3341 ) ;
#172 = VECTOR ( 'NONE', #1380, 1000.000000000000000 ) ;
#173 = VECTOR ( 'NONE', #3408, 1000.000000000000000 ) ;
#174 = SHAPE_DEFINITION_REPRESENTATION ( #4136, #1720 ) ;
#175 = VECTOR ( 'NONE', #164, 1000.000000000000000 ) ;
#176 = DIRECTION ( 'NONE',  ( 0.000000000000000000, 1.000000000000000000, -0.000000000000000000 ) ) ;
#177 = AXIS2_PLACEMENT_3D ( 'NONE', #4133, #4556, #4535 ) ;
#178 = VECTOR ( 'NONE', #2200, 1000.000000000000000 ) ;
#179 = EDGE_CURVE ( 'NONE', #376, #1935, #2140, .T. ) ;
#180 = DIRECTION ( 'NONE',  ( 0.000000000000000000, -1.000000000000000000, 0.000000000000000000 ) ) ;
#181 = CARTESIAN_POINT ( 'NONE',  ( 0.000000000000000000, 0.1600000000000000033, 0.000000000000000000 ) ) ;
#182 = LINE ( 'NONE', #3264, #837 ) ;
#183 = VERTEX_POINT ( 'NONE', #919 ) ;
#184 = LINE ( 'NONE', #953, #2893 ) ;
#185 = EDGE_CURVE ( 'NONE', #2948, #2153, #4435, .T. ) ;
#186 = VERTEX_POINT ( 'NONE', #1683 ) ;
#187 = ADVANCED_FACE ( 'NONE', ( #4016 ), #1757, .F. ) ;
#188 = ADVANCED_FACE ( 'NONE', ( #536 ), #2044, .T. ) ;
#189 = ORIENTED_EDGE ( 'NONE', *, *, #3564, .T. ) ;
#190 = DIRECTION ( 'NONE',  ( 1.000000000000000000, 0.000000000000000000, 0.000000000000000000 ) ) ;
#191 = CARTESIAN_POINT ( 'NONE',  ( 0.6399999999999999023, 0.1600000000000000033, -0.8999999999999995781 ) ) ;
#192 = VECTOR ( 'NONE', #158, 1000.000000000000000 ) ;
#193 = ORIENTED_EDGE ( 'NONE', *, *, #701, .T. ) ;
#194 = DIRECTION ( 'NONE',  ( 2.710505431213761578E-16, 0.000000000000000000, 1.000000000000000000 ) ) ;
#195 = ORIENTED_EDGE ( 'NONE', *, *, #1419, .T. ) ;
#196 = EDGE_CURVE ( 'NONE', #637, #354, #2835, .T. ) ;
#197 = LINE ( 'NONE', #1706, #654 ) ;
#198 = CARTESIAN_POINT ( 'NONE',  ( 0.3599999999999999312, 0.000000000000000000, -0.8999999999999994671 ) ) ;
#199 = VECTOR ( 'NONE', #194, 1000.000000000000000 ) ;
#200 = MECHANICAL_DESIGN_GEOMETRIC_PRESENTATION_REPRESENTATION (  '', ( #1699 ), #2978 ) ;
#201 = CARTESIAN_POINT ( 'NONE',  ( 1.349999999999994760, 0.000000000000000000, 0.8900000000000000133 ) ) ;
#202 = CARTESIAN_POINT ( 'NONE',  ( -0.1400000000000000411, 0.1599999999999999756, 1.300000000000003153 ) ) ;
#203 = VECTOR ( 'NONE', #874, 1000.000000000000000 ) ;
#204 = EDGE_CURVE ( 'NONE', #243, #2332, #1287, .T. ) ;
#205 = AXIS2_PLACEMENT_3D ( 'NONE', #1740, #2914, #1409 ) ;
#206 = CYLINDRICAL_SURFACE ( 'NONE', #4836, 0.07499999999999998335 ) ;
#207 = ADVANCED_FACE ( 'NONE', ( #1311 ), #583, .T. ) ;
#208 = MANIFOLD_SOLID_BREP ( 'Boss-Extrude4[3]', #3516 ) ;
#209 = CARTESIAN_POINT ( 'NONE',  ( -1.349999999999996314, 0.6482622246293484602, 0.3900000000000000688 ) ) ;
#210 = ORIENTED_EDGE ( 'NONE', *, *, #4743, .F. ) ;
#211 = LINE ( 'NONE', #4773, #3863 ) ;
#212 = CARTESIAN_POINT ( 'NONE',  ( 0.000000000000000000, 0.1600000000000000033, 0.000000000000000000 ) ) ;
#213 = ORIENTED_EDGE ( 'NONE', *, *, #2580, .T. ) ;
#214 =( NAMED_UNIT ( * ) PLANE_ANGLE_UNIT ( ) SI_UNIT ( $, .RADIAN. ) );
#215 = FACE_OUTER_BOUND ( 'NONE', #2844, .T. ) ;
#216 = EDGE_CURVE ( 'NONE', #3340, #2454, #230, .T. ) ;
#217 = ORIENTED_EDGE ( 'NONE', *, *, #2745, .F. ) ;
#218 = EDGE_CURVE ( 'NONE', #765, #4427, #4085, .T. ) ;
#219 = DIRECTION ( 'NONE',  ( 2.710505431213759113E-16, 0.000000000000000000, -1.000000000000000000 ) ) ;
#220 = DIRECTION ( 'NONE',  ( -1.000000000000000000, 0.000000000000000000, 7.744301232039315695E-16 ) ) ;
#221 = AXIS2_PLACEMENT_3D ( 'NONE', #3837, #1489, #4519 ) ;
#222 = ORIENTED_EDGE ( 'NONE', *, *, #122, .T. ) ;
#223 = DIRECTION ( 'NONE',  ( -0.000000000000000000, -1.000000000000000000, -0.000000000000000000 ) ) ;
#224 =( NAMED_UNIT ( * ) PLANE_ANGLE_UNIT ( ) SI_UNIT ( $, .RADIAN. ) );
#225 = ORIENTED_EDGE ( 'NONE', *, *, #1591, .F. ) ;
#226 = DIRECTION ( 'NONE',  ( -0.000000000000000000, 1.000000000000000000, 0.000000000000000000 ) ) ;
#227 = AXIS2_PLACEMENT_3D ( 'NONE', #372, #1848, #2576 ) ;
#228 = CARTESIAN_POINT ( 'NONE',  ( 0.9499999999999948486, 0.6482622246293484602, 0.6099999999999999867 ) ) ;
#229 = MECHANICAL_DESIGN_GEOMETRIC_PRESENTATION_REPRESENTATION (  '', ( #3714 ), #1092 ) ;
#230 = LINE ( 'NONE', #1449, #2261 ) ;
#231 = DIRECTION ( 'NONE',  ( -1.000000000000000000, 0.000000000000000000, 0.000000000000000000 ) ) ;
#232 = EDGE_CURVE ( 'NONE', #758, #4100, #4812, .T. ) ;
#233 = CARTESIAN_POINT ( 'NONE',  ( 1.349999999999998090, 0.000000000000000000, -0.3900000000000000688 ) ) ;
#234 = ORIENTED_EDGE ( 'NONE', *, *, #421, .T. ) ;
#235 = FILL_AREA_STYLE_COLOUR ( '', #1225 ) ;
#236 = EDGE_LOOP ( 'NONE', ( #4672, #2811, #684, #4424 ) ) ;
#237 = CARTESIAN_POINT ( 'NONE',  ( -0.6400000000000000133, 0.1600000000000000033, 1.300000000000006706 ) ) ;
#238 = EDGE_CURVE ( 'NONE', #1774, #3722, #1378, .T. ) ;
#239 = ORIENTED_EDGE ( 'NONE', *, *, #4387, .F. ) ;
#240 = ADVANCED_FACE ( 'NONE', ( #2535 ), #4058, .F. ) ;
#241 = FACE_OUTER_BOUND ( 'NONE', #4609, .T. ) ;
#242 = DIRECTION ( 'NONE',  ( 1.000000000000000000, 0.000000000000000000, 7.744301232039313723E-16 ) ) ;
#243 = VERTEX_POINT ( 'NONE', #1267 ) ;
#244 = EDGE_CURVE ( 'NONE', #1574, #315, #395, .T. ) ;
#245 = DIRECTION ( 'NONE',  ( -0.000000000000000000, 0.000000000000000000, 1.000000000000000000 ) ) ;
#246 = FACE_OUTER_BOUND ( 'NONE', #2194, .T. ) ;
#247 = ORIENTED_EDGE ( 'NONE', *, *, #1113, .F. ) ;
#248 = FACE_OUTER_BOUND ( 'NONE', #2250, .T. ) ;
#249 = LINE ( 'NONE', #4856, #4153 ) ;
#250 = EDGE_CURVE ( 'NONE', #4546, #3279, #2820, .T. ) ;
#251 = PRESENTATION_LAYER_ASSIGNMENT (  '', '', ( #1114 ) ) ;
#252 = DIRECTION ( 'NONE',  ( -0.000000000000000000, -1.000000000000000000, -0.000000000000000000 ) ) ;
#253 = VECTOR ( 'NONE', #2813, 1000.000000000000000 ) ;
#254 = AXIS2_PLACEMENT_3D ( 'NONE', #3076, #1183, #1573 ) ;
#255 = FACE_OUTER_BOUND ( 'NONE', #1695, .T. ) ;
#256 = AXIS2_PLACEMENT_3D ( 'NONE', #1143, #2717, #4242 ) ;
#257 = CARTESIAN_POINT ( 'NONE',  ( -0.3599999999999999867, 0.1599999999999999756, 1.300000000000006484 ) ) ;
#258 = LINE ( 'NONE', #4018, #3556 ) ;
#259 = DIRECTION ( 'NONE',  ( 1.000000000000000000, -0.000000000000000000, 0.000000000000000000 ) ) ;
#260 = FACE_OUTER_BOUND ( 'NONE', #2925, .T. ) ;
#261 = PLANE ( 'NONE',  #2612 ) ;
#262 = VERTEX_POINT ( 'NONE', #1895 ) ;
#263 = DIRECTION ( 'NONE',  ( -0.000000000000000000, -1.000000000000000000, -0.000000000000000000 ) ) ;
#264 = ORIENTED_EDGE ( 'NONE', *, *, #2957, .T. ) ;
#265 = EDGE_LOOP ( 'NONE', ( #1978, #4096, #3387, #294 ) ) ;
#266 = FACE_OUTER_BOUND ( 'NONE', #6, .T. ) ;
#267 = CARTESIAN_POINT ( 'NONE',  ( 0.3599999999999999867, 0.1600000000000000033, -1.299999999999999822 ) ) ;
#268 = AXIS2_PLACEMENT_3D ( 'NONE', #2317, #1634, #3158 ) ;
#269 = ORIENTED_EDGE ( 'NONE', *, *, #4881, .F. ) ;
#270 = CARTESIAN_POINT ( 'NONE',  ( 0.3599999999999999867, 0.000000000000000000, 1.299999999999999822 ) ) ;
#271 = EDGE_CURVE ( 'NONE', #3906, #1043, #2773, .T. ) ;
#272 =( NAMED_UNIT ( * ) PLANE_ANGLE_UNIT ( ) SI_UNIT ( $, .RADIAN. ) );
#273 = ORIENTED_EDGE ( 'NONE', *, *, #3690, .F. ) ;
#274 = CARTESIAN_POINT ( 'NONE',  ( 0.3599999999999999312, 0.1600000000000000033, -0.8999999999999994671 ) ) ;
#275 = LINE ( 'NONE', #3304, #3825 ) ;
#276 = EDGE_CURVE ( 'NONE', #1802, #2709, #4201, .T. ) ;
#277 = MANIFOLD_SOLID_BREP ( 'Boss-Extrude4[5]', #2247 ) ;
#278 = ORIENTED_EDGE ( 'NONE', *, *, #2490, .F. ) ;
#279 = VECTOR ( 'NONE', #2303, 1000.000000000000000 ) ;
#280 = VECTOR ( 'NONE', #4924, 1000.000000000000000 ) ;
#281 = DIRECTION ( 'NONE',  ( -1.000000000000000000, -0.000000000000000000, -0.000000000000000000 ) ) ;
#282 = CARTESIAN_POINT ( 'NONE',  ( 0.9499999999999998446, 0.6482622246293484602, -0.6099999999999999867 ) ) ;
#283 = DIRECTION ( 'NONE',  ( 0.000000000000000000, -1.000000000000000000, 0.000000000000000000 ) ) ;
#284 = MANIFOLD_SOLID_BREP ( 'Boss-Extrude4[1]', #1759 ) ;
#285 = ORIENTED_EDGE ( 'NONE', *, *, #4428, .F. ) ;
#286 = CARTESIAN_POINT ( 'NONE',  ( 0.9499999999999964029, 0.1600000000000000033, 0.3900000000000000688 ) ) ;
#287 = SURFACE_STYLE_USAGE ( .BOTH. , #2894 ) ;
#288 = ORIENTED_EDGE ( 'NONE', *, *, #4064, .T. ) ;
#289 = DIRECTION ( 'NONE',  ( 0.000000000000000000, 0.000000000000000000, -1.000000000000000000 ) ) ;
#290 = EDGE_LOOP ( 'NONE', ( #1972, #4352, #3164, #1649 ) ) ;
#291 = ORIENTED_EDGE ( 'NONE', *, *, #404, .F. ) ;
#292 = CARTESIAN_POINT ( 'NONE',  ( 1.349999999999998090, 0.1600000000000000033, -0.1099999999999999589 ) ) ;
#293 = ORIENTED_EDGE ( 'NONE', *, *, #3561, .T. ) ;
#294 = ORIENTED_EDGE ( 'NONE', *, *, #4350, .F. ) ;
#295 = LINE ( 'NONE', #1778, #2597 ) ;
#296 = DIRECTION ( 'NONE',  ( 1.000000000000000000, -0.000000000000000000, 0.000000000000000000 ) ) ;
#297 = CARTESIAN_POINT ( 'NONE',  ( -0.1400000000000000966, 0.000000000000000000, 0.9000000000000029088 ) ) ;
#298 = EDGE_CURVE ( 'NONE', #2960, #2007, #131, .T. ) ;
#299 = MANIFOLD_SOLID_BREP ( 'Boss-Extrude4[10]', #512 ) ;
#300 = EDGE_LOOP ( 'NONE', ( #3998, #2753, #2902, #2854 ) ) ;
#301 = AXIS2_PLACEMENT_3D ( 'NONE', #897, #853, #3214 ) ;
#302 = LINE ( 'NONE', #2911, #3185 ) ;
#303 = ADVANCED_FACE ( 'NONE', ( #634 ), #7, .T. ) ;
#304 = AXIS2_PLACEMENT_3D ( 'NONE', #2700, #470, #1247 ) ;
#305 = CARTESIAN_POINT ( 'NONE',  ( 0.000000000000000000, 0.000000000000000000, 0.000000000000000000 ) ) ;
#306 = EDGE_CURVE ( 'NONE', #141, #4505, #184, .T. ) ;
#307 = ORIENTED_EDGE ( 'NONE', *, *, #4584, .F. ) ;
#308 = DIRECTION ( 'NONE',  ( 1.000000000000000000, 0.000000000000000000, 0.000000000000000000 ) ) ;
#309 = LINE ( 'NONE', #3061, #3261 ) ;
#310 = ORIENTED_EDGE ( 'NONE', *, *, #1404, .T. ) ;
#311 = DIRECTION ( 'NONE',  ( 1.000000000000000000, 0.000000000000000000, -0.000000000000000000 ) ) ;
#312 = AXIS2_PLACEMENT_3D ( 'NONE', #1849, #3003, #4578 ) ;
#313 = VECTOR ( 'NONE', #3930, 1000.000000000000000 ) ;
#314 = ORIENTED_EDGE ( 'NONE', *, *, #423, .F. ) ;
#315 = VERTEX_POINT ( 'NONE', #4069 ) ;
#316 = CARTESIAN_POINT ( 'NONE',  ( 0.9499999999999981792, 0.1600000000000000033, -0.1099999999999999589 ) ) ;
#317 = EDGE_LOOP ( 'NONE', ( #47, #3007, #1089, #1390 ) ) ;
#318 = LINE ( 'NONE', #3796, #1458 ) ;
#319 = EDGE_LOOP ( 'NONE', ( #2645, #4854, #3793, #2308 ) ) ;
#320 = PLANE ( 'NONE',  #227 ) ;
#321 = CARTESIAN_POINT ( 'NONE',  ( 0.3599999999999999867, 0.6482622246293484602, -1.299999999999999822 ) ) ;
#322 = LINE ( 'NONE', #604, #1827 ) ;
#323 = EDGE_CURVE ( 'NONE', #3486, #1705, #2073, .T. ) ;
#324 = ORIENTED_EDGE ( 'NONE', *, *, #1783, .F. ) ;
#325 = VERTEX_POINT ( 'NONE', #567 ) ;
#326 = CARTESIAN_POINT ( 'NONE',  ( 0.1399999999999999301, 0.000000000000000000, -0.9000000000000030198 ) ) ;
#327 = DIRECTION ( 'NONE',  ( -1.000000000000000000, 0.000000000000000000, 0.000000000000000000 ) ) ;
#328 = DIRECTION ( 'NONE',  ( 0.000000000000000000, -0.000000000000000000, -1.000000000000000000 ) ) ;
#329 = MANIFOLD_SOLID_BREP ( 'Cut-Extrude1', #2882 ) ;
#330 = EDGE_LOOP ( 'NONE', ( #1729, #1388, #3175, #1516 ) ) ;
#331 = CARTESIAN_POINT ( 'NONE',  ( 1.349999999999994760, 0.000000000000000000, 0.8900000000000000133 ) ) ;
#332 = CARTESIAN_POINT ( 'NONE',  ( 0.9499999999999981792, 0.000000000000000000, -0.1099999999999999589 ) ) ;
#333 = ORIENTED_EDGE ( 'NONE', *, *, #4199, .F. ) ;
#334 = FACE_OUTER_BOUND ( 'NONE', #2337, .T. ) ;
#335 = FACE_OUTER_BOUND ( 'NONE', #1005, .T. ) ;
#336 = EDGE_CURVE ( 'NONE', #1296, #2489, #3312, .T. ) ;
#337 = VECTOR ( 'NONE', #4374, 1000.000000000000000 ) ;
#338 = VECTOR ( 'NONE', #3210, 1000.000000000000000 ) ;
#339 = EDGE_CURVE ( 'NONE', #2196, #4621, #3594, .T. ) ;
#340 = VERTEX_POINT ( 'NONE', #4023 ) ;
#341 = ADVANCED_FACE ( 'NONE', ( #4822 ), #261, .T. ) ;
#342 = ORIENTED_EDGE ( 'NONE', *, *, #2707, .T. ) ;
#343 = AXIS2_PLACEMENT_3D ( 'NONE', #1630, #3888, #1605 ) ;
#344 = MANIFOLD_SOLID_BREP ( 'Boss-Extrude4[9]', #1362 ) ;
#345 = CLOSED_SHELL ( 'NONE', ( #4683, #23, #2856, #3117, #3526, #908 ) ) ;
#346 = ORIENTED_EDGE ( 'NONE', *, *, #3491, .F. ) ;
#347 = CARTESIAN_POINT ( 'NONE',  ( -1.349999999999994760, 0.6482622246293484602, 0.8900000000000000133 ) ) ;
#348 = ORIENTED_EDGE ( 'NONE', *, *, #1567, .F. ) ;
#349 = FACE_OUTER_BOUND ( 'NONE', #2588, .T. ) ;
#350 = CARTESIAN_POINT ( 'NONE',  ( 0.6399999999999999023, 0.000000000000000000, -0.8999999999999995781 ) ) ;
#351 = CARTESIAN_POINT ( 'NONE',  ( 0.9499999999999998446, 0.6482622246293484602, -0.6099999999999999867 ) ) ;
#352 = CIRCLE ( 'NONE', #2886, 0.07499999999999998335 ) ;
#353 = ORIENTED_EDGE ( 'NONE', *, *, #3401, .T. ) ;
#354 = VERTEX_POINT ( 'NONE', #3291 ) ;
#355 = CARTESIAN_POINT ( 'NONE',  ( -1.449999999999999956, 5.971128874149274957, 1.400000000000000577 ) ) ;
#356 = DIRECTION ( 'NONE',  ( 1.000000000000000000, 0.000000000000000000, 0.000000000000000000 ) ) ;
#357 = DIRECTION ( 'NONE',  ( -0.000000000000000000, 1.000000000000000000, -0.000000000000000000 ) ) ;
#358 = VERTEX_POINT ( 'NONE', #1144 ) ;
#359 = DIRECTION ( 'NONE',  ( 3.872150616019658834E-16, 0.000000000000000000, 1.000000000000000000 ) ) ;
#360 = DIRECTION ( 'NONE',  ( -0.000000000000000000, -1.000000000000000000, -0.000000000000000000 ) ) ;
#361 = ORIENTED_EDGE ( 'NONE', *, *, #3211, .F. ) ;
#362 = VECTOR ( 'NONE', #2971, 1000.000000000000000 ) ;
#363 = ORIENTED_EDGE ( 'NONE', *, *, #563, .T. ) ;
#364 = DIRECTION ( 'NONE',  ( 0.000000000000000000, 0.000000000000000000, 1.000000000000000000 ) ) ;
#365 = EDGE_CURVE ( 'NONE', #4348, #2103, #4521, .T. ) ;
#366 = VECTOR ( 'NONE', #756, 1000.000000000000000 ) ;
#367 = ORIENTED_EDGE ( 'NONE', *, *, #3736, .F. ) ;
#368 = EDGE_CURVE ( 'NONE', #4384, #1319, #2566, .T. ) ;
#369 = CARTESIAN_POINT ( 'NONE',  ( 0.000000000000000000, 0.1600000000000000033, 0.000000000000000000 ) ) ;
#370 = ORIENTED_EDGE ( 'NONE', *, *, #1057, .F. ) ;
#371 = SURFACE_STYLE_USAGE ( .BOTH. , #2434 ) ;
#372 = CARTESIAN_POINT ( 'NONE',  ( -0.9499999999999981792, 0.1600000000000000033, -0.3900000000000000688 ) ) ;
#373 = CARTESIAN_POINT ( 'NONE',  ( -0.9499999999999948486, 0.1599999999999999756, 0.6099999999999999867 ) ) ;
#374 = DIRECTION ( 'NONE',  ( 0.000000000000000000, 0.000000000000000000, -1.000000000000000000 ) ) ;
#375 = DIRECTION ( 'NONE',  ( 0.000000000000000000, 0.000000000000000000, 1.000000000000000000 ) ) ;
#376 = VERTEX_POINT ( 'NONE', #3787 ) ;
#377 = ORIENTED_EDGE ( 'NONE', *, *, #1843, .F. ) ;
#378 = DIRECTION ( 'NONE',  ( 1.000000000000000000, 0.000000000000000000, -0.000000000000000000 ) ) ;
#379 = VECTOR ( 'NONE', #2987, 1000.000000000000000 ) ;
#380 = CARTESIAN_POINT ( 'NONE',  ( 0.000000000000000000, 0.000000000000000000, 0.000000000000000000 ) ) ;
#381 = EDGE_CURVE ( 'NONE', #4571, #3378, #3357, .T. ) ;
#382 = CARTESIAN_POINT ( 'NONE',  ( -0.1400000000000000966, 0.6482622246293484602, -0.9000000000000029088 ) ) ;
#383 = LINE ( 'NONE', #1096, #496 ) ;
#384 = ORIENTED_EDGE ( 'NONE', *, *, #4881, .T. ) ;
#385 = MECHANICAL_DESIGN_GEOMETRIC_PRESENTATION_REPRESENTATION (  '', ( #4677 ), #468 ) ;
#386 = ORIENTED_EDGE ( 'NONE', *, *, #3630, .F. ) ;
#387 = AXIS2_PLACEMENT_3D ( 'NONE', #316, #1817, #4528 ) ;
#388 = ORIENTED_EDGE ( 'NONE', *, *, #3795, .T. ) ;
#389 = DIRECTION ( 'NONE',  ( 1.000000000000000000, -0.000000000000000000, -1.495451272393799296E-16 ) ) ;
#390 = EDGE_CURVE ( 'NONE', #1354, #340, #2665, .T. ) ;
#391 = ORIENTED_EDGE ( 'NONE', *, *, #3096, .T. ) ;
#392 = CARTESIAN_POINT ( 'NONE',  ( 1.449999999999999956, 0.1600000000000000033, -1.399999999999999689 ) ) ;
#393 = DIRECTION ( 'NONE',  ( -1.000000000000000000, -0.000000000000000000, -0.000000000000000000 ) ) ;
#394 = ORIENTED_EDGE ( 'NONE', *, *, #1251, .T. ) ;
#395 = LINE ( 'NONE', #1154, #279 ) ;
#396 = PLANE ( 'NONE',  #2457 ) ;
#397 = DIRECTION ( 'NONE',  ( 1.000000000000000000, 0.000000000000000000, 3.872150616019658341E-16 ) ) ;
#398 = VECTOR ( 'NONE', #842, 1000.000000000000000 ) ;
#399 = EDGE_CURVE ( 'NONE', #1319, #3845, #4095, .T. ) ;
#400 = ORIENTED_EDGE ( 'NONE', *, *, #3335, .T. ) ;
#401 = ORIENTED_EDGE ( 'NONE', *, *, #2952, .T. ) ;
#402 = CARTESIAN_POINT ( 'NONE',  ( -0.9499999999999998446, 0.6482622246293484602, -0.8900000000000000133 ) ) ;
#403 = EDGE_CURVE ( 'NONE', #151, #2735, #1512, .T. ) ;
#404 = EDGE_CURVE ( 'NONE', #15, #4861, #309, .T. ) ;
#405 = CARTESIAN_POINT ( 'NONE',  ( -1.212966224413917438, 0.9199999999999999289, -1.271687987766373595 ) ) ;
#406 = CARTESIAN_POINT ( 'NONE',  ( -0.3600000000000000977, 0.1600000000000000033, -0.9000000000000064615 ) ) ;
#407 = DIRECTION ( 'NONE',  ( -1.000000000000000000, 0.000000000000000000, 1.495451272393799296E-16 ) ) ;
#408 = EDGE_LOOP ( 'NONE', ( #247, #1470, #2619, #776 ) ) ;
#409 = ORIENTED_EDGE ( 'NONE', *, *, #4301, .T. ) ;
#410 = ORIENTED_EDGE ( 'NONE', *, *, #2697, .F. ) ;
#411 = FILL_AREA_STYLE_COLOUR ( '', #1967 ) ;
#412 = VECTOR ( 'NONE', #4433, 1000.000000000000000 ) ;
#413 = VECTOR ( 'NONE', #2495, 1000.000000000000000 ) ;
#414 = AXIS2_PLACEMENT_3D ( 'NONE', #2009, #3881, #1302 ) ;
#415 = VECTOR ( 'NONE', #2858, 1000.000000000000000 ) ;
#416 = CARTESIAN_POINT ( 'NONE',  ( 1.349999999999996314, 0.1600000000000000033, 0.1099999999999999589 ) ) ;
#417 = EDGE_LOOP ( 'NONE', ( #924, #4177, #1275, #3577 ) ) ;
#418 =( LENGTH_UNIT ( ) NAMED_UNIT ( * ) SI_UNIT ( .MILLI., .METRE. ) );
#419 = FACE_OUTER_BOUND ( 'NONE', #1246, .T. ) ;
#420 = CYLINDRICAL_SURFACE ( 'NONE', #1755, 0.1054322639199452849 ) ;
#421 = EDGE_CURVE ( 'NONE', #1834, #2150, #383, .T. ) ;
#422 = VECTOR ( 'NONE', #435, 1000.000000000000000 ) ;
#423 = EDGE_CURVE ( 'NONE', #1099, #2806, #2618, .T. ) ;
#424 = EDGE_LOOP ( 'NONE', ( #4155, #2510, #2089, #4025 ) ) ;
#425 = PLANE ( 'NONE',  #1321 ) ;
#426 = ORIENTED_EDGE ( 'NONE', *, *, #1428, .F. ) ;
#427 = DIRECTION ( 'NONE',  ( -0.000000000000000000, -1.000000000000000000, -0.000000000000000000 ) ) ;
#428 = DIRECTION ( 'NONE',  ( -0.000000000000000000, 0.000000000000000000, 1.000000000000000000 ) ) ;
#429 = EDGE_CURVE ( 'NONE', #3762, #1586, #1812, .T. ) ;
#430 = EDGE_CURVE ( 'NONE', #3552, #3204, #3811, .T. ) ;
#431 = DIRECTION ( 'NONE',  ( 0.000000000000000000, -1.000000000000000000, 0.000000000000000000 ) ) ;
#432 = FACE_OUTER_BOUND ( 'NONE', #1767, .T. ) ;
#433 = CARTESIAN_POINT ( 'NONE',  ( -0.1400000000000000966, 0.1600000000000000033, -0.9000000000000029088 ) ) ;
#434 = APPLICATION_CONTEXT ( 'automotive_design' ) ;
#435 = DIRECTION ( 'NONE',  ( 0.000000000000000000, -1.000000000000000000, 0.000000000000000000 ) ) ;
#436 = EDGE_LOOP ( 'NONE', ( #13, #541, #876, #1439 ) ) ;
#437 = AXIS2_PLACEMENT_3D ( 'NONE', #4376, #3929, #4401 ) ;
#438 = PLANE ( 'NONE',  #3451 ) ;
#439 = ORIENTED_EDGE ( 'NONE', *, *, #2573, .F. ) ;
#440 = ORIENTED_EDGE ( 'NONE', *, *, #4783, .F. ) ;
#441 = LINE ( 'NONE', #2917, #3801 ) ;
#442 = AXIS2_PLACEMENT_3D ( 'NONE', #2677, #4252, #1595 ) ;
#443 = CARTESIAN_POINT ( 'NONE',  ( 0.6399999999999999023, 0.000000000000000000, 0.8999999999999995781 ) ) ;
#444 = CARTESIAN_POINT ( 'NONE',  ( 0.6399999999999999023, 0.1600000000000000033, 0.8999999999999995781 ) ) ;
#445 = ORIENTED_EDGE ( 'NONE', *, *, #2066, .F. ) ;
#446 = DIRECTION ( 'NONE',  ( 1.000000000000000000, -0.000000000000000000, -0.000000000000000000 ) ) ;
#447 = LINE ( 'NONE', #3934, #1971 ) ;
#448 = VECTOR ( 'NONE', #3188, 1000.000000000000000 ) ;
#449 = CARTESIAN_POINT ( 'NONE',  ( -0.7499999999999998890, 0.000000000000000000, -0.6750000000000000444 ) ) ;
#450 = ORIENTED_EDGE ( 'NONE', *, *, #557, .F. ) ;
#451 = EDGE_CURVE ( 'NONE', #2709, #792, #4863, .T. ) ;
#452 = FACE_BOUND ( 'NONE', #417, .T. ) ;
#453 = CARTESIAN_POINT ( 'NONE',  ( 0.9499999999999998446, 0.000000000000000000, -0.6099999999999999867 ) ) ;
#454 = ORIENTED_EDGE ( 'NONE', *, *, #1794, .F. ) ;
#455 = DIRECTION ( 'NONE',  ( 0.000000000000000000, -1.000000000000000000, 0.000000000000000000 ) ) ;
#456 = DIRECTION ( 'NONE',  ( 1.495451272393799296E-16, -0.000000000000000000, 1.000000000000000000 ) ) ;
#457 = LINE ( 'NONE', #1190, #1322 ) ;
#458 = EDGE_CURVE ( 'NONE', #4452, #4112, #3385, .T. ) ;
#459 = FACE_OUTER_BOUND ( 'NONE', #4127, .T. ) ;
#460 = CARTESIAN_POINT ( 'NONE',  ( -1.349999999999999867, 0.6482622246293484602, -0.6099999999999999867 ) ) ;
#461 = EDGE_CURVE ( 'NONE', #519, #1, #3015, .T. ) ;
#462 = DIRECTION ( 'NONE',  ( -0.000000000000000000, -1.000000000000000000, -0.000000000000000000 ) ) ;
#463 = VECTOR ( 'NONE', #4933, 1000.000000000000000 ) ;
#464 = EDGE_CURVE ( 'NONE', #3119, #376, #1465, .T. ) ;
#465 = FACE_OUTER_BOUND ( 'NONE', #2098, .T. ) ;
#466 = ORIENTED_EDGE ( 'NONE', *, *, #972, .T. ) ;
#467 = AXIS2_PLACEMENT_3D ( 'NONE', #2986, #327, #1115 ) ;
#468 =( GEOMETRIC_REPRESENTATION_CONTEXT ( 3 ) GLOBAL_UNCERTAINTY_ASSIGNED_CONTEXT ( ( #4062 ) ) GLOBAL_UNIT_ASSIGNED_CONTEXT ( ( #2426, #4641, #2396 ) ) REPRESENTATION_CONTEXT ( 'NONE', 'WORKASPACE' ) );
#469 = ORIENTED_EDGE ( 'NONE', *, *, #24, .T. ) ;
#470 = DIRECTION ( 'NONE',  ( 0.000000000000000000, 1.000000000000000000, 0.000000000000000000 ) ) ;
#471 = ADVANCED_FACE ( 'NONE', ( #4917 ), #2220, .F. ) ;
#472 = VECTOR ( 'NONE', #2382, 1000.000000000000000 ) ;
#473 = ADVANCED_FACE ( 'NONE', ( #2990 ), #731, .F. ) ;
#474 = LINE ( 'NONE', #4277, #1565 ) ;
#475 = FACE_BOUND ( 'NONE', #963, .T. ) ;
#476 = ORIENTED_EDGE ( 'NONE', *, *, #3789, .F. ) ;
#477 = PLANE ( 'NONE',  #2210 ) ;
#478 = PLANE ( 'NONE',  #1123 ) ;
#479 = VECTOR ( 'NONE', #4508, 1000.000000000000000 ) ;
#480 = ORIENTED_EDGE ( 'NONE', *, *, #1414, .F. ) ;
#481 = FACE_BOUND ( 'NONE', #4220, .T. ) ;
#482 = LINE ( 'NONE', #2338, #398 ) ;
#483 = ORIENTED_EDGE ( 'NONE', *, *, #185, .F. ) ;
#484 = LINE ( 'NONE', #3154, #1675 ) ;
#485 = COLOUR_RGB ( '',0.7921568627450980005, 0.8196078431372548767, 0.9333333333333333481 ) ;
#486 = LINE ( 'NONE', #4264, #4550 ) ;
#487 = EDGE_CURVE ( 'NONE', #243, #4020, #1167, .T. ) ;
#488 = PLANE ( 'NONE',  #3112 ) ;
#489 = ORIENTED_EDGE ( 'NONE', *, *, #530, .F. ) ;
#490 = PLANE ( 'NONE',  #546 ) ;
#491 = DIRECTION ( 'NONE',  ( -2.710505431213761578E-16, 0.000000000000000000, -1.000000000000000000 ) ) ;
#492 = VERTEX_POINT ( 'NONE', #1583 ) ;
#493 = EDGE_LOOP ( 'NONE', ( #2115, #239, #1148, #4149 ) ) ;
#494 = DIRECTION ( 'NONE',  ( -0.000000000000000000, -1.000000000000000000, -0.000000000000000000 ) ) ;
#495 = LINE ( 'NONE', #928, #2734 ) ;
#496 = VECTOR ( 'NONE', #775, 1000.000000000000000 ) ;
#497 = CARTESIAN_POINT ( 'NONE',  ( 0.9499999999999981792, 0.1600000000000000033, -0.1099999999999999589 ) ) ;
#498 = ADVANCED_FACE ( 'NONE', ( #1965 ), #2743, .F. ) ;
#499 = DIRECTION ( 'NONE',  ( 0.000000000000000000, 0.000000000000000000, -1.000000000000000000 ) ) ;
#500 = SURFACE_STYLE_USAGE ( .BOTH. , #1344 ) ;
#501 = VECTOR ( 'NONE', #4360, 1000.000000000000000 ) ;
#502 = ORIENTED_EDGE ( 'NONE', *, *, #1773, .T. ) ;
#503 = DIRECTION ( 'NONE',  ( -0.000000000000000000, -1.000000000000000000, -0.000000000000000000 ) ) ;
#504 = LINE ( 'NONE', #4733, #3272 ) ;
#505 = VECTOR ( 'NONE', #3150, 1000.000000000000000 ) ;
#506 = VECTOR ( 'NONE', #2660, 1000.000000000000000 ) ;
#507 = ORIENTED_EDGE ( 'NONE', *, *, #1113, .T. ) ;
#508 = CARTESIAN_POINT ( 'NONE',  ( 0.9499999999999948486, 0.000000000000000000, 0.8900000000000000133 ) ) ;
#509 = ORIENTED_EDGE ( 'NONE', *, *, #2490, .T. ) ;
#510 = CARTESIAN_POINT ( 'NONE',  ( 0.3599999999999999312, 0.6482622246293484602, 0.8999999999999994671 ) ) ;
#511 = PLANE ( 'NONE',  #3028 ) ;
#512 = CLOSED_SHELL ( 'NONE', ( #3252, #3063, #74, #2215, #3382, #4515 ) ) ;
#513 = CARTESIAN_POINT ( 'NONE',  ( 1.449999999999999956, 0.1600000000000000033, -1.399999999999999689 ) ) ;
#514 = DIRECTION ( 'NONE',  ( -0.000000000000000000, -1.000000000000000000, -0.000000000000000000 ) ) ;
#515 = AXIS2_PLACEMENT_3D ( 'NONE', #2397, #4317, #3453 ) ;
#516 = EDGE_LOOP ( 'NONE', ( #542, #2229, #1604, #1617 ) ) ;
#517 = CARTESIAN_POINT ( 'NONE',  ( -0.7499999999999998890, 0.1600000000000000033, -0.7500000000000000000 ) ) ;
#518 = CARTESIAN_POINT ( 'NONE',  ( -0.1400000000000000966, 0.1600000000000000033, -0.9000000000000029088 ) ) ;
#519 = VERTEX_POINT ( 'NONE', #4216 ) ;
#520 = ORIENTED_EDGE ( 'NONE', *, *, #2580, .F. ) ;
#521 = FILL_AREA_STYLE ('',( #3928 ) ) ;
#522 = LINE ( 'NONE', #4003, #2339 ) ;
#523 = STYLED_ITEM ( 'NONE', ( #1131 ), #299 ) ;
#524 = DIRECTION ( 'NONE',  ( 0.000000000000000000, -1.000000000000000000, 0.000000000000000000 ) ) ;
#525 = EDGE_LOOP ( 'NONE', ( #388, #2873, #2204, #2817 ) ) ;
#526 = LINE ( 'NONE', #4628, #709 ) ;
#527 = EDGE_CURVE ( 'NONE', #951, #114, #3483, .T. ) ;
#528 = CARTESIAN_POINT ( 'NONE',  ( -1.349999999999998090, 0.1600000000000000033, -0.1099999999999999589 ) ) ;
#529 = VERTEX_POINT ( 'NONE', #3090 ) ;
#530 = EDGE_CURVE ( 'NONE', #354, #1174, #75, .T. ) ;
#531 = CARTESIAN_POINT ( 'NONE',  ( 0.9499999999999964029, 0.000000000000000000, 0.1099999999999999589 ) ) ;
#532 = ORIENTED_EDGE ( 'NONE', *, *, #1864, .F. ) ;
#533 = FACE_OUTER_BOUND ( 'NONE', #3495, .T. ) ;
#534 = LINE ( 'NONE', #866, #1749 ) ;
#535 = CARTESIAN_POINT ( 'NONE',  ( 0.1399999999999999301, 0.000000000000000000, 0.9000000000000030198 ) ) ;
#536 = FACE_OUTER_BOUND ( 'NONE', #4522, .T. ) ;
#537 = LINE ( 'NONE', #4767, #4319 ) ;
#538 = ORIENTED_EDGE ( 'NONE', *, *, #2001, .T. ) ;
#539 = DIRECTION ( 'NONE',  ( 0.000000000000000000, 0.000000000000000000, 1.000000000000000000 ) ) ;
#540 = LINE ( 'NONE', #800, #1703 ) ;
#541 = ORIENTED_EDGE ( 'NONE', *, *, #4364, .F. ) ;
#542 = ORIENTED_EDGE ( 'NONE', *, *, #3463, .F. ) ;
#543 = EDGE_CURVE ( 'NONE', #4112, #1834, #2348, .T. ) ;
#544 = CARTESIAN_POINT ( 'NONE',  ( -1.212966224413917438, 0.9199999999999999289, -1.166255723846428172 ) ) ;
#545 = CARTESIAN_POINT ( 'NONE',  ( 0.9499999999999981792, 0.1600000000000000033, -0.3900000000000000688 ) ) ;
#546 = AXIS2_PLACEMENT_3D ( 'NONE', #2049, #3592, #2770 ) ;
#547 = ORIENTED_EDGE ( 'NONE', *, *, #2887, .F. ) ;
#548 = FACE_OUTER_BOUND ( 'NONE', #4883, .T. ) ;
#549 = CARTESIAN_POINT ( 'NONE',  ( 0.9499999999999964029, 0.000000000000000000, 0.1099999999999999589 ) ) ;
#550 = PRESENTATION_LAYER_ASSIGNMENT (  '', '', ( #3714 ) ) ;
#551 = ORIENTED_EDGE ( 'NONE', *, *, #726, .F. ) ;
#552 = FILL_AREA_STYLE_COLOUR ( '', #2776 ) ;
#553 = ORIENTED_EDGE ( 'NONE', *, *, #1657, .T. ) ;
#554 = DIRECTION ( 'NONE',  ( -1.000000000000000000, 0.000000000000000000, -3.872150616019658834E-16 ) ) ;
#555 = VECTOR ( 'NONE', #2852, 1000.000000000000000 ) ;
#556 = DIRECTION ( 'NONE',  ( 0.000000000000000000, -1.000000000000000000, 0.000000000000000000 ) ) ;
#557 = EDGE_CURVE ( 'NONE', #4656, #895, #3868, .T. ) ;
#558 = VECTOR ( 'NONE', #1984, 1000.000000000000000 ) ;
#559 =( NAMED_UNIT ( * ) SI_UNIT ( $, .STERADIAN. ) SOLID_ANGLE_UNIT ( ) );
#560 = EDGE_CURVE ( 'NONE', #3251, #1834, #1558, .T. ) ;
#561 = CARTESIAN_POINT ( 'NONE',  ( 1.349999999999996314, 0.6482622246293484602, 0.3900000000000000688 ) ) ;
#562 = DIRECTION ( 'NONE',  ( -0.000000000000000000, -1.000000000000000000, -0.000000000000000000 ) ) ;
#563 = EDGE_CURVE ( 'NONE', #4009, #31, #2719, .T. ) ;
#564 = ORIENTED_EDGE ( 'NONE', *, *, #4838, .F. ) ;
#565 = CARTESIAN_POINT ( 'NONE',  ( -0.9499999999999998446, 0.000000000000000000, -0.6099999999999999867 ) ) ;
#566 = ORIENTED_EDGE ( 'NONE', *, *, #820, .T. ) ;
#567 = CARTESIAN_POINT ( 'NONE',  ( -1.349999999999998090, 0.000000000000000000, -0.1099999999999999589 ) ) ;
#568 = ORIENTED_EDGE ( 'NONE', *, *, #4082, .T. ) ;
#569 = SURFACE_SIDE_STYLE ('',( #1717 ) ) ;
#570 = PLANE ( 'NONE',  #4885 ) ;
#571 = ADVANCED_FACE ( 'NONE', ( #2980 ), #3803, .T. ) ;
#572 = ORIENTED_EDGE ( 'NONE', *, *, #3366, .T. ) ;
#573 = LINE ( 'NONE', #3602, #4438 ) ;
#574 = LINE ( 'NONE', #4282, #2 ) ;
#575 = ORIENTED_EDGE ( 'NONE', *, *, #1209, .F. ) ;
#576 = LINE ( 'NONE', #961, #1064 ) ;
#577 = VERTEX_POINT ( 'NONE', #12 ) ;
#578 = EDGE_CURVE ( 'NONE', #1232, #2392, #4580, .T. ) ;
#579 = DIRECTION ( 'NONE',  ( -2.710505431213759113E-16, -0.000000000000000000, -1.000000000000000000 ) ) ;
#580 = CARTESIAN_POINT ( 'NONE',  ( 0.000000000000000000, 0.000000000000000000, 0.000000000000000000 ) ) ;
#581 = VECTOR ( 'NONE', #4810, 1000.000000000000000 ) ;
#582 = AXIS2_PLACEMENT_3D ( 'NONE', #3182, #3588, #947 ) ;
#583 = PLANE ( 'NONE',  #746 ) ;
#584 = LINE ( 'NONE', #2788, #3033 ) ;
#585 = AXIS2_PLACEMENT_3D ( 'NONE', #3963, #4059, #4086 ) ;
#586 = ADVANCED_FACE ( 'NONE', ( #2307 ), #3827, .T. ) ;
#587 = ADVANCED_FACE ( 'NONE', ( #4537 ), #36, .F. ) ;
#588 = DIRECTION ( 'NONE',  ( 0.000000000000000000, -1.000000000000000000, 0.000000000000000000 ) ) ;
#589 = PLANE ( 'NONE',  #3610 ) ;
#590 = ORIENTED_EDGE ( 'NONE', *, *, #1142, .F. ) ;
#591 = CARTESIAN_POINT ( 'NONE',  ( -0.1400000000000000411, 0.1600000000000000033, -1.300000000000003153 ) ) ;
#592 = VERTEX_POINT ( 'NONE', #748 ) ;
#593 = DIRECTION ( 'NONE',  ( -0.000000000000000000, -1.000000000000000000, -0.000000000000000000 ) ) ;
#594 = ORIENTED_EDGE ( 'NONE', *, *, #1550, .T. ) ;
#595 = PLANE ( 'NONE',  #3085 ) ;
#596 = LINE ( 'NONE', #2529, #806 ) ;
#597 = VECTOR ( 'NONE', #3519, 1000.000000000000000 ) ;
#598 = ORIENTED_EDGE ( 'NONE', *, *, #1660, .T. ) ;
#599 = ADVANCED_FACE ( 'NONE', ( #2263 ), #3779, .T. ) ;
#600 = CARTESIAN_POINT ( 'NONE',  ( -1.349999999999996314, 0.1600000000000000033, 0.3900000000000000688 ) ) ;
#601 =( LENGTH_UNIT ( ) NAMED_UNIT ( * ) SI_UNIT ( .MILLI., .METRE. ) );
#602 = ORIENTED_EDGE ( 'NONE', *, *, #3183, .F. ) ;
#603 = DIRECTION ( 'NONE',  ( 2.710505431213761578E-16, 0.000000000000000000, -1.000000000000000000 ) ) ;
#604 = CARTESIAN_POINT ( 'NONE',  ( 0.9499999999999981792, 0.1599999999999999756, -0.3900000000000000688 ) ) ;
#605 = VECTOR ( 'NONE', #3202, 1000.000000000000000 ) ;
#606 = DIRECTION ( 'NONE',  ( 0.000000000000000000, 0.000000000000000000, -1.000000000000000000 ) ) ;
#607 = CARTESIAN_POINT ( 'NONE',  ( -0.9499999999999964029, 0.1599999999999999756, 0.1099999999999999589 ) ) ;
#608 = VECTOR ( 'NONE', #3843, 1000.000000000000000 ) ;
#609 = VECTOR ( 'NONE', #4043, 1000.000000000000000 ) ;
#610 = EDGE_CURVE ( 'NONE', #1354, #3386, #1420, .T. ) ;
#611 = DIRECTION ( 'NONE',  ( -2.710505431213761578E-16, -0.000000000000000000, 1.000000000000000000 ) ) ;
#612 = DIRECTION ( 'NONE',  ( 3.872150616019658834E-16, 0.000000000000000000, -1.000000000000000000 ) ) ;
#613 = ORIENTED_EDGE ( 'NONE', *, *, #1315, .T. ) ;
#614 = ORIENTED_EDGE ( 'NONE', *, *, #4818, .F. ) ;
#615 = EDGE_CURVE ( 'NONE', #2998, #4135, #4248, .T. ) ;
#616 = ADVANCED_FACE ( 'NONE', ( #1540 ), #1199, .F. ) ;
#617 = ORIENTED_EDGE ( 'NONE', *, *, #1271, .F. ) ;
#618 = CARTESIAN_POINT ( 'NONE',  ( -1.349999999999994760, 0.1600000000000000033, 0.6099999999999999867 ) ) ;
#619 = PLANE ( 'NONE',  #1795 ) ;
#620 = VECTOR ( 'NONE', #3086, 1000.000000000000000 ) ;
#621 = EDGE_LOOP ( 'NONE', ( #736, #4463, #4539, #3654 ) ) ;
#622 = DIRECTION ( 'NONE',  ( -0.000000000000000000, -1.000000000000000000, -0.000000000000000000 ) ) ;
#623 = DIRECTION ( 'NONE',  ( 1.000000000000000000, -0.000000000000000000, 0.000000000000000000 ) ) ;
#624 = ORIENTED_EDGE ( 'NONE', *, *, #2908, .T. ) ;
#625 = DIRECTION ( 'NONE',  ( 1.000000000000000000, 0.000000000000000000, 2.710505431213761578E-16 ) ) ;
#626 = DIRECTION ( 'NONE',  ( 1.000000000000000000, 0.000000000000000000, 0.000000000000000000 ) ) ;
#627 = VECTOR ( 'NONE', #3067, 1000.000000000000000 ) ;
#628 = LINE ( 'NONE', #697, #805 ) ;
#629 = EDGE_CURVE ( 'NONE', #792, #2940, #3168, .T. ) ;
#630 = CARTESIAN_POINT ( 'NONE',  ( -0.7499999999999998890, 0.000000000000000000, -0.7500000000000000000 ) ) ;
#631 = PLANE ( 'NONE',  #135 ) ;
#632 = VERTEX_POINT ( 'NONE', #545 ) ;
#633 = CARTESIAN_POINT ( 'NONE',  ( 0.000000000000000000, 0.9699999999999999734, 0.000000000000000000 ) ) ;
#634 = FACE_OUTER_BOUND ( 'NONE', #3601, .T. ) ;
#635 = ORIENTED_EDGE ( 'NONE', *, *, #4466, .F. ) ;
#636 = ORIENTED_EDGE ( 'NONE', *, *, #1633, .T. ) ;
#637 = VERTEX_POINT ( 'NONE', #2385 ) ;
#638 = DIRECTION ( 'NONE',  ( -1.355252715606879556E-16, 0.000000000000000000, 1.000000000000000000 ) ) ;
#639 = EDGE_CURVE ( 'NONE', #2453, #637, #3145, .T. ) ;
#640 = CARTESIAN_POINT ( 'NONE',  ( 0.1399999999999999301, 0.1599999999999999756, 0.9000000000000030198 ) ) ;
#641 = EDGE_CURVE ( 'NONE', #3687, #3668, #1272, .T. ) ;
#642 = EDGE_LOOP ( 'NONE', ( #2621, #4070, #4919, #2757 ) ) ;
#643 = CARTESIAN_POINT ( 'NONE',  ( -1.449999999999999956, 5.971128874149274957, -1.399999999999999245 ) ) ;
#644 = ORIENTED_EDGE ( 'NONE', *, *, #4614, .F. ) ;
#645 = CARTESIAN_POINT ( 'NONE',  ( -0.9499999999999948486, 0.1600000000000000033, 0.6099999999999999867 ) ) ;
#646 = LINE ( 'NONE', #2491, #4639 ) ;
#647 = CARTESIAN_POINT ( 'NONE',  ( 0.1400000000000000411, 0.6482622246293484602, 1.300000000000002931 ) ) ;
#648 = ORIENTED_EDGE ( 'NONE', *, *, #527, .F. ) ;
#649 = DIRECTION ( 'NONE',  ( 0.000000000000000000, -0.000000000000000000, 1.000000000000000000 ) ) ;
#650 = VECTOR ( 'NONE', #1441, 1000.000000000000000 ) ;
#651 = VECTOR ( 'NONE', #2120, 1000.000000000000000 ) ;
#652 = AXIS2_PLACEMENT_3D ( 'NONE', #351, #3375, #4907 ) ;
#653 = CARTESIAN_POINT ( 'NONE',  ( -0.9499999999999964029, 0.1599999999999999756, 0.1099999999999999589 ) ) ;
#654 = VECTOR ( 'NONE', #3206, 1000.000000000000000 ) ;
#655 = LINE ( 'NONE', #1831, #1636 ) ;
#656 = CARTESIAN_POINT ( 'NONE',  ( -0.1400000000000000966, 0.000000000000000000, 0.9000000000000029088 ) ) ;
#657 = PRESENTATION_STYLE_ASSIGNMENT (( #287 ) ) ;
#658 = VERTEX_POINT ( 'NONE', #497 ) ;
#659 = DIRECTION ( 'NONE',  ( -1.000000000000000000, 0.000000000000000000, 0.000000000000000000 ) ) ;
#660 = VECTOR ( 'NONE', #2096, 1000.000000000000000 ) ;
#661 = ORIENTED_EDGE ( 'NONE', *, *, #2888, .T. ) ;
#662 = EDGE_CURVE ( 'NONE', #4937, #162, #2003, .T. ) ;
#663 = VERTEX_POINT ( 'NONE', #2803 ) ;
#664 = CARTESIAN_POINT ( 'NONE',  ( -0.6400000000000000133, 0.000000000000000000, -1.300000000000006706 ) ) ;
#665 = ORIENTED_EDGE ( 'NONE', *, *, #3042, .T. ) ;
#666 = PLANE ( 'NONE',  #4022 ) ;
#667 =( NAMED_UNIT ( * ) SI_UNIT ( $, .STERADIAN. ) SOLID_ANGLE_UNIT ( ) );
#668 = ORIENTED_EDGE ( 'NONE', *, *, #2767, .T. ) ;
#669 = CARTESIAN_POINT ( 'NONE',  ( 1.349999999999998090, 0.1600000000000000033, -0.3900000000000000688 ) ) ;
#670 = CARTESIAN_POINT ( 'NONE',  ( 0.1400000000000000411, 0.000000000000000000, -1.300000000000002931 ) ) ;
#671 = EDGE_CURVE ( 'NONE', #2153, #854, #4676, .T. ) ;
#672 = ORIENTED_EDGE ( 'NONE', *, *, #1399, .F. ) ;
#673 = CARTESIAN_POINT ( 'NONE',  ( 0.9499999999999998446, 0.1599999999999999756, -0.8900000000000001243 ) ) ;
#674 = ADVANCED_FACE ( 'NONE', ( #1219 ), #2048, .T. ) ;
#675 = CARTESIAN_POINT ( 'NONE',  ( 1.349999999999999867, 0.000000000000000000, -0.8900000000000000133 ) ) ;
#676 = DIRECTION ( 'NONE',  ( 0.000000000000000000, 0.000000000000000000, 1.000000000000000000 ) ) ;
#677 = ORIENTED_EDGE ( 'NONE', *, *, #1003, .F. ) ;
#678 = CARTESIAN_POINT ( 'NONE',  ( 1.449999999999999956, 0.1600000000000000033, 1.400000000000000133 ) ) ;
#679 = AXIS2_PLACEMENT_3D ( 'NONE', #1585, #898, #491 ) ;
#680 = DIRECTION ( 'NONE',  ( -1.000000000000000000, -0.000000000000000000, 3.872150616019658341E-16 ) ) ;
#681 = ORIENTED_EDGE ( 'NONE', *, *, #3626, .T. ) ;
#682 = FACE_OUTER_BOUND ( 'NONE', #2632, .T. ) ;
#683 = EDGE_CURVE ( 'NONE', #151, #1752, #3288, .T. ) ;
#684 = ORIENTED_EDGE ( 'NONE', *, *, #578, .T. ) ;
#685 = LINE ( 'NONE', #2622, #2530 ) ;
#686 = PLANE ( 'NONE',  #4015 ) ;
#687 = CARTESIAN_POINT ( 'NONE',  ( -1.449999999999999956, 0.1600000000000000033, 1.400000000000000577 ) ) ;
#688 = ORIENTED_EDGE ( 'NONE', *, *, #2480, .F. ) ;
#689 = VERTEX_POINT ( 'NONE', #3568 ) ;
#690 = LINE ( 'NONE', #3372, #4742 ) ;
#691 = PLANE ( 'NONE',  #2486 ) ;
#692 = DIRECTION ( 'NONE',  ( -1.000000000000000000, 0.000000000000000000, 0.000000000000000000 ) ) ;
#693 = ORIENTED_EDGE ( 'NONE', *, *, #2276, .T. ) ;
#694 = LINE ( 'NONE', #4132, #4763 ) ;
#695 = AXIS2_PLACEMENT_3D ( 'NONE', #3398, #1031, #1082 ) ;
#696 = VECTOR ( 'NONE', #2287, 1000.000000000000000 ) ;
#697 = CARTESIAN_POINT ( 'NONE',  ( -0.1400000000000000966, 0.000000000000000000, 0.9000000000000029088 ) ) ;
#698 = EDGE_CURVE ( 'NONE', #2103, #1867, #4323, .T. ) ;
#699 = EDGE_CURVE ( 'NONE', #4471, #4006, #3262, .T. ) ;
#700 = VECTOR ( 'NONE', #1075, 1000.000000000000000 ) ;
#701 = EDGE_CURVE ( 'NONE', #2841, #957, #4320, .T. ) ;
#702 = CARTESIAN_POINT ( 'NONE',  ( 0.1399999999999999301, 0.000000000000000000, -0.9000000000000030198 ) ) ;
#703 = LINE ( 'NONE', #3308, #1392 ) ;
#704 = ORIENTED_EDGE ( 'NONE', *, *, #2249, .F. ) ;
#705 = PLANE ( 'NONE',  #205 ) ;
#706 = DIRECTION ( 'NONE',  ( 0.000000000000000000, -1.000000000000000000, 0.000000000000000000 ) ) ;
#707 = VERTEX_POINT ( 'NONE', #1340 ) ;
#708 = DIRECTION ( 'NONE',  ( 0.000000000000000000, -1.000000000000000000, 0.000000000000000000 ) ) ;
#709 = VECTOR ( 'NONE', #2035, 1000.000000000000000 ) ;
#710 = AXIS2_PLACEMENT_3D ( 'NONE', #4668, #1242, #2401 ) ;
#711 = ORIENTED_EDGE ( 'NONE', *, *, #3020, .F. ) ;
#712 = VERTEX_POINT ( 'NONE', #257 ) ;
#713 = DIRECTION ( 'NONE',  ( 7.744301232039315695E-16, 0.000000000000000000, 1.000000000000000000 ) ) ;
#714 = EDGE_CURVE ( 'NONE', #3515, #3460, #1662, .T. ) ;
#715 = ORIENTED_EDGE ( 'NONE', *, *, #1794, .T. ) ;
#716 = FACE_BOUND ( 'NONE', #3938, .T. ) ;
#717 = EDGE_LOOP ( 'NONE', ( #3699, #1820, #3955, #2057 ) ) ;
#718 = DIRECTION ( 'NONE',  ( 0.000000000000000000, -1.000000000000000000, 0.000000000000000000 ) ) ;
#719 = DIRECTION ( 'NONE',  ( 2.710505431213759113E-16, 0.000000000000000000, 1.000000000000000000 ) ) ;
#720 = DIRECTION ( 'NONE',  ( 0.000000000000000000, 1.000000000000000000, 0.000000000000000000 ) ) ;
#721 = DIRECTION ( 'NONE',  ( 0.000000000000000000, 0.000000000000000000, -1.000000000000000000 ) ) ;
#722 = ORIENTED_EDGE ( 'NONE', *, *, #3196, .F. ) ;
#723 = ORIENTED_EDGE ( 'NONE', *, *, #4735, .F. ) ;
#724 = FACE_OUTER_BOUND ( 'NONE', #516, .T. ) ;
#725 = VECTOR ( 'NONE', #4545, 1000.000000000000000 ) ;
#726 = EDGE_CURVE ( 'NONE', #1043, #529, #3213, .T. ) ;
#727 = DIRECTION ( 'NONE',  ( 0.000000000000000000, 0.000000000000000000, -1.000000000000000000 ) ) ;
#728 = CARTESIAN_POINT ( 'NONE',  ( -1.349999999999999867, 0.1600000000000000033, -0.6099999999999999867 ) ) ;
#729 = DIRECTION ( 'NONE',  ( 0.000000000000000000, 0.000000000000000000, -1.000000000000000000 ) ) ;
#730 = ADVANCED_FACE ( 'NONE', ( #948 ), #2864, .F. ) ;
#731 = PLANE ( 'NONE',  #1582 ) ;
#732 = ORIENTED_EDGE ( 'NONE', *, *, #3131, .T. ) ;
#733 =( GEOMETRIC_REPRESENTATION_CONTEXT ( 3 ) GLOBAL_UNCERTAINTY_ASSIGNED_CONTEXT ( ( #3660 ) ) GLOBAL_UNIT_ASSIGNED_CONTEXT ( ( #2478, #3243, #2147 ) ) REPRESENTATION_CONTEXT ( 'NONE', 'WORKASPACE' ) );
#734 = ADVANCED_FACE ( 'NONE', ( #1871 ), #3394, .F. ) ;
#735 = AXIS2_PLACEMENT_3D ( 'NONE', #3135, #2398, #920 ) ;
#736 = ORIENTED_EDGE ( 'NONE', *, *, #3224, .T. ) ;
#737 = ORIENTED_EDGE ( 'NONE', *, *, #2801, .F. ) ;
#738 = DIRECTION ( 'NONE',  ( -0.000000000000000000, -1.000000000000000000, -0.000000000000000000 ) ) ;
#739 = CLOSED_SHELL ( 'NONE', ( #4598, #3059, #2395, #3731, #341, #2847 ) ) ;
#740 = ORIENTED_EDGE ( 'NONE', *, *, #4752, .T. ) ;
#741 = PLANE ( 'NONE',  #2430 ) ;
#742 = ORIENTED_EDGE ( 'NONE', *, *, #4694, .F. ) ;
#743 = DIRECTION ( 'NONE',  ( -0.000000000000000000, -1.000000000000000000, -0.000000000000000000 ) ) ;
#744 = CARTESIAN_POINT ( 'NONE',  ( 0.000000000000000000, 0.000000000000000000, 0.000000000000000000 ) ) ;
#745 = CARTESIAN_POINT ( 'NONE',  ( 1.349999999999998090, 0.000000000000000000, -0.1099999999999999589 ) ) ;
#746 = AXIS2_PLACEMENT_3D ( 'NONE', #561, #970, #2067 ) ;
#747 = ADVANCED_FACE ( 'NONE', ( #29 ), #4128, .F. ) ;
#748 = CARTESIAN_POINT ( 'NONE',  ( -1.212966224413917438, 0.9199999999999999289, -1.060823459926482970 ) ) ;
#749 = VERTEX_POINT ( 'NONE', #3746 ) ;
#750 = ORIENTED_EDGE ( 'NONE', *, *, #464, .F. ) ;
#751 = DIRECTION ( 'NONE',  ( 0.000000000000000000, 0.000000000000000000, -1.000000000000000000 ) ) ;
#752 = VECTOR ( 'NONE', #2915, 1000.000000000000000 ) ;
#753 = DIRECTION ( 'NONE',  ( 1.000000000000000000, 0.000000000000000000, 0.000000000000000000 ) ) ;
#754 = CARTESIAN_POINT ( 'NONE',  ( -1.349999999999996314, 0.1600000000000000033, 0.1099999999999999589 ) ) ;
#755 = EDGE_LOOP ( 'NONE', ( #3791, #3018, #1522, #4299 ) ) ;
#756 = DIRECTION ( 'NONE',  ( 0.000000000000000000, 0.000000000000000000, -1.000000000000000000 ) ) ;
#757 = VERTEX_POINT ( 'NONE', #3000 ) ;
#758 = VERTEX_POINT ( 'NONE', #4531 ) ;
#759 = VERTEX_POINT ( 'NONE', #1104 ) ;
#760 = EDGE_CURVE ( 'NONE', #1294, #4656, #2624, .T. ) ;
#761 = EDGE_LOOP ( 'NONE', ( #314, #391, #4558, #1393 ) ) ;
#762 = UNCERTAINTY_MEASURE_WITH_UNIT (LENGTH_MEASURE( 1.000000000000000082E-05 ), #3254, 'distance_accuracy_value', 'NONE');
#763 = EDGE_CURVE ( 'NONE', #2806, #4874, #3817, .T. ) ;
#764 = DIRECTION ( 'NONE',  ( -0.000000000000000000, -1.000000000000000000, -0.000000000000000000 ) ) ;
#765 = VERTEX_POINT ( 'NONE', #906 ) ;
#766 = DIRECTION ( 'NONE',  ( 0.000000000000000000, 1.000000000000000000, 0.000000000000000000 ) ) ;
#767 = LINE ( 'NONE', #62, #1589 ) ;
#768 = EDGE_LOOP ( 'NONE', ( #3186, #401, #507, #617 ) ) ;
#769 = ORIENTED_EDGE ( 'NONE', *, *, #1973, .T. ) ;
#770 = FACE_OUTER_BOUND ( 'NONE', #1643, .T. ) ;
#771 = VECTOR ( 'NONE', #3704, 1000.000000000000000 ) ;
#772 = DIRECTION ( 'NONE',  ( -1.000000000000000000, -0.000000000000000000, -0.000000000000000000 ) ) ;
#773 = ORIENTED_EDGE ( 'NONE', *, *, #4604, .T. ) ;
#774 = CARTESIAN_POINT ( 'NONE',  ( 1.349999999999999867, 0.6482622246293484602, -0.8900000000000000133 ) ) ;
#775 = DIRECTION ( 'NONE',  ( 1.000000000000000000, 0.000000000000000000, 0.000000000000000000 ) ) ;
#776 = ORIENTED_EDGE ( 'NONE', *, *, #3795, .F. ) ;
#777 = VECTOR ( 'NONE', #389, 1000.000000000000000 ) ;
#778 = EDGE_LOOP ( 'NONE', ( #711, #288, #3719, #2920 ) ) ;
#779 = VECTOR ( 'NONE', #2754, 1000.000000000000000 ) ;
#780 = ORIENTED_EDGE ( 'NONE', *, *, #3816, .T. ) ;
#781 = CARTESIAN_POINT ( 'NONE',  ( 0.3599999999999999867, 0.6482622246293484602, 1.299999999999999822 ) ) ;
#782 = VECTOR ( 'NONE', #2552, 1000.000000000000000 ) ;
#783 = EDGE_CURVE ( 'NONE', #2150, #4452, #161, .T. ) ;
#784 = CARTESIAN_POINT ( 'NONE',  ( 1.349999999999999867, 0.000000000000000000, -0.6099999999999999867 ) ) ;
#785 = ADVANCED_FACE ( 'NONE', ( #3139 ), #826, .T. ) ;
#786 = FACE_BOUND ( 'NONE', #4274, .T. ) ;
#787 = VERTEX_POINT ( 'NONE', #1995 ) ;
#788 = LINE ( 'NONE', #373, #1561 ) ;
#789 = CARTESIAN_POINT ( 'NONE',  ( -1.449999999999999956, 0.000000000000000000, -1.399999999999999245 ) ) ;
#790 = VERTEX_POINT ( 'NONE', #4219 ) ;
#791 = FACE_OUTER_BOUND ( 'NONE', #4611, .T. ) ;
#792 = VERTEX_POINT ( 'NONE', #3570 ) ;
#793 = DIRECTION ( 'NONE',  ( 0.000000000000000000, 1.000000000000000000, -0.000000000000000000 ) ) ;
#794 = CARTESIAN_POINT ( 'NONE',  ( -0.9499999999999964029, 0.6482622246293484602, 0.3900000000000000688 ) ) ;
#795 = DIRECTION ( 'NONE',  ( -0.000000000000000000, -1.000000000000000000, -0.000000000000000000 ) ) ;
#796 = FACE_OUTER_BOUND ( 'NONE', #1221, .T. ) ;
#797 = CARTESIAN_POINT ( 'NONE',  ( 1.449999999999999956, 0.1600000000000000033, -1.399999999999999689 ) ) ;
#798 = DIRECTION ( 'NONE',  ( 1.000000000000000000, -0.000000000000000000, 0.000000000000000000 ) ) ;
#799 = ORIENTED_EDGE ( 'NONE', *, *, #2952, .F. ) ;
#800 = CARTESIAN_POINT ( 'NONE',  ( 0.3599999999999999867, 0.1600000000000000033, 1.299999999999999822 ) ) ;
#801 = ORIENTED_EDGE ( 'NONE', *, *, #4330, .F. ) ;
#802 = ORIENTED_EDGE ( 'NONE', *, *, #639, .F. ) ;
#803 = CARTESIAN_POINT ( 'NONE',  ( 0.9499999999999981792, 0.1600000000000000033, -0.3900000000000000688 ) ) ;
#804 = VECTOR ( 'NONE', #2909, 1000.000000000000000 ) ;
#805 = VECTOR ( 'NONE', #1826, 1000.000000000000000 ) ;
#806 = VECTOR ( 'NONE', #1327, 1000.000000000000000 ) ;
#807 = AXIS2_PLACEMENT_3D ( 'NONE', #1284, #3532, #2833 ) ;
#808 = LINE ( 'NONE', #3878, #3142 ) ;
#809 = VERTEX_POINT ( 'NONE', #76 ) ;
#810 = LINE ( 'NONE', #1896, #2744 ) ;
#811 = DIRECTION ( 'NONE',  ( 0.000000000000000000, -0.000000000000000000, 1.000000000000000000 ) ) ;
#812 = FACE_OUTER_BOUND ( 'NONE', #3976, .T. ) ;
#813 = AXIS2_PLACEMENT_3D ( 'NONE', #2682, #4511, #1481 ) ;
#814 = ADVANCED_FACE ( 'NONE', ( #3924 ), #3484, .F. ) ;
#815 = ORIENTED_EDGE ( 'NONE', *, *, #298, .F. ) ;
#816 = CARTESIAN_POINT ( 'NONE',  ( 1.349999999999999867, 0.1599999999999999756, -0.8900000000000000133 ) ) ;
#817 = ORIENTED_EDGE ( 'NONE', *, *, #4541, .F. ) ;
#818 = PLANE ( 'NONE',  #3509 ) ;
#819 = CARTESIAN_POINT ( 'NONE',  ( 0.9499999999999948486, 0.000000000000000000, 0.6099999999999999867 ) ) ;
#820 = EDGE_CURVE ( 'NONE', #1752, #2221, #4296, .T. ) ;
#821 = LINE ( 'NONE', #2344, #3642 ) ;
#822 = EDGE_CURVE ( 'NONE', #689, #1346, #2351, .T. ) ;
#823 = LINE ( 'NONE', #202, #1909 ) ;
#824 = DIRECTION ( 'NONE',  ( -1.355252715606879556E-16, 0.000000000000000000, -1.000000000000000000 ) ) ;
#825 = AXIS2_PLACEMENT_3D ( 'NONE', #1946, #3369, #3070 ) ;
#826 = PLANE ( 'NONE',  #1464 ) ;
#827 = ORIENTED_EDGE ( 'NONE', *, *, #1324, .F. ) ;
#828 = EDGE_LOOP ( 'NONE', ( #3900, #4283, #598, #4124 ) ) ;
#829 = LINE ( 'NONE', #803, #2285 ) ;
#830 = AXIS2_PLACEMENT_3D ( 'NONE', #167, #3253, #3228 ) ;
#831 = PRESENTATION_LAYER_ASSIGNMENT (  '', '', ( #1857 ) ) ;
#832 = DIRECTION ( 'NONE',  ( -1.000000000000000000, 0.000000000000000000, 1.355252715606879803E-16 ) ) ;
#833 = LINE ( 'NONE', #1541, #1806 ) ;
#834 = DIRECTION ( 'NONE',  ( -1.000000000000000000, 0.000000000000000000, 0.000000000000000000 ) ) ;
#835 = VERTEX_POINT ( 'NONE', #2379 ) ;
#836 = PLANE ( 'NONE',  #2924 ) ;
#837 = VECTOR ( 'NONE', #3685, 1000.000000000000000 ) ;
#838 = CARTESIAN_POINT ( 'NONE',  ( -1.349999999999994760, 0.1600000000000000033, 0.8900000000000000133 ) ) ;
#839 = VECTOR ( 'NONE', #4843, 1000.000000000000000 ) ;
#840 = ORIENTED_EDGE ( 'NONE', *, *, #4361, .F. ) ;
#841 = FACE_BOUND ( 'NONE', #3416, .T. ) ;
#842 = DIRECTION ( 'NONE',  ( 0.000000000000000000, -1.000000000000000000, 0.000000000000000000 ) ) ;
#843 = ORIENTED_EDGE ( 'NONE', *, *, #179, .T. ) ;
#844 = DIRECTION ( 'NONE',  ( -2.710505431213761578E-16, -0.000000000000000000, 1.000000000000000000 ) ) ;
#845 = CARTESIAN_POINT ( 'NONE',  ( -1.349999999999998090, 0.6482622246293484602, -0.1099999999999999589 ) ) ;
#846 = EDGE_CURVE ( 'NONE', #1107, #1354, #3871, .T. ) ;
#847 = CARTESIAN_POINT ( 'NONE',  ( -0.3599999999999999867, 0.000000000000000000, -1.300000000000006484 ) ) ;
#848 = DIRECTION ( 'NONE',  ( 0.000000000000000000, 0.000000000000000000, 1.000000000000000000 ) ) ;
#849 = ADVANCED_FACE ( 'NONE', ( #4591 ), #2324, .F. ) ;
#850 = EDGE_CURVE ( 'NONE', #2725, #3459, #540, .T. ) ;
#851 = FACE_OUTER_BOUND ( 'NONE', #1427, .T. ) ;
#852 = EDGE_LOOP ( 'NONE', ( #84, #4090, #1901, #2273 ) ) ;
#853 = DIRECTION ( 'NONE',  ( 7.744301232039315695E-16, 0.000000000000000000, -1.000000000000000000 ) ) ;
#854 = VERTEX_POINT ( 'NONE', #2404 ) ;
#855 = VECTOR ( 'NONE', #3732, 1000.000000000000000 ) ;
#856 = EDGE_LOOP ( 'NONE', ( #2954, #677 ) ) ;
#857 = DIRECTION ( 'NONE',  ( 0.000000000000000000, -1.000000000000000000, 0.000000000000000000 ) ) ;
#858 = DIRECTION ( 'NONE',  ( -1.000000000000000000, -0.000000000000000000, -0.000000000000000000 ) ) ;
#859 = EDGE_LOOP ( 'NONE', ( #2792, #875, #4701, #367 ) ) ;
#860 = CARTESIAN_POINT ( 'NONE',  ( -0.9499999999999948486, 0.1600000000000000033, 0.8900000000000000133 ) ) ;
#861 = DIRECTION ( 'NONE',  ( 0.000000000000000000, 0.000000000000000000, -1.000000000000000000 ) ) ;
#862 = VERTEX_POINT ( 'NONE', #3115 ) ;
#863 = SURFACE_STYLE_USAGE ( .BOTH. , #4635 ) ;
#864 = ORIENTED_EDGE ( 'NONE', *, *, #4868, .T. ) ;
#865 = CARTESIAN_POINT ( 'NONE',  ( 0.9499999999999998446, 0.000000000000000000, -0.8900000000000000133 ) ) ;
#866 = CARTESIAN_POINT ( 'NONE',  ( 1.449999999999999956, 0.1600000000000000033, -1.399999999999999689 ) ) ;
#867 = DIRECTION ( 'NONE',  ( 1.000000000000000000, 0.000000000000000000, 0.000000000000000000 ) ) ;
#868 = PLANE ( 'NONE',  #515 ) ;
#869 = LINE ( 'NONE', #1635, #4941 ) ;
#870 = DIRECTION ( 'NONE',  ( -1.000000000000000000, 0.000000000000000000, -3.872150616019658834E-16 ) ) ;
#871 = ADVANCED_FACE ( 'NONE', ( #104 ), #3899, .F. ) ;
#872 = VERTEX_POINT ( 'NONE', #129 ) ;
#873 = DIRECTION ( 'NONE',  ( -0.000000000000000000, -1.000000000000000000, -0.000000000000000000 ) ) ;
#874 = DIRECTION ( 'NONE',  ( -0.000000000000000000, -0.000000000000000000, 1.000000000000000000 ) ) ;
#875 = ORIENTED_EDGE ( 'NONE', *, *, #1349, .F. ) ;
#876 = ORIENTED_EDGE ( 'NONE', *, *, #4258, .F. ) ;
#877 = CARTESIAN_POINT ( 'NONE',  ( -1.349999999999999867, 0.000000000000000000, -0.8900000000000000133 ) ) ;
#878 = DIRECTION ( 'NONE',  ( 2.710505431213759113E-16, 0.000000000000000000, -1.000000000000000000 ) ) ;
#879 = VECTOR ( 'NONE', #2290, 1000.000000000000000 ) ;
#880 = CARTESIAN_POINT ( 'NONE',  ( -0.9499999999999948486, 0.6482622246293484602, 0.6099999999999999867 ) ) ;
#881 = EDGE_LOOP ( 'NONE', ( #353, #1926, #4848, #4775 ) ) ;
#882 = FACE_OUTER_BOUND ( 'NONE', #2340, .T. ) ;
#883 = PLANE ( 'NONE',  #1039 ) ;
#884 = VECTOR ( 'NONE', #87, 1000.000000000000000 ) ;
#885 = VECTOR ( 'NONE', #4436, 1000.000000000000000 ) ;
#886 = ORIENTED_EDGE ( 'NONE', *, *, #3248, .T. ) ;
#887 = DIRECTION ( 'NONE',  ( 0.000000000000000000, 0.000000000000000000, -1.000000000000000000 ) ) ;
#888 = ORIENTED_EDGE ( 'NONE', *, *, #1026, .F. ) ;
#889 = LINE ( 'NONE', #2467, #3428 ) ;
#890 = VECTOR ( 'NONE', #55, 1000.000000000000000 ) ;
#891 = DIRECTION ( 'NONE',  ( -0.000000000000000000, -1.000000000000000000, -0.000000000000000000 ) ) ;
#892 = SURFACE_STYLE_FILL_AREA ( #2043 ) ;
#893 = DIRECTION ( 'NONE',  ( -1.000000000000000000, -0.000000000000000000, 3.872150616019656862E-16 ) ) ;
#894 = EDGE_CURVE ( 'NONE', #2582, #325, #3163, .T. ) ;
#895 = VERTEX_POINT ( 'NONE', #49 ) ;
#896 = DIRECTION ( 'NONE',  ( -1.355252715606879556E-16, -0.000000000000000000, -1.000000000000000000 ) ) ;
#897 = CARTESIAN_POINT ( 'NONE',  ( -0.1400000000000000411, 0.6482622246293484602, -1.300000000000003153 ) ) ;
#898 = DIRECTION ( 'NONE',  ( 1.000000000000000000, 0.000000000000000000, -2.710505431213761578E-16 ) ) ;
#899 = ORIENTED_EDGE ( 'NONE', *, *, #543, .T. ) ;
#900 = EDGE_LOOP ( 'NONE', ( #4191, #3713, #2623, #1880 ) ) ;
#901 = DIRECTION ( 'NONE',  ( -0.000000000000000000, -1.000000000000000000, -0.000000000000000000 ) ) ;
#902 = DIRECTION ( 'NONE',  ( 0.000000000000000000, 1.000000000000000000, 0.000000000000000000 ) ) ;
#903 = UNCERTAINTY_MEASURE_WITH_UNIT (LENGTH_MEASURE( 1.000000000000000082E-05 ), #1872, 'distance_accuracy_value', 'NONE');
#904 = DIRECTION ( 'NONE',  ( -0.000000000000000000, -0.000000000000000000, 1.000000000000000000 ) ) ;
#905 = VECTOR ( 'NONE', #3821, 1000.000000000000000 ) ;
#906 = CARTESIAN_POINT ( 'NONE',  ( -1.349999999999994760, 0.1599999999999999756, 0.6099999999999998757 ) ) ;
#907 = AXIS2_PLACEMENT_3D ( 'NONE', #369, #3415, #4532 ) ;
#908 = ADVANCED_FACE ( 'NONE', ( #465 ), #438, .T. ) ;
#909 = ORIENTED_EDGE ( 'NONE', *, *, #3548, .F. ) ;
#910 = DIRECTION ( 'NONE',  ( -0.000000000000000000, -0.000000000000000000, 1.000000000000000000 ) ) ;
#911 = CARTESIAN_POINT ( 'NONE',  ( -1.349999999999996314, 0.6482622246293484602, 0.1099999999999999589 ) ) ;
#912 = EDGE_CURVE ( 'NONE', #3371, #3364, #1969, .T. ) ;
#913 = EDGE_LOOP ( 'NONE', ( #547, #3065, #2778, #3434 ) ) ;
#914 = EDGE_CURVE ( 'NONE', #3215, #3472, #1171, .T. ) ;
#915 = CARTESIAN_POINT ( 'NONE',  ( 0.1400000000000000411, 0.1600000000000000033, -1.300000000000002931 ) ) ;
#916 = EDGE_LOOP ( 'NONE', ( #3457, #166, #1097, #3017 ) ) ;
#917 = DIRECTION ( 'NONE',  ( -0.000000000000000000, -0.000000000000000000, 1.000000000000000000 ) ) ;
#918 = CYLINDRICAL_SURFACE ( 'NONE', #3506, 0.07499999999999998335 ) ;
#919 = CARTESIAN_POINT ( 'NONE',  ( -0.7499999999999998890, 0.1599999999999999756, -0.8249999999999999556 ) ) ;
#920 = DIRECTION ( 'NONE',  ( 0.000000000000000000, 0.000000000000000000, -1.000000000000000000 ) ) ;
#921 = ADVANCED_FACE ( 'NONE', ( #1664 ), #1364, .F. ) ;
#922 = ORIENTED_EDGE ( 'NONE', *, *, #1899, .T. ) ;
#923 = DIRECTION ( 'NONE',  ( -0.000000000000000000, -1.000000000000000000, -0.000000000000000000 ) ) ;
#924 = ORIENTED_EDGE ( 'NONE', *, *, #4088, .F. ) ;
#925 = DIRECTION ( 'NONE',  ( -2.710505431213761578E-16, -0.000000000000000000, 1.000000000000000000 ) ) ;
#926 = ORIENTED_EDGE ( 'NONE', *, *, #2585, .T. ) ;
#927 = SURFACE_SIDE_STYLE ('',( #2545 ) ) ;
#928 = CARTESIAN_POINT ( 'NONE',  ( 0.3599999999999999867, 0.6482622246293484602, -1.299999999999999822 ) ) ;
#929 = EDGE_CURVE ( 'NONE', #1774, #127, #182, .T. ) ;
#930 = AXIS2_PLACEMENT_3D ( 'NONE', #3329, #1858, #2958 ) ;
#931 = VECTOR ( 'NONE', #3263, 1000.000000000000000 ) ;
#932 = ORIENTED_EDGE ( 'NONE', *, *, #250, .T. ) ;
#933 = ADVANCED_FACE ( 'NONE', ( #4724 ), #2452, .F. ) ;
#934 = LINE ( 'NONE', #3550, #4205 ) ;
#935 = CARTESIAN_POINT ( 'NONE',  ( 1.449999999999999956, 0.9700000000000004174, 1.400000000000000133 ) ) ;
#936 = AXIS2_PLACEMENT_3D ( 'NONE', #3274, #2080, #638 ) ;
#937 = EDGE_LOOP ( 'NONE', ( #502, #4602, #590, #4896 ) ) ;
#938 = FACE_OUTER_BOUND ( 'NONE', #4322, .T. ) ;
#939 = SURFACE_STYLE_FILL_AREA ( #2509 ) ;
#940 = EDGE_LOOP ( 'NONE', ( #346, #4761, #4750, #3554 ) ) ;
#941 = LINE ( 'NONE', #865, #2085 ) ;
#942 = VECTOR ( 'NONE', #3632, 1000.000000000000000 ) ;
#943 = FACE_OUTER_BOUND ( 'NONE', #154, .T. ) ;
#944 = AXIS2_PLACEMENT_3D ( 'NONE', #1621, #3439, #3849 ) ;
#945 = PRODUCT_CONTEXT ( 'NONE', #3505, 'mechanical' ) ;
#946 = CARTESIAN_POINT ( 'NONE',  ( 1.349999999999996314, 0.000000000000000000, 0.3900000000000000688 ) ) ;
#947 = DIRECTION ( 'NONE',  ( 1.000000000000000000, 0.000000000000000000, -0.000000000000000000 ) ) ;
#948 = FACE_OUTER_BOUND ( 'NONE', #4184, .T. ) ;
#949 = FACE_OUTER_BOUND ( 'NONE', #1436, .T. ) ;
#950 = DIRECTION ( 'NONE',  ( 7.744301232039316681E-16, 0.000000000000000000, -1.000000000000000000 ) ) ;
#951 = VERTEX_POINT ( 'NONE', #4748 ) ;
#952 = PRESENTATION_STYLE_ASSIGNMENT (( #500 ) ) ;
#953 = CARTESIAN_POINT ( 'NONE',  ( -0.9499999999999998446, 0.6482622246293484602, -0.6099999999999999867 ) ) ;
#954 = ORIENTED_EDGE ( 'NONE', *, *, #2314, .T. ) ;
#955 = LINE ( 'NONE', #1021, #3794 ) ;
#956 = DIRECTION ( 'NONE',  ( 0.000000000000000000, -1.000000000000000000, 0.000000000000000000 ) ) ;
#957 = VERTEX_POINT ( 'NONE', #4019 ) ;
#958 = CARTESIAN_POINT ( 'NONE',  ( -0.9499999999999998446, 0.1599999999999999756, -0.6099999999999999867 ) ) ;
#959 = LINE ( 'NONE', #4008, #3876 ) ;
#960 = EDGE_LOOP ( 'NONE', ( #3327, #4411, #3873, #1928 ) ) ;
#961 = CARTESIAN_POINT ( 'NONE',  ( 0.3599999999999999312, 0.1599999999999999756, -0.8999999999999994671 ) ) ;
#962 = SURFACE_STYLE_USAGE ( .BOTH. , #4383 ) ;
#963 = EDGE_LOOP ( 'NONE', ( #1549, #987 ) ) ;
#964 = CARTESIAN_POINT ( 'NONE',  ( -0.9499999999999998446, 0.6482622246293484602, -0.8900000000000000133 ) ) ;
#965 = DIRECTION ( 'NONE',  ( -2.710505431213761578E-16, 0.000000000000000000, 1.000000000000000000 ) ) ;
#966 = VECTOR ( 'NONE', #3132, 1000.000000000000000 ) ;
#967 = ADVANCED_FACE ( 'NONE', ( #1316 ), #2890, .F. ) ;
#968 = AXIS2_PLACEMENT_3D ( 'NONE', #2985, #4039, #4460 ) ;
#969 = ADVANCED_FACE ( 'NONE', ( #2144 ), #589, .T. ) ;
#970 = DIRECTION ( 'NONE',  ( 1.000000000000000000, 0.000000000000000000, 0.000000000000000000 ) ) ;
#971 = CARTESIAN_POINT ( 'NONE',  ( -0.3599999999999999867, 0.1600000000000000033, 1.300000000000006484 ) ) ;
#972 = EDGE_CURVE ( 'NONE', #4634, #3460, #1342, .T. ) ;
#973 = ADVANCED_FACE ( 'NONE', ( #335 ), #1569, .T. ) ;
#974 = DIRECTION ( 'NONE',  ( -0.000000000000000000, 0.000000000000000000, 1.000000000000000000 ) ) ;
#975 = DIRECTION ( 'NONE',  ( 0.000000000000000000, -0.000000000000000000, 1.000000000000000000 ) ) ;
#976 = DIRECTION ( 'NONE',  ( 0.000000000000000000, -1.000000000000000000, 0.000000000000000000 ) ) ;
#977 = ORIENTED_EDGE ( 'NONE', *, *, #3326, .T. ) ;
#978 = FACE_BOUND ( 'NONE', #4581, .T. ) ;
#979 = ORIENTED_EDGE ( 'NONE', *, *, #4729, .T. ) ;
#980 = SURFACE_STYLE_USAGE ( .BOTH. , #927 ) ;
#981 = VECTOR ( 'NONE', #4717, 1000.000000000000000 ) ;
#982 = ORIENTED_EDGE ( 'NONE', *, *, #2756, .F. ) ;
#983 = CARTESIAN_POINT ( 'NONE',  ( -0.6400000000000000133, 0.1600000000000000033, -1.300000000000006706 ) ) ;
#984 = DIRECTION ( 'NONE',  ( -0.000000000000000000, -1.000000000000000000, -0.000000000000000000 ) ) ;
#985 = PRESENTATION_LAYER_ASSIGNMENT (  '', '', ( #3533 ) ) ;
#986 = VECTOR ( 'NONE', #4902, 1000.000000000000000 ) ;
#987 = ORIENTED_EDGE ( 'NONE', *, *, #2613, .T. ) ;
#988 = CARTESIAN_POINT ( 'NONE',  ( 0.6399999999999999023, 0.1600000000000000033, -0.8999999999999995781 ) ) ;
#989 =( NAMED_UNIT ( * ) SI_UNIT ( $, .STERADIAN. ) SOLID_ANGLE_UNIT ( ) );
#990 = ORIENTED_EDGE ( 'NONE', *, *, #1251, .F. ) ;
#991 = DIRECTION ( 'NONE',  ( 3.872150616019658834E-16, -0.000000000000000000, 1.000000000000000000 ) ) ;
#992 = ADVANCED_FACE ( 'NONE', ( #3818 ), #1920, .F. ) ;
#993 = DIRECTION ( 'NONE',  ( 0.000000000000000000, -1.000000000000000000, 0.000000000000000000 ) ) ;
#994 = STYLED_ITEM ( 'NONE', ( #3774 ), #1958 ) ;
#995 = DIRECTION ( 'NONE',  ( -1.000000000000000000, -0.000000000000000000, 3.872150616019656862E-16 ) ) ;
#996 = VECTOR ( 'NONE', #3331, 1000.000000000000000 ) ;
#997 = FACE_OUTER_BOUND ( 'NONE', #2895, .T. ) ;
#998 = VERTEX_POINT ( 'NONE', #4901 ) ;
#999 = LINE ( 'NONE', #3686, #609 ) ;
#1000 = PRESENTATION_STYLE_ASSIGNMENT (( #1345 ) ) ;
#1001 = ORIENTED_EDGE ( 'NONE', *, *, #1298, .F. ) ;
#1002 = CARTESIAN_POINT ( 'NONE',  ( -0.1400000000000000411, 0.1600000000000000033, 1.300000000000003153 ) ) ;
#1003 = EDGE_CURVE ( 'NONE', #4179, #4034, #1453, .T. ) ;
#1004 = ORIENTED_EDGE ( 'NONE', *, *, #4146, .T. ) ;
#1005 = EDGE_LOOP ( 'NONE', ( #1768, #1442, #4303, #1911 ) ) ;
#1006 = FACE_OUTER_BOUND ( 'NONE', #1744, .T. ) ;
#1007 = DIRECTION ( 'NONE',  ( -0.000000000000000000, -1.000000000000000000, -0.000000000000000000 ) ) ;
#1008 = CIRCLE ( 'NONE', #3388, 0.1054322639199452849 ) ;
#1009 = ORIENTED_EDGE ( 'NONE', *, *, #2083, .T. ) ;
#1010 = CARTESIAN_POINT ( 'NONE',  ( 0.9499999999999948486, 0.1600000000000000033, 0.8900000000000000133 ) ) ;
#1011 = CARTESIAN_POINT ( 'NONE',  ( 0.9499999999999964029, 0.6482622246293484602, 0.1099999999999999589 ) ) ;
#1012 = ORIENTED_EDGE ( 'NONE', *, *, #2411, .T. ) ;
#1013 = SURFACE_STYLE_USAGE ( .BOTH. , #4038 ) ;
#1014 = CARTESIAN_POINT ( 'NONE',  ( -0.1400000000000000411, 0.000000000000000000, -1.300000000000003153 ) ) ;
#1015 = FACE_OUTER_BOUND ( 'NONE', #916, .T. ) ;
#1016 = CARTESIAN_POINT ( 'NONE',  ( 0.6400000000000000133, 0.1599999999999999756, 1.299999999999999600 ) ) ;
#1017 = LINE ( 'NONE', #4886, #3883 ) ;
#1018 = CARTESIAN_POINT ( 'NONE',  ( 1.349999999999994760, 0.000000000000000000, 0.8900000000000000133 ) ) ;
#1019 = CARTESIAN_POINT ( 'NONE',  ( -1.349999999999994760, 0.1599999999999999756, 0.8900000000000000133 ) ) ;
#1020 = ORIENTED_EDGE ( 'NONE', *, *, #3258, .F. ) ;
#1021 = CARTESIAN_POINT ( 'NONE',  ( -0.9499999999999964029, 0.1600000000000000033, 0.1099999999999999589 ) ) ;
#1022 =( GEOMETRIC_REPRESENTATION_CONTEXT ( 3 ) GLOBAL_UNCERTAINTY_ASSIGNED_CONTEXT ( ( #2650 ) ) GLOBAL_UNIT_ASSIGNED_CONTEXT ( ( #2391, #2039, #4355 ) ) REPRESENTATION_CONTEXT ( 'NONE', 'WORKASPACE' ) );
#1023 = ORIENTED_EDGE ( 'NONE', *, *, #3366, .F. ) ;
#1024 = ORIENTED_EDGE ( 'NONE', *, *, #2226, .F. ) ;
#1025 = DIRECTION ( 'NONE',  ( 1.000000000000000000, 0.000000000000000000, 0.000000000000000000 ) ) ;
#1026 = EDGE_CURVE ( 'NONE', #1087, #4034, #3773, .T. ) ;
#1027 = ORIENTED_EDGE ( 'NONE', *, *, #79, .T. ) ;
#1028 = CARTESIAN_POINT ( 'NONE',  ( -0.9499999999999948486, 0.6482622246293484602, 0.8900000000000000133 ) ) ;
#1029 = PRESENTATION_STYLE_ASSIGNMENT (( #3984 ) ) ;
#1030 = VERTEX_POINT ( 'NONE', #392 ) ;
#1031 = DIRECTION ( 'NONE',  ( 0.000000000000000000, -0.000000000000000000, 1.000000000000000000 ) ) ;
#1032 = DIRECTION ( 'NONE',  ( 0.000000000000000000, 0.000000000000000000, -1.000000000000000000 ) ) ;
#1033 = DIRECTION ( 'NONE',  ( 1.000000000000000000, 0.000000000000000000, -2.710505431213761578E-16 ) ) ;
#1034 = ORIENTED_EDGE ( 'NONE', *, *, #4024, .T. ) ;
#1035 = CARTESIAN_POINT ( 'NONE',  ( 0.3599999999999999312, 0.6482622246293484602, -0.8999999999999994671 ) ) ;
#1036 = AXIS2_PLACEMENT_3D ( 'NONE', #1452, #3281, #1058 ) ;
#1037 = VECTOR ( 'NONE', #995, 1000.000000000000000 ) ;
#1038 = EDGE_CURVE ( 'NONE', #1, #3378, #4751, .T. ) ;
#1039 = AXIS2_PLACEMENT_3D ( 'NONE', #1254, #1673, #4707 ) ;
#1040 = DIRECTION ( 'NONE',  ( 1.000000000000000000, -0.000000000000000000, -0.000000000000000000 ) ) ;
#1041 = AXIS2_PLACEMENT_3D ( 'NONE', #3555, #144, #2812 ) ;
#1042 = CARTESIAN_POINT ( 'NONE',  ( -0.9499999999999964029, 0.000000000000000000, 0.3900000000000000688 ) ) ;
#1043 = VERTEX_POINT ( 'NONE', #4728 ) ;
#1044 = DIRECTION ( 'NONE',  ( 0.000000000000000000, -1.000000000000000000, 0.000000000000000000 ) ) ;
#1045 = ORIENTED_EDGE ( 'NONE', *, *, #3103, .F. ) ;
#1046 = DIRECTION ( 'NONE',  ( -1.000000000000000000, 0.000000000000000000, 1.355252715606879803E-16 ) ) ;
#1047 = AXIS2_PLACEMENT_3D ( 'NONE', #2671, #2298, #3438 ) ;
#1048 = ORIENTED_EDGE ( 'NONE', *, *, #563, .F. ) ;
#1049 = ORIENTED_EDGE ( 'NONE', *, *, #2142, .F. ) ;
#1050 = CARTESIAN_POINT ( 'NONE',  ( -0.6400000000000000133, 0.000000000000000000, 1.300000000000006706 ) ) ;
#1051 = ORIENTED_EDGE ( 'NONE', *, *, #3350, .T. ) ;
#1052 = ADVANCED_FACE ( 'NONE', ( #215 ), #570, .T. ) ;
#1053 = DIRECTION ( 'NONE',  ( -0.000000000000000000, 0.000000000000000000, 1.000000000000000000 ) ) ;
#1054 = ORIENTED_EDGE ( 'NONE', *, *, #3680, .T. ) ;
#1055 = DIRECTION ( 'NONE',  ( -1.000000000000000000, 0.000000000000000000, 2.710505431213759113E-16 ) ) ;
#1056 = CARTESIAN_POINT ( 'NONE',  ( 0.6400000000000000133, 0.000000000000000000, -1.299999999999999600 ) ) ;
#1057 = EDGE_CURVE ( 'NONE', #4936, #4137, #4300, .T. ) ;
#1058 = DIRECTION ( 'NONE',  ( 1.000000000000000000, 0.000000000000000000, -7.744301232039315695E-16 ) ) ;
#1059 = VECTOR ( 'NONE', #2870, 1000.000000000000000 ) ;
#1060 = EDGE_CURVE ( 'NONE', #1914, #1417, #495, .T. ) ;
#1061 = EDGE_CURVE ( 'NONE', #3140, #3691, #1718, .T. ) ;
#1062 = ORIENTED_EDGE ( 'NONE', *, *, #3391, .T. ) ;
#1063 = CARTESIAN_POINT ( 'NONE',  ( 1.349999999999999867, 0.1599999999999999756, -0.6099999999999999867 ) ) ;
#1064 = VECTOR ( 'NONE', #4033, 1000.000000000000000 ) ;
#1065 = LINE ( 'NONE', #4913, #1851 ) ;
#1066 = LINE ( 'NONE', #1555, #1479 ) ;
#1067 = DIRECTION ( 'NONE',  ( 1.000000000000000000, 0.000000000000000000, 0.000000000000000000 ) ) ;
#1068 = AXIS2_PLACEMENT_3D ( 'NONE', #4370, #950, #2122 ) ;
#1069 = ORIENTED_EDGE ( 'NONE', *, *, #4105, .T. ) ;
#1070 = ADVANCED_FACE ( 'NONE', ( #4702 ), #2076, .F. ) ;
#1071 = CARTESIAN_POINT ( 'NONE',  ( -1.449999999999999956, 5.971128874149274957, 1.400000000000000577 ) ) ;
#1072 = AXIS2_PLACEMENT_3D ( 'NONE', #633, #3763, #2961 ) ;
#1073 = VERTEX_POINT ( 'NONE', #3978 ) ;
#1074 = EDGE_LOOP ( 'NONE', ( #4592, #740, #4759, #3925 ) ) ;
#1075 = DIRECTION ( 'NONE',  ( 0.000000000000000000, -1.000000000000000000, 0.000000000000000000 ) ) ;
#1076 = EDGE_CURVE ( 'NONE', #1222, #1867, #1692, .T. ) ;
#1077 = VERTEX_POINT ( 'NONE', #2845 ) ;
#1078 = CARTESIAN_POINT ( 'NONE',  ( 0.000000000000000000, 0.000000000000000000, 0.000000000000000000 ) ) ;
#1079 = FACE_BOUND ( 'NONE', #3912, .T. ) ;
#1080 = EDGE_CURVE ( 'NONE', #2940, #4918, #2409, .T. ) ;
#1081 = ORIENTED_EDGE ( 'NONE', *, *, #487, .T. ) ;
#1082 = DIRECTION ( 'NONE',  ( 1.000000000000000000, 0.000000000000000000, -0.000000000000000000 ) ) ;
#1083 = FACE_OUTER_BOUND ( 'NONE', #2482, .T. ) ;
#1084 = CARTESIAN_POINT ( 'NONE',  ( -0.7499999999999998890, 0.000000000000000000, -0.8249999999999999556 ) ) ;
#1085 = VECTOR ( 'NONE', #3784, 1000.000000000000000 ) ;
#1086 = ADVANCED_FACE ( 'NONE', ( #3575 ), #4777, .F. ) ;
#1087 = VERTEX_POINT ( 'NONE', #2479 ) ;
#1088 = AXIS2_PLACEMENT_3D ( 'NONE', #2189, #356, #727 ) ;
#1089 = ORIENTED_EDGE ( 'NONE', *, *, #165, .F. ) ;
#1090 = CARTESIAN_POINT ( 'NONE',  ( -0.9499999999999964029, 0.1600000000000000033, 0.3900000000000000688 ) ) ;
#1091 = EDGE_CURVE ( 'NONE', #2922, #3639, #522, .T. ) ;
#1092 =( GEOMETRIC_REPRESENTATION_CONTEXT ( 3 ) GLOBAL_UNCERTAINTY_ASSIGNED_CONTEXT ( ( #4703 ) ) GLOBAL_UNIT_ASSIGNED_CONTEXT ( ( #4101, #4549, #2251 ) ) REPRESENTATION_CONTEXT ( 'NONE', 'WORKASPACE' ) );
#1093 = LINE ( 'NONE', #4839, #4649 ) ;
#1094 = FACE_OUTER_BOUND ( 'NONE', #4574, .T. ) ;
#1095 = LINE ( 'NONE', #678, #4028 ) ;
#1096 = CARTESIAN_POINT ( 'NONE',  ( 0.9499999999999964029, 0.000000000000000000, 0.1099999999999999589 ) ) ;
#1097 = ORIENTED_EDGE ( 'NONE', *, *, #1600, .F. ) ;
#1098 = CARTESIAN_POINT ( 'NONE',  ( 0.6399999999999999023, 0.6482622246293484602, 0.8999999999999995781 ) ) ;
#1099 = VERTEX_POINT ( 'NONE', #2105 ) ;
#1100 = VERTEX_POINT ( 'NONE', #3546 ) ;
#1101 = DIRECTION ( 'NONE',  ( -1.000000000000000000, 0.000000000000000000, 0.000000000000000000 ) ) ;
#1102 = EDGE_CURVE ( 'NONE', #862, #3486, #3625, .T. ) ;
#1103 = ORIENTED_EDGE ( 'NONE', *, *, #4111, .F. ) ;
#1104 = CARTESIAN_POINT ( 'NONE',  ( 0.9499999999999981792, 0.000000000000000000, -0.3900000000000000688 ) ) ;
#1105 = DIRECTION ( 'NONE',  ( 3.872150616019658341E-16, -0.000000000000000000, 1.000000000000000000 ) ) ;
#1106 = LINE ( 'NONE', #416, #986 ) ;
#1107 = VERTEX_POINT ( 'NONE', #1269 ) ;
#1108 = DIRECTION ( 'NONE',  ( -1.000000000000000000, 0.000000000000000000, 1.495451272393799296E-16 ) ) ;
#1109 = CARTESIAN_POINT ( 'NONE',  ( 0.9499999999999948486, 0.6482622246293484602, 0.8900000000000000133 ) ) ;
#1110 = ORIENTED_EDGE ( 'NONE', *, *, #390, .T. ) ;
#1111 = ORIENTED_EDGE ( 'NONE', *, *, #244, .F. ) ;
#1112 = DIRECTION ( 'NONE',  ( -1.000000000000000000, 0.000000000000000000, 0.000000000000000000 ) ) ;
#1113 = EDGE_CURVE ( 'NONE', #1716, #759, #1619, .T. ) ;
#1114 = STYLED_ITEM ( 'NONE', ( #1000 ), #344 ) ;
#1115 = DIRECTION ( 'NONE',  ( 0.000000000000000000, 0.000000000000000000, 1.000000000000000000 ) ) ;
#1116 = LINE ( 'NONE', #405, #4115 ) ;
#1117 = EDGE_CURVE ( 'NONE', #1346, #4564, #2798, .T. ) ;
#1118 = VECTOR ( 'NONE', #3679, 1000.000000000000000 ) ;
#1119 = ORIENTED_EDGE ( 'NONE', *, *, #1966, .F. ) ;
#1120 = LINE ( 'NONE', #3089, #3672 ) ;
#1121 = ORIENTED_EDGE ( 'NONE', *, *, #2738, .T. ) ;
#1122 = ADVANCED_FACE ( 'NONE', ( #1668 ), #686, .T. ) ;
#1123 = AXIS2_PLACEMENT_3D ( 'NONE', #2755, #3173, #139 ) ;
#1124 = AXIS2_PLACEMENT_3D ( 'NONE', #2633, #3056, #1578 ) ;
#1125 = ORIENTED_EDGE ( 'NONE', *, *, #3587, .T. ) ;
#1126 = VERTEX_POINT ( 'NONE', #2586 ) ;
#1127 = CARTESIAN_POINT ( 'NONE',  ( -0.3600000000000000977, 0.000000000000000000, -0.9000000000000064615 ) ) ;
#1128 = CLOSED_SHELL ( 'NONE', ( #4510, #1811, #3932, #1261, #3701, #1968, #1270, #2670, #3754, #3157, #4089, #473, #616, #3903, #2814, #921, #471, #4569, #849, #2034, #967, #3036, #992, #1728, #18, #871, #2860, #747, #1506, #2312, #2060, #2976, #498, #1176, #2218, #1336, #2943, #1337, #3427, #3359, #933, #1751, #3334, #2678, #3174, #240, #187, #1446, #3706, #83, #1086, #1852, #814, #1194, #2037, #1937, #1632, #3462, #4236, #1440, #3802, #4469, #3095, #587 ) ) ;
#1129 = ORIENTED_EDGE ( 'NONE', *, *, #3680, .F. ) ;
#1130 = ORIENTED_EDGE ( 'NONE', *, *, #2455, .T. ) ;
#1131 = PRESENTATION_STYLE_ASSIGNMENT (( #371 ) ) ;
#1132 = CARTESIAN_POINT ( 'NONE',  ( 0.000000000000000000, 0.000000000000000000, 0.000000000000000000 ) ) ;
#1133 = PLANE ( 'NONE',  #254 ) ;
#1134 = VECTOR ( 'NONE', #2472, 1000.000000000000000 ) ;
#1135 = ORIENTED_EDGE ( 'NONE', *, *, #4908, .F. ) ;
#1136 = EDGE_CURVE ( 'NONE', #4009, #2191, #1065, .T. ) ;
#1137 = ORIENTED_EDGE ( 'NONE', *, *, #3615, .T. ) ;
#1138 = DIRECTION ( 'NONE',  ( -0.000000000000000000, 0.000000000000000000, -1.000000000000000000 ) ) ;
#1139 = VECTOR ( 'NONE', #718, 1000.000000000000000 ) ;
#1140 =( GEOMETRIC_REPRESENTATION_CONTEXT ( 3 ) GLOBAL_UNCERTAINTY_ASSIGNED_CONTEXT ( ( #2802 ) ) GLOBAL_UNIT_ASSIGNED_CONTEXT ( ( #601, #272, #989 ) ) REPRESENTATION_CONTEXT ( 'NONE', 'WORKASPACE' ) );
#1141 = CARTESIAN_POINT ( 'NONE',  ( -0.9499999999999998446, 0.1600000000000000033, -0.8900000000000000133 ) ) ;
#1142 = EDGE_CURVE ( 'NONE', #4403, #3215, #1093, .T. ) ;
#1143 = CARTESIAN_POINT ( 'NONE',  ( 0.000000000000000000, 0.1600000000000000033, 0.000000000000000000 ) ) ;
#1144 = CARTESIAN_POINT ( 'NONE',  ( 1.349999999999994760, 0.000000000000000000, 0.8900000000000000133 ) ) ;
#1145 = ORIENTED_EDGE ( 'NONE', *, *, #4619, .T. ) ;
#1146 = EDGE_CURVE ( 'NONE', #4918, #2550, #3703, .T. ) ;
#1147 = EDGE_LOOP ( 'NONE', ( #213, #982, #1997, #2638 ) ) ;
#1148 = ORIENTED_EDGE ( 'NONE', *, *, #1989, .F. ) ;
#1149 = CARTESIAN_POINT ( 'NONE',  ( -0.3599999999999999867, 0.000000000000000000, -1.300000000000006484 ) ) ;
#1150 = ORIENTED_EDGE ( 'NONE', *, *, #2610, .T. ) ;
#1151 = DIRECTION ( 'NONE',  ( 2.710505431213761578E-16, 0.000000000000000000, -1.000000000000000000 ) ) ;
#1152 = CARTESIAN_POINT ( 'NONE',  ( -0.6400000000000001243, 0.1600000000000000033, -0.9000000000000063505 ) ) ;
#1153 = VERTEX_POINT ( 'NONE', #2563 ) ;
#1154 = CARTESIAN_POINT ( 'NONE',  ( -0.9499999999999964029, 0.000000000000000000, 0.3900000000000000688 ) ) ;
#1155 = DIRECTION ( 'NONE',  ( -1.000000000000000000, -0.000000000000000000, 3.872150616019658341E-16 ) ) ;
#1156 = LINE ( 'NONE', #2304, #63 ) ;
#1157 = CARTESIAN_POINT ( 'NONE',  ( -0.9499999999999948486, 0.000000000000000000, 0.8900000000000000133 ) ) ;
#1158 = CARTESIAN_POINT ( 'NONE',  ( 0.9499999999999998446, 0.1600000000000000033, -0.6099999999999999867 ) ) ;
#1159 = ORIENTED_EDGE ( 'NONE', *, *, #1416, .T. ) ;
#1160 = DIRECTION ( 'NONE',  ( -1.000000000000000000, -0.000000000000000000, 3.872150616019658341E-16 ) ) ;
#1161 = ORIENTED_EDGE ( 'NONE', *, *, #339, .F. ) ;
#1162 = DIRECTION ( 'NONE',  ( -1.000000000000000000, 0.000000000000000000, -0.000000000000000000 ) ) ;
#1163 = VECTOR ( 'NONE', #2587, 1000.000000000000000 ) ;
#1164 = LINE ( 'NONE', #4543, #620 ) ;
#1165 = DIRECTION ( 'NONE',  ( -1.000000000000000000, 0.000000000000000000, 0.000000000000000000 ) ) ;
#1166 = DIRECTION ( 'NONE',  ( -1.000000000000000000, 0.000000000000000000, 0.000000000000000000 ) ) ;
#1167 = LINE ( 'NONE', #2694, #1992 ) ;
#1168 = VERTEX_POINT ( 'NONE', #3287 ) ;
#1169 = STYLED_ITEM ( 'NONE', ( #4071 ), #3627 ) ;
#1170 = EDGE_CURVE ( 'NONE', #2489, #4656, #4859, .T. ) ;
#1171 = LINE ( 'NONE', #2720, #448 ) ;
#1172 = ORIENTED_EDGE ( 'NONE', *, *, #3882, .T. ) ;
#1173 = VECTOR ( 'NONE', #4007, 1000.000000000000000 ) ;
#1174 = VERTEX_POINT ( 'NONE', #675 ) ;
#1175 = VECTOR ( 'NONE', #887, 1000.000000000000000 ) ;
#1176 = ADVANCED_FACE ( 'NONE', ( #2242 ), #2216, .F. ) ;
#1177 = PLANE ( 'NONE',  #4206 ) ;
#1178 = LINE ( 'NONE', #3999, #2111 ) ;
#1179 = ADVANCED_FACE ( 'NONE', ( #1488 ), #2912, .F. ) ;
#1180 = ORIENTED_EDGE ( 'NONE', *, *, #2414, .T. ) ;
#1181 = DIRECTION ( 'NONE',  ( -1.000000000000000000, 0.000000000000000000, -0.000000000000000000 ) ) ;
#1182 = CARTESIAN_POINT ( 'NONE',  ( -0.6400000000000001243, 0.1600000000000000033, -0.9000000000000063505 ) ) ;
#1183 = DIRECTION ( 'NONE',  ( 0.000000000000000000, 0.000000000000000000, 1.000000000000000000 ) ) ;
#1184 = ORIENTED_EDGE ( 'NONE', *, *, #4072, .F. ) ;
#1185 = PLANE ( 'NONE',  #2369 ) ;
#1186 = ORIENTED_EDGE ( 'NONE', *, *, #1722, .F. ) ;
#1187 = CARTESIAN_POINT ( 'NONE',  ( 1.449999999999999956, 0.1600000000000000033, -1.399999999999999689 ) ) ;
#1188 = EDGE_CURVE ( 'NONE', #707, #3906, #1383, .T. ) ;
#1189 = LINE ( 'NONE', #2737, #4073 ) ;
#1190 = CARTESIAN_POINT ( 'NONE',  ( -0.9499999999999964029, 0.000000000000000000, 0.1099999999999999589 ) ) ;
#1191 = CARTESIAN_POINT ( 'NONE',  ( 0.9499999999999948486, 0.1600000000000000033, 0.8900000000000000133 ) ) ;
#1192 = CARTESIAN_POINT ( 'NONE',  ( -1.349999999999999867, 0.1600000000000000033, -0.6099999999999999867 ) ) ;
#1193 = DIRECTION ( 'NONE',  ( -1.000000000000000000, -0.000000000000000000, -0.000000000000000000 ) ) ;
#1194 = ADVANCED_FACE ( 'NONE', ( #4439 ), #3011, .F. ) ;
#1195 = VERTEX_POINT ( 'NONE', #1808 ) ;
#1196 = ORIENTED_EDGE ( 'NONE', *, *, #3936, .F. ) ;
#1197 = VECTOR ( 'NONE', #1835, 1000.000000000000000 ) ;
#1198 = AXIS2_PLACEMENT_3D ( 'NONE', #1288, #1339, #125 ) ;
#1199 = PLANE ( 'NONE',  #2804 ) ;
#1200 = AXIS2_PLACEMENT_3D ( 'NONE', #510, #2014, #554 ) ;
#1201 =( NAMED_UNIT ( * ) PLANE_ANGLE_UNIT ( ) SI_UNIT ( $, .RADIAN. ) );
#1202 = ORIENTED_EDGE ( 'NONE', *, *, #760, .F. ) ;
#1203 = DIRECTION ( 'NONE',  ( 0.000000000000000000, -1.000000000000000000, 0.000000000000000000 ) ) ;
#1204 = DIRECTION ( 'NONE',  ( 1.000000000000000000, -0.000000000000000000, -0.000000000000000000 ) ) ;
#1205 = ADVANCED_FACE ( 'NONE', ( #255 ), #3353, .T. ) ;
#1206 = EDGE_LOOP ( 'NONE', ( #3670, #2668, #409, #2072 ) ) ;
#1207 = FACE_BOUND ( 'NONE', #1493, .T. ) ;
#1208 = DIRECTION ( 'NONE',  ( 1.000000000000000000, 0.000000000000000000, 3.872150616019656862E-16 ) ) ;
#1209 = EDGE_CURVE ( 'NONE', #1701, #1417, #1017, .T. ) ;
#1210 = ORIENTED_EDGE ( 'NONE', *, *, #4752, .F. ) ;
#1211 = CARTESIAN_POINT ( 'NONE',  ( -0.6400000000000000133, 0.1600000000000000033, -1.300000000000006706 ) ) ;
#1212 = ADVANCED_FACE ( 'NONE', ( #4487 ), #2540, .T. ) ;
#1213 = DIRECTION ( 'NONE',  ( 0.000000000000000000, 0.000000000000000000, 1.000000000000000000 ) ) ;
#1214 = DIRECTION ( 'NONE',  ( 0.000000000000000000, 0.000000000000000000, 1.000000000000000000 ) ) ;
#1215 = CARTESIAN_POINT ( 'NONE',  ( -0.9499999999999998446, 0.1600000000000000033, -0.6099999999999999867 ) ) ;
#1216 = CARTESIAN_POINT ( 'NONE',  ( -0.3599999999999999867, 0.6482622246293484602, -1.300000000000006484 ) ) ;
#1217 = CARTESIAN_POINT ( 'NONE',  ( 0.9499999999999998446, 0.000000000000000000, -0.6099999999999999867 ) ) ;
#1218 = AXIS2_PLACEMENT_3D ( 'NONE', #4600, #1105, #3465 ) ;
#1219 = FACE_OUTER_BOUND ( 'NONE', #3647, .T. ) ;
#1220 = DIRECTION ( 'NONE',  ( -1.000000000000000000, -0.000000000000000000, 7.744301232039313723E-16 ) ) ;
#1221 = EDGE_LOOP ( 'NONE', ( #932, #1069, #594, #2631 ) ) ;
#1222 = VERTEX_POINT ( 'NONE', #4542 ) ;
#1223 = LINE ( 'NONE', #3902, #4363 ) ;
#1224 = VECTOR ( 'NONE', #2705, 1000.000000000000000 ) ;
#1225 = COLOUR_RGB ( '',0.7921568627450980005, 0.8196078431372548767, 0.9333333333333333481 ) ;
#1226 = SURFACE_STYLE_FILL_AREA ( #82 ) ;
#1227 = ORIENTED_EDGE ( 'NONE', *, *, #216, .T. ) ;
#1228 = DIRECTION ( 'NONE',  ( 1.000000000000000000, 0.000000000000000000, 0.000000000000000000 ) ) ;
#1229 = LINE ( 'NONE', #2388, #1402 ) ;
#1230 = FACE_OUTER_BOUND ( 'NONE', #4583, .T. ) ;
#1231 = VECTOR ( 'NONE', #4441, 1000.000000000000000 ) ;
#1232 = VERTEX_POINT ( 'NONE', #653 ) ;
#1233 = SURFACE_STYLE_FILL_AREA ( #3886 ) ;
#1234 = ORIENTED_EDGE ( 'NONE', *, *, #3959, .F. ) ;
#1235 = LINE ( 'NONE', #1986, #3599 ) ;
#1236 = DIRECTION ( 'NONE',  ( -1.000000000000000000, 0.000000000000000000, 1.495451272393799296E-16 ) ) ;
#1237 = EDGE_CURVE ( 'NONE', #3218, #3392, #4164, .T. ) ;
#1238 = LINE ( 'NONE', #3838, #4166 ) ;
#1239 = EDGE_CURVE ( 'NONE', #529, #707, #1406, .T. ) ;
#1240 = DIRECTION ( 'NONE',  ( 7.744301232039316681E-16, 0.000000000000000000, -1.000000000000000000 ) ) ;
#1241 = CIRCLE ( 'NONE', #2919, 0.07499999999999998335 ) ;
#1242 = DIRECTION ( 'NONE',  ( 1.000000000000000000, -0.000000000000000000, 2.710505431213761578E-16 ) ) ;
#1243 = VERTEX_POINT ( 'NONE', #508 ) ;
#1244 = CARTESIAN_POINT ( 'NONE',  ( -1.212966224413917438, 0.9199999999999999289, -1.166255723846428172 ) ) ;
#1245 = VERTEX_POINT ( 'NONE', #2758 ) ;
#1246 = EDGE_LOOP ( 'NONE', ( #1513, #2353, #4636, #1560 ) ) ;
#1247 = DIRECTION ( 'NONE',  ( 0.000000000000000000, 0.000000000000000000, 1.000000000000000000 ) ) ;
#1248 = CARTESIAN_POINT ( 'NONE',  ( -0.6400000000000001243, 0.000000000000000000, -0.9000000000000063505 ) ) ;
#1249 = UNCERTAINTY_MEASURE_WITH_UNIT (LENGTH_MEASURE( 1.000000000000000082E-05 ), #2053, 'distance_accuracy_value', 'NONE');
#1250 = CARTESIAN_POINT ( 'NONE',  ( 1.349999999999999867, 0.6482622246293484602, -0.6099999999999999867 ) ) ;
#1251 = EDGE_CURVE ( 'NONE', #4100, #758, #2997, .T. ) ;
#1252 = EDGE_LOOP ( 'NONE', ( #1291, #3189, #2416, #3053 ) ) ;
#1253 = DIRECTION ( 'NONE',  ( 1.000000000000000000, -0.000000000000000000, 0.000000000000000000 ) ) ;
#1254 = CARTESIAN_POINT ( 'NONE',  ( 0.000000000000000000, 0.1600000000000000033, 0.000000000000000000 ) ) ;
#1255 = ORIENTED_EDGE ( 'NONE', *, *, #1530, .F. ) ;
#1256 = LINE ( 'NONE', #3530, #2213 ) ;
#1257 = ORIENTED_EDGE ( 'NONE', *, *, #3634, .F. ) ;
#1258 = CARTESIAN_POINT ( 'NONE',  ( -0.1400000000000000966, 0.1600000000000000033, -0.9000000000000029088 ) ) ;
#1259 = AXIS2_PLACEMENT_3D ( 'NONE', #3638, #623, #3656 ) ;
#1260 = CARTESIAN_POINT ( 'NONE',  ( -0.3600000000000000977, 0.1599999999999999756, -0.9000000000000064615 ) ) ;
#1261 = ADVANCED_FACE ( 'NONE', ( #791 ), #3500, .F. ) ;
#1262 = CARTESIAN_POINT ( 'NONE',  ( 0.9499999999999998446, 0.1600000000000000033, -0.8900000000000000133 ) ) ;
#1263 = EDGE_CURVE ( 'NONE', #787, #141, #2309, .T. ) ;
#1264 = ORIENTED_EDGE ( 'NONE', *, *, #3042, .F. ) ;
#1265 = DIRECTION ( 'NONE',  ( 0.000000000000000000, 1.000000000000000000, -0.000000000000000000 ) ) ;
#1266 = EDGE_LOOP ( 'NONE', ( #4699, #1670, #3681, #3127 ) ) ;
#1267 = CARTESIAN_POINT ( 'NONE',  ( -0.1400000000000000411, 0.1599999999999999756, 1.300000000000003153 ) ) ;
#1268 = ORIENTED_EDGE ( 'NONE', *, *, #3420, .F. ) ;
#1269 = CARTESIAN_POINT ( 'NONE',  ( -1.449999999999999956, 0.1600000000000000033, -1.399999999999999245 ) ) ;
#1270 = ADVANCED_FACE ( 'NONE', ( #4257, #118, #452, #1575, #1902, #2782, #4209, #4308, #4582, #481, #841, #1207, #2732, #3829, #2710, #1927 ), #425, .F. ) ;
#1271 = EDGE_CURVE ( 'NONE', #2438, #759, #3885, .T. ) ;
#1272 = LINE ( 'NONE', #3904, #3836 ) ;
#1273 = CARTESIAN_POINT ( 'NONE',  ( -1.349999999999998090, 0.6482622246293484602, -0.3900000000000000688 ) ) ;
#1274 = AXIS2_PLACEMENT_3D ( 'NONE', #1286, #3178, #3156 ) ;
#1275 = ORIENTED_EDGE ( 'NONE', *, *, #2162, .F. ) ;
#1276 = DIRECTION ( 'NONE',  ( 0.000000000000000000, 0.000000000000000000, -1.000000000000000000 ) ) ;
#1277 = VECTOR ( 'NONE', #2373, 1000.000000000000000 ) ;
#1278 = CARTESIAN_POINT ( 'NONE',  ( -0.1400000000000000966, 0.1599999999999999756, -0.9000000000000029088 ) ) ;
#1279 = VECTOR ( 'NONE', #3909, 1000.000000000000000 ) ;
#1280 = VECTOR ( 'NONE', #4637, 1000.000000000000000 ) ;
#1281 = VERTEX_POINT ( 'NONE', #1983 ) ;
#1282 = DIRECTION ( 'NONE',  ( -0.000000000000000000, -1.000000000000000000, -0.000000000000000000 ) ) ;
#1283 = EDGE_LOOP ( 'NONE', ( #3814, #827, #2246, #4804 ) ) ;
#1284 = CARTESIAN_POINT ( 'NONE',  ( 0.1399999999999999301, 0.1600000000000000033, 0.9000000000000030198 ) ) ;
#1285 = AXIS2_PLACEMENT_3D ( 'NONE', #1158, #375, #4158 ) ;
#1286 = CARTESIAN_POINT ( 'NONE',  ( -0.1400000000000000411, 0.1600000000000000033, 1.300000000000003153 ) ) ;
#1287 = LINE ( 'NONE', #4339, #2253 ) ;
#1288 = CARTESIAN_POINT ( 'NONE',  ( 0.1399999999999999301, 0.6482622246293484602, 0.9000000000000030198 ) ) ;
#1289 = ADVANCED_FACE ( 'NONE', ( #92 ), #1185, .T. ) ;
#1290 = EDGE_CURVE ( 'NONE', #3116, #3845, #4657, .T. ) ;
#1291 = ORIENTED_EDGE ( 'NONE', *, *, #912, .T. ) ;
#1292 = CARTESIAN_POINT ( 'NONE',  ( -0.1400000000000000966, 0.000000000000000000, 0.9000000000000029088 ) ) ;
#1293 = LINE ( 'NONE', #3513, #1554 ) ;
#1294 = VERTEX_POINT ( 'NONE', #2684 ) ;
#1295 = CARTESIAN_POINT ( 'NONE',  ( 0.6399999999999999023, 0.000000000000000000, -0.8999999999999995781 ) ) ;
#1296 = VERTEX_POINT ( 'NONE', #816 ) ;
#1297 = CARTESIAN_POINT ( 'NONE',  ( -1.349999999999996314, 0.000000000000000000, 0.3900000000000000688 ) ) ;
#1298 = EDGE_CURVE ( 'NONE', #4564, #114, #1483, .T. ) ;
#1299 = EDGE_CURVE ( 'NONE', #354, #3762, #694, .T. ) ;
#1300 = VERTEX_POINT ( 'NONE', #4878 ) ;
#1301 = LINE ( 'NONE', #3578, #4444 ) ;
#1302 = DIRECTION ( 'NONE',  ( 0.000000000000000000, 0.000000000000000000, 1.000000000000000000 ) ) ;
#1303 = VECTOR ( 'NONE', #4083, 1000.000000000000000 ) ;
#1304 = ORIENTED_EDGE ( 'NONE', *, *, #850, .T. ) ;
#1305 = CARTESIAN_POINT ( 'NONE',  ( -0.3599999999999999867, 0.1599999999999999756, -1.300000000000006484 ) ) ;
#1306 = AXIS2_PLACEMENT_3D ( 'NONE', #630, #180, #3617 ) ;
#1307 = CARTESIAN_POINT ( 'NONE',  ( -0.3600000000000000977, 0.000000000000000000, -0.9000000000000064615 ) ) ;
#1308 = ORIENTED_EDGE ( 'NONE', *, *, #3630, .T. ) ;
#1309 = CARTESIAN_POINT ( 'NONE',  ( -1.449999999999999956, 0.000000000000000000, 1.400000000000000577 ) ) ;
#1310 = DIRECTION ( 'NONE',  ( -0.000000000000000000, -0.000000000000000000, 1.000000000000000000 ) ) ;
#1311 = FACE_OUTER_BOUND ( 'NONE', #3104, .T. ) ;
#1312 = DIRECTION ( 'NONE',  ( 0.000000000000000000, 0.000000000000000000, 1.000000000000000000 ) ) ;
#1313 = DIRECTION ( 'NONE',  ( 0.000000000000000000, 0.000000000000000000, -1.000000000000000000 ) ) ;
#1314 = CARTESIAN_POINT ( 'NONE',  ( 0.3599999999999999867, 0.000000000000000000, 1.299999999999999822 ) ) ;
#1315 = EDGE_CURVE ( 'NONE', #1678, #4753, #295, .T. ) ;
#1316 = FACE_OUTER_BOUND ( 'NONE', #1317, .T. ) ;
#1317 = EDGE_LOOP ( 'NONE', ( #509, #1048, #105, #3148 ) ) ;
#1318 = DIRECTION ( 'NONE',  ( -1.000000000000000000, 0.000000000000000000, 0.000000000000000000 ) ) ;
#1319 = VERTEX_POINT ( 'NONE', #4181 ) ;
#1320 = CARTESIAN_POINT ( 'NONE',  ( 0.3599999999999999312, 0.1600000000000000033, 0.8999999999999994671 ) ) ;
#1321 = AXIS2_PLACEMENT_3D ( 'NONE', #3447, #2363, #2420 ) ;
#1322 = VECTOR ( 'NONE', #3035, 1000.000000000000000 ) ;
#1323 = VERTEX_POINT ( 'NONE', #1450 ) ;
#1324 = EDGE_CURVE ( 'NONE', #658, #3552, #4507, .T. ) ;
#1325 = CARTESIAN_POINT ( 'NONE',  ( 0.1400000000000000411, 0.000000000000000000, 1.300000000000002931 ) ) ;
#1326 = EDGE_CURVE ( 'NONE', #1454, #3223, #2258, .T. ) ;
#1327 = DIRECTION ( 'NONE',  ( -0.000000000000000000, -0.000000000000000000, 1.000000000000000000 ) ) ;
#1328 = ORIENTED_EDGE ( 'NONE', *, *, #1360, .T. ) ;
#1329 = ADVANCED_FACE ( 'NONE', ( #349 ), #4481, .T. ) ;
#1330 = LINE ( 'NONE', #2830, #4894 ) ;
#1331 = DIRECTION ( 'NONE',  ( 0.000000000000000000, 0.000000000000000000, -1.000000000000000000 ) ) ;
#1332 = ORIENTED_EDGE ( 'NONE', *, *, #3736, .T. ) ;
#1333 = LINE ( 'NONE', #3280, #2559 ) ;
#1334 = VECTOR ( 'NONE', #1203, 1000.000000000000000 ) ;
#1335 = LINE ( 'NONE', #1656, #4313 ) ;
#1336 = ADVANCED_FACE ( 'NONE', ( #1798 ), #4108, .F. ) ;
#1337 = ADVANCED_FACE ( 'NONE', ( #2555 ), #320, .F. ) ;
#1338 = CARTESIAN_POINT ( 'NONE',  ( -1.349999999999994760, 0.1600000000000000033, 0.8900000000000000133 ) ) ;
#1339 = DIRECTION ( 'NONE',  ( 1.000000000000000000, 0.000000000000000000, -2.710505431213761578E-16 ) ) ;
#1340 = CARTESIAN_POINT ( 'NONE',  ( -0.9499999999999998446, 0.000000000000000000, -0.8900000000000000133 ) ) ;
#1341 = LINE ( 'NONE', #3187, #3155 ) ;
#1342 = LINE ( 'NONE', #2866, #2965 ) ;
#1343 = ORIENTED_EDGE ( 'NONE', *, *, #4027, .F. ) ;
#1344 = SURFACE_SIDE_STYLE ('',( #3905 ) ) ;
#1345 = SURFACE_STYLE_USAGE ( .BOTH. , #3241 ) ;
#1346 = VERTEX_POINT ( 'NONE', #1874 ) ;
#1347 = FILL_AREA_STYLE_COLOUR ( '', #3317 ) ;
#1348 = DIRECTION ( 'NONE',  ( -0.000000000000000000, -1.000000000000000000, -0.000000000000000000 ) ) ;
#1349 = EDGE_CURVE ( 'NONE', #1174, #1586, #690, .T. ) ;
#1350 = ORIENTED_EDGE ( 'NONE', *, *, #2186, .F. ) ;
#1351 = CARTESIAN_POINT ( 'NONE',  ( 0.3599999999999999312, 0.1600000000000000033, 0.8999999999999994671 ) ) ;
#1352 = VECTOR ( 'NONE', #680, 1000.000000000000000 ) ;
#1353 = CARTESIAN_POINT ( 'NONE',  ( 1.349999999999998090, 0.1599999999999999756, -0.1099999999999999589 ) ) ;
#1354 = VERTEX_POINT ( 'NONE', #4904 ) ;
#1355 = DIRECTION ( 'NONE',  ( 0.000000000000000000, -0.000000000000000000, 1.000000000000000000 ) ) ;
#1356 = VERTEX_POINT ( 'NONE', #2205 ) ;
#1357 = CARTESIAN_POINT ( 'NONE',  ( -0.3600000000000000977, 0.6482622246293484602, -0.9000000000000064615 ) ) ;
#1358 = CARTESIAN_POINT ( 'NONE',  ( -1.212966224413917438, 0.9199999999999999289, -1.166255723846428172 ) ) ;
#1359 = CIRCLE ( 'NONE', #2002, 0.07499999999999998335 ) ;
#1360 = EDGE_CURVE ( 'NONE', #3093, #3691, #2233, .T. ) ;
#1361 = DIRECTION ( 'NONE',  ( 1.000000000000000000, -0.000000000000000000, -0.000000000000000000 ) ) ;
#1362 = CLOSED_SHELL ( 'NONE', ( #2739, #571, #3740, #2526, #2969, #2185 ) ) ;
#1363 = DIRECTION ( 'NONE',  ( -0.000000000000000000, 1.000000000000000000, 0.000000000000000000 ) ) ;
#1364 = PLANE ( 'NONE',  #2981 ) ;
#1365 = EDGE_LOOP ( 'NONE', ( #1954, #1873, #3044, #3805 ) ) ;
#1366 = LINE ( 'NONE', #331, #996 ) ;
#1367 = FILL_AREA_STYLE_COLOUR ( '', #4172 ) ;
#1368 = ORIENTED_EDGE ( 'NONE', *, *, #106, .F. ) ;
#1369 = STYLED_ITEM ( 'NONE', ( #3301 ), #208 ) ;
#1370 = EDGE_LOOP ( 'NONE', ( #3292, #3411, #4224, #4422 ) ) ;
#1371 = CARTESIAN_POINT ( 'NONE',  ( -1.349999999999996314, 0.1600000000000000033, 0.3900000000000000688 ) ) ;
#1372 = CARTESIAN_POINT ( 'NONE',  ( 1.349999999999996314, 0.000000000000000000, 0.3900000000000000688 ) ) ;
#1373 = VECTOR ( 'NONE', #2574, 1000.000000000000000 ) ;
#1374 = ORIENTED_EDGE ( 'NONE', *, *, #2375, .T. ) ;
#1375 = CARTESIAN_POINT ( 'NONE',  ( 0.000000000000000000, 0.1600000000000000033, 0.000000000000000000 ) ) ;
#1376 = CARTESIAN_POINT ( 'NONE',  ( 1.349999999999998090, 0.000000000000000000, -0.1099999999999999589 ) ) ;
#1377 = ORIENTED_EDGE ( 'NONE', *, *, #3235, .T. ) ;
#1378 = LINE ( 'NONE', #2906, #3943 ) ;
#1379 = DIRECTION ( 'NONE',  ( 0.000000000000000000, -0.000000000000000000, 1.000000000000000000 ) ) ;
#1380 = DIRECTION ( 'NONE',  ( 0.000000000000000000, 0.000000000000000000, -1.000000000000000000 ) ) ;
#1381 = CARTESIAN_POINT ( 'NONE',  ( 1.449999999999999956, 5.971128874149274957, 1.400000000000000133 ) ) ;
#1382 = ADVANCED_FACE ( 'NONE', ( #3724 ), #1821, .F. ) ;
#1383 = LINE ( 'NONE', #3307, #855 ) ;
#1384 = CARTESIAN_POINT ( 'NONE',  ( 0.9499999999999964029, 0.6482622246293484602, 0.3900000000000000688 ) ) ;
#1385 = EDGE_CURVE ( 'NONE', #3204, #1421, #4534, .T. ) ;
#1386 = LINE ( 'NONE', #1463, #1468 ) ;
#1387 =( LENGTH_UNIT ( ) NAMED_UNIT ( * ) SI_UNIT ( .MILLI., .METRE. ) );
#1388 = ORIENTED_EDGE ( 'NONE', *, *, #4447, .F. ) ;
#1389 = LINE ( 'NONE', #1098, #650 ) ;
#1390 = ORIENTED_EDGE ( 'NONE', *, *, #1508, .T. ) ;
#1391 = LINE ( 'NONE', #4379, #1173 ) ;
#1392 = VECTOR ( 'NONE', #4820, 1000.000000000000000 ) ;
#1393 = ORIENTED_EDGE ( 'NONE', *, *, #1566, .F. ) ;
#1394 = CARTESIAN_POINT ( 'NONE',  ( 0.9499999999999964029, 0.1599999999999999756, 0.1099999999999999589 ) ) ;
#1395 = ORIENTED_EDGE ( 'NONE', *, *, #4347, .T. ) ;
#1396 = CARTESIAN_POINT ( 'NONE',  ( 0.9499999999999981792, 0.1600000000000000033, -0.1099999999999999589 ) ) ;
#1397 = CYLINDRICAL_SURFACE ( 'NONE', #4475, 0.1054322639199452849 ) ;
#1398 = CARTESIAN_POINT ( 'NONE',  ( 0.000000000000000000, 0.000000000000000000, 0.000000000000000000 ) ) ;
#1399 = EDGE_CURVE ( 'NONE', #2454, #757, #2359, .T. ) ;
#1400 = VECTOR ( 'NONE', #2923, 1000.000000000000000 ) ;
#1401 = VERTEX_POINT ( 'NONE', #4202 ) ;
#1402 = VECTOR ( 'NONE', #163, 1000.000000000000000 ) ;
#1403 = CARTESIAN_POINT ( 'NONE',  ( 0.3599999999999999867, 0.000000000000000000, 1.299999999999999822 ) ) ;
#1404 = EDGE_CURVE ( 'NONE', #1802, #2550, #1979, .T. ) ;
#1405 = AXIS2_PLACEMENT_3D ( 'NONE', #880, #2777, #4599 ) ;
#1406 = LINE ( 'NONE', #4461, #1553 ) ;
#1407 = CARTESIAN_POINT ( 'NONE',  ( 0.000000000000000000, 0.1600000000000000033, 0.000000000000000000 ) ) ;
#1408 = ORIENTED_EDGE ( 'NONE', *, *, #218, .F. ) ;
#1409 = DIRECTION ( 'NONE',  ( -1.355252715606879803E-16, 0.000000000000000000, 1.000000000000000000 ) ) ;
#1410 =( NAMED_UNIT ( * ) PLANE_ANGLE_UNIT ( ) SI_UNIT ( $, .RADIAN. ) );
#1411 = ORIENTED_EDGE ( 'NONE', *, *, #698, .F. ) ;
#1412 = CARTESIAN_POINT ( 'NONE',  ( 0.9499999999999998446, 0.000000000000000000, -0.6099999999999999867 ) ) ;
#1413 = MECHANICAL_DESIGN_GEOMETRIC_PRESENTATION_REPRESENTATION (  '', ( #3169 ), #1022 ) ;
#1414 = EDGE_CURVE ( 'NONE', #262, #689, #3443, .T. ) ;
#1415 = ORIENTED_EDGE ( 'NONE', *, *, #1938, .F. ) ;
#1416 = EDGE_CURVE ( 'NONE', #2007, #1701, #3467, .T. ) ;
#1417 = VERTEX_POINT ( 'NONE', #4225 ) ;
#1418 = LINE ( 'NONE', #1351, #3320 ) ;
#1419 = EDGE_CURVE ( 'NONE', #1455, #1222, #810, .T. ) ;
#1420 = LINE ( 'NONE', #687, #178 ) ;
#1421 = VERTEX_POINT ( 'NONE', #1523 ) ;
#1422 = CARTESIAN_POINT ( 'NONE',  ( -0.9499999999999981792, 0.000000000000000000, -0.3900000000000000688 ) ) ;
#1423 = ORIENTED_EDGE ( 'NONE', *, *, #461, .F. ) ;
#1424 = CARTESIAN_POINT ( 'NONE',  ( 0.1399999999999999301, 0.1599999999999999756, -0.9000000000000030198 ) ) ;
#1425 = LINE ( 'NONE', #4109, #3348 ) ;
#1426 = DIRECTION ( 'NONE',  ( 0.000000000000000000, -0.000000000000000000, 1.000000000000000000 ) ) ;
#1427 = EDGE_LOOP ( 'NONE', ( #4465, #483, #386, #4297 ) ) ;
#1428 = EDGE_CURVE ( 'NONE', #3897, #4869, #3851, .T. ) ;
#1429 = CARTESIAN_POINT ( 'NONE',  ( -0.6400000000000000133, 0.000000000000000000, -1.300000000000006706 ) ) ;
#1430 = AXIS2_PLACEMENT_3D ( 'NONE', #4458, #1033, #3726 ) ;
#1431 = VECTOR ( 'NONE', #1557, 1000.000000000000000 ) ;
#1432 = VECTOR ( 'NONE', #116, 1000.000000000000000 ) ;
#1433 = CARTESIAN_POINT ( 'NONE',  ( -0.6400000000000000133, 0.6482622246293484602, -1.300000000000006706 ) ) ;
#1434 = VECTOR ( 'NONE', #3025, 1000.000000000000000 ) ;
#1435 = CARTESIAN_POINT ( 'NONE',  ( 0.1400000000000000411, 0.1600000000000000033, 1.300000000000002931 ) ) ;
#1436 = EDGE_LOOP ( 'NONE', ( #193, #169 ) ) ;
#1437 = CARTESIAN_POINT ( 'NONE',  ( -0.9499999999999964029, 0.000000000000000000, 0.1099999999999999589 ) ) ;
#1438 = DIRECTION ( 'NONE',  ( 1.000000000000000000, -0.000000000000000000, -1.495451272393799296E-16 ) ) ;
#1439 = ORIENTED_EDGE ( 'NONE', *, *, #2827, .T. ) ;
#1440 = ADVANCED_FACE ( 'NONE', ( #4627 ), #1948, .F. ) ;
#1441 = DIRECTION ( 'NONE',  ( 0.000000000000000000, -1.000000000000000000, 0.000000000000000000 ) ) ;
#1442 = ORIENTED_EDGE ( 'NONE', *, *, #2224, .T. ) ;
#1443 = DIRECTION ( 'NONE',  ( 0.000000000000000000, 0.000000000000000000, -1.000000000000000000 ) ) ;
#1444 = ADVANCED_FACE ( 'NONE', ( #60 ), #1750, .T. ) ;
#1445 = ORIENTED_EDGE ( 'NONE', *, *, #1837, .T. ) ;
#1446 = ADVANCED_FACE ( 'NONE', ( #3605 ), #4760, .F. ) ;
#1447 = LINE ( 'NONE', #3370, #280 ) ;
#1448 = ORIENTED_EDGE ( 'NONE', *, *, #2801, .T. ) ;
#1449 = CARTESIAN_POINT ( 'NONE',  ( -0.9499999999999948486, 0.1600000000000000033, 0.6099999999999999867 ) ) ;
#1450 = CARTESIAN_POINT ( 'NONE',  ( 1.349999999999996314, 0.000000000000000000, 0.1099999999999999589 ) ) ;
#1451 = LINE ( 'NONE', #2259, #479 ) ;
#1452 = CARTESIAN_POINT ( 'NONE',  ( -0.6400000000000000133, 0.6482622246293484602, 1.300000000000006706 ) ) ;
#1453 = CIRCLE ( 'NONE', #4486, 0.07499999999999998335 ) ;
#1454 = VERTEX_POINT ( 'NONE', #4453 ) ;
#1455 = VERTEX_POINT ( 'NONE', #2855 ) ;
#1456 = LINE ( 'NONE', #4837, #3275 ) ;
#1457 = VECTOR ( 'NONE', #3581, 1000.000000000000000 ) ;
#1458 = VECTOR ( 'NONE', #5, 1000.000000000000000 ) ;
#1459 = DIRECTION ( 'NONE',  ( 1.355252715606879556E-16, 0.000000000000000000, -1.000000000000000000 ) ) ;
#1460 = CARTESIAN_POINT ( 'NONE',  ( 0.9499999999999981792, 0.1600000000000000033, -0.3900000000000000688 ) ) ;
#1461 = EDGE_CURVE ( 'NONE', #1935, #358, #4010, .T. ) ;
#1462 = ORIENTED_EDGE ( 'NONE', *, *, #3361, .T. ) ;
#1463 = CARTESIAN_POINT ( 'NONE',  ( 0.9499999999999981792, 0.6482622246293484602, -0.1099999999999999589 ) ) ;
#1464 = AXIS2_PLACEMENT_3D ( 'NONE', #2748, #4273, #4325 ) ;
#1465 = LINE ( 'NONE', #4589, #4306 ) ;
#1466 = ORIENTED_EDGE ( 'NONE', *, *, #1803, .F. ) ;
#1467 = CARTESIAN_POINT ( 'NONE',  ( -0.9499999999999964029, 0.1599999999999999756, 0.3900000000000000688 ) ) ;
#1468 = VECTOR ( 'NONE', #1044, 1000.000000000000000 ) ;
#1469 = ORIENTED_EDGE ( 'NONE', *, *, #4290, .F. ) ;
#1470 = ORIENTED_EDGE ( 'NONE', *, *, #4103, .T. ) ;
#1471 = ORIENTED_EDGE ( 'NONE', *, *, #149, .F. ) ;
#1472 = EDGE_CURVE ( 'NONE', #2283, #1914, #576, .T. ) ;
#1473 = DIRECTION ( 'NONE',  ( 1.000000000000000000, -0.000000000000000000, 0.000000000000000000 ) ) ;
#1474 = ORIENTED_EDGE ( 'NONE', *, *, #726, .T. ) ;
#1475 = DIRECTION ( 'NONE',  ( 0.000000000000000000, 1.000000000000000000, 0.000000000000000000 ) ) ;
#1476 = DIRECTION ( 'NONE',  ( 1.000000000000000000, 0.000000000000000000, -1.495451272393799296E-16 ) ) ;
#1477 = DIRECTION ( 'NONE',  ( 1.000000000000000000, 0.000000000000000000, 0.000000000000000000 ) ) ;
#1478 = CARTESIAN_POINT ( 'NONE',  ( -1.349999999999998090, 0.6482622246293484602, -0.1099999999999999589 ) ) ;
#1479 = VECTOR ( 'NONE', #2661, 1000.000000000000000 ) ;
#1480 = EDGE_CURVE ( 'NONE', #3595, #957, #2156, .T. ) ;
#1481 = DIRECTION ( 'NONE',  ( 0.000000000000000000, 0.000000000000000000, -1.000000000000000000 ) ) ;
#1482 = ORIENTED_EDGE ( 'NONE', *, *, #430, .T. ) ;
#1483 = LINE ( 'NONE', #2265, #2198 ) ;
#1484 = VERTEX_POINT ( 'NONE', #4805 ) ;
#1485 = DIRECTION ( 'NONE',  ( 1.000000000000000000, 0.000000000000000000, 0.000000000000000000 ) ) ;
#1486 = EDGE_CURVE ( 'NONE', #4396, #1099, #1330, .T. ) ;
#1487 = VECTOR ( 'NONE', #263, 1000.000000000000000 ) ;
#1488 = FACE_OUTER_BOUND ( 'NONE', #525, .T. ) ;
#1489 = DIRECTION ( 'NONE',  ( -1.000000000000000000, 0.000000000000000000, 1.355252715606879556E-16 ) ) ;
#1490 = DIRECTION ( 'NONE',  ( 0.000000000000000000, -1.000000000000000000, 0.000000000000000000 ) ) ;
#1491 = DIRECTION ( 'NONE',  ( -1.000000000000000000, 0.000000000000000000, 2.710505431213759606E-16 ) ) ;
#1492 = ORIENTED_EDGE ( 'NONE', *, *, #306, .F. ) ;
#1493 = EDGE_LOOP ( 'NONE', ( #37, #1996, #4877, #4844 ) ) ;
#1494 = ORIENTED_EDGE ( 'NONE', *, *, #2095, .F. ) ;
#1495 = SURFACE_STYLE_FILL_AREA ( #4498 ) ;
#1496 = EDGE_CURVE ( 'NONE', #186, #4484, #1775, .T. ) ;
#1497 = ORIENTED_EDGE ( 'NONE', *, *, #2516, .T. ) ;
#1498 = UNCERTAINTY_MEASURE_WITH_UNIT (LENGTH_MEASURE( 1.000000000000000082E-05 ), #2465, 'distance_accuracy_value', 'NONE');
#1499 = ORIENTED_EDGE ( 'NONE', *, *, #1841, .T. ) ;
#1500 = FILL_AREA_STYLE_COLOUR ( '', #1607 ) ;
#1501 = CARTESIAN_POINT ( 'NONE',  ( 1.349999999999994760, 0.1600000000000000033, 0.6099999999999999867 ) ) ;
#1502 = CARTESIAN_POINT ( 'NONE',  ( -0.9499999999999998446, 0.000000000000000000, -0.6099999999999999867 ) ) ;
#1503 = ORIENTED_EDGE ( 'NONE', *, *, #2214, .F. ) ;
#1504 = ORIENTED_EDGE ( 'NONE', *, *, #1117, .T. ) ;
#1505 = CARTESIAN_POINT ( 'NONE',  ( 1.349999999999996314, 0.1599999999999999756, 0.1099999999999999034 ) ) ;
#1506 = ADVANCED_FACE ( 'NONE', ( #3278 ), #4409, .F. ) ;
#1507 = VECTOR ( 'NONE', #3737, 1000.000000000000000 ) ;
#1508 = EDGE_CURVE ( 'NONE', #3639, #3364, #2488, .T. ) ;
#1509 = CARTESIAN_POINT ( 'NONE',  ( -0.9499999999999998446, 0.6482622246293484602, -0.6099999999999999867 ) ) ;
#1510 = VECTOR ( 'NONE', #2786, 1000.000000000000000 ) ;
#1511 = FACE_OUTER_BOUND ( 'NONE', #3771, .T. ) ;
#1512 = LINE ( 'NONE', #4491, #1507 ) ;
#1513 = ORIENTED_EDGE ( 'NONE', *, *, #2493, .T. ) ;
#1514 = VECTOR ( 'NONE', #2826, 1000.000000000000000 ) ;
#1515 = VECTOR ( 'NONE', #1805, 1000.000000000000000 ) ;
#1516 = ORIENTED_EDGE ( 'NONE', *, *, #185, .T. ) ;
#1517 = VECTOR ( 'NONE', #896, 1000.000000000000000 ) ;
#1518 = ORIENTED_EDGE ( 'NONE', *, *, #3096, .F. ) ;
#1519 = DIRECTION ( 'NONE',  ( -0.000000000000000000, -1.000000000000000000, -0.000000000000000000 ) ) ;
#1520 = ORIENTED_EDGE ( 'NONE', *, *, #2130, .F. ) ;
#1521 = DIRECTION ( 'NONE',  ( 1.000000000000000000, -0.000000000000000000, 2.710505431213761578E-16 ) ) ;
#1522 = ORIENTED_EDGE ( 'NONE', *, *, #3020, .T. ) ;
#1523 = CARTESIAN_POINT ( 'NONE',  ( 1.349999999999998090, 0.000000000000000000, -0.3900000000000000688 ) ) ;
#1524 = PLANE ( 'NONE',  #312 ) ;
#1525 = CARTESIAN_POINT ( 'NONE',  ( -0.9499999999999981792, 0.000000000000000000, -0.3900000000000000688 ) ) ;
#1526 = VERTEX_POINT ( 'NONE', #1305 ) ;
#1527 = CARTESIAN_POINT ( 'NONE',  ( 0.3599999999999999312, 0.000000000000000000, -0.8999999999999994671 ) ) ;
#1528 = ORIENTED_EDGE ( 'NONE', *, *, #1136, .F. ) ;
#1529 = CARTESIAN_POINT ( 'NONE',  ( 0.1399999999999999301, 0.000000000000000000, 0.9000000000000030198 ) ) ;
#1530 = EDGE_CURVE ( 'NONE', #2608, #1300, #3983, .T. ) ;
#1531 = LINE ( 'NONE', #4240, #379 ) ;
#1532 = DIRECTION ( 'NONE',  ( -0.000000000000000000, 1.000000000000000000, 0.000000000000000000 ) ) ;
#1533 = CARTESIAN_POINT ( 'NONE',  ( 0.6399999999999999023, 0.6482622246293484602, -0.8999999999999995781 ) ) ;
#1534 = DIRECTION ( 'NONE',  ( 0.000000000000000000, -1.000000000000000000, 0.000000000000000000 ) ) ;
#1535 = EDGE_LOOP ( 'NONE', ( #732, #2227, #3947, #2012 ) ) ;
#1536 = ADVANCED_FACE ( 'NONE', ( #2135 ), #666, .T. ) ;
#1537 = ORIENTED_EDGE ( 'NONE', *, *, #2837, .F. ) ;
#1538 = ORIENTED_EDGE ( 'NONE', *, *, #2470, .T. ) ;
#1539 = CARTESIAN_POINT ( 'NONE',  ( -0.6400000000000001243, 0.1600000000000000033, 0.9000000000000063505 ) ) ;
#1540 = FACE_OUTER_BOUND ( 'NONE', #2760, .T. ) ;
#1541 = CARTESIAN_POINT ( 'NONE',  ( 0.6399999999999999023, 0.1599999999999999756, -0.8999999999999995781 ) ) ;
#1542 = DIRECTION ( 'NONE',  ( 0.000000000000000000, 0.000000000000000000, 1.000000000000000000 ) ) ;
#1543 =( NAMED_UNIT ( * ) PLANE_ANGLE_UNIT ( ) SI_UNIT ( $, .RADIAN. ) );
#1544 = ORIENTED_EDGE ( 'NONE', *, *, #3221, .F. ) ;
#1545 = DIRECTION ( 'NONE',  ( -1.000000000000000000, 0.000000000000000000, 0.000000000000000000 ) ) ;
#1546 = CARTESIAN_POINT ( 'NONE',  ( 0.9499999999999964029, 0.6482622246293484602, 0.3900000000000000688 ) ) ;
#1547 = LINE ( 'NONE', #4157, #3194 ) ;
#1548 = VERTEX_POINT ( 'NONE', #4354 ) ;
#1549 = ORIENTED_EDGE ( 'NONE', *, *, #4502, .T. ) ;
#1550 = EDGE_CURVE ( 'NONE', #3580, #65, #2903, .T. ) ;
#1551 = CARTESIAN_POINT ( 'NONE',  ( -0.9499999999999948486, 0.1599999999999999756, 0.8900000000000000133 ) ) ;
#1552 = CARTESIAN_POINT ( 'NONE',  ( 1.349999999999999867, 0.1600000000000000033, -0.6099999999999999867 ) ) ;
#1553 = VECTOR ( 'NONE', #1040, 1000.000000000000000 ) ;
#1554 = VECTOR ( 'NONE', #4770, 1000.000000000000000 ) ;
#1555 = CARTESIAN_POINT ( 'NONE',  ( -0.3600000000000000977, 0.000000000000000000, -0.9000000000000064615 ) ) ;
#1556 = CARTESIAN_POINT ( 'NONE',  ( 0.6399999999999999023, 0.1600000000000000033, 0.8999999999999995781 ) ) ;
#1557 = DIRECTION ( 'NONE',  ( 1.000000000000000000, 0.000000000000000000, 3.872150616019657848E-16 ) ) ;
#1558 = LINE ( 'NONE', #3456, #4080 ) ;
#1559 = DIRECTION ( 'NONE',  ( -1.000000000000000000, 0.000000000000000000, 1.355252715606879556E-16 ) ) ;
#1560 = ORIENTED_EDGE ( 'NONE', *, *, #3488, .T. ) ;
#1561 = VECTOR ( 'NONE', #1477, 1000.000000000000000 ) ;
#1562 = VERTEX_POINT ( 'NONE', #1010 ) ;
#1563 = CARTESIAN_POINT ( 'NONE',  ( -0.3600000000000000977, 0.1600000000000000033, -0.9000000000000064615 ) ) ;
#1564 = ADVANCED_FACE ( 'NONE', ( #938 ), #3637, .T. ) ;
#1565 = VECTOR ( 'NONE', #111, 1000.000000000000000 ) ;
#1566 = EDGE_CURVE ( 'NONE', #2806, #78, #4055, .T. ) ;
#1567 = EDGE_CURVE ( 'NONE', #65, #4546, #3676, .T. ) ;
#1568 = CARTESIAN_POINT ( 'NONE',  ( 1.349999999999998090, 0.1599999999999999756, -0.3900000000000000688 ) ) ;
#1569 = PLANE ( 'NONE',  #825 ) ;
#1570 =( NAMED_UNIT ( * ) SI_UNIT ( $, .STERADIAN. ) SOLID_ANGLE_UNIT ( ) );
#1571 = ORIENTED_EDGE ( 'NONE', *, *, #3368, .T. ) ;
#1572 = CARTESIAN_POINT ( 'NONE',  ( 0.9499999999999981792, 0.000000000000000000, -0.3900000000000000688 ) ) ;
#1573 = DIRECTION ( 'NONE',  ( 1.000000000000000000, 0.000000000000000000, -0.000000000000000000 ) ) ;
#1574 = VERTEX_POINT ( 'NONE', #4830 ) ;
#1575 = FACE_BOUND ( 'NONE', #4473, .T. ) ;
#1576 = CARTESIAN_POINT ( 'NONE',  ( -0.6400000000000001243, 0.1600000000000000033, 0.9000000000000063505 ) ) ;
#1577 = EDGE_LOOP ( 'NONE', ( #4669, #4081, #3524, #1001 ) ) ;
#1578 = DIRECTION ( 'NONE',  ( 0.000000000000000000, 0.000000000000000000, -1.000000000000000000 ) ) ;
#1579 = DIRECTION ( 'NONE',  ( 0.000000000000000000, 0.000000000000000000, -1.000000000000000000 ) ) ;
#1580 = EDGE_CURVE ( 'NONE', #3251, #2608, #2927, .T. ) ;
#1581 = DIRECTION ( 'NONE',  ( 1.000000000000000000, 0.000000000000000000, -3.872150616019658834E-16 ) ) ;
#1582 = AXIS2_PLACEMENT_3D ( 'NONE', #2245, #3764, #4567 ) ;
#1583 = CARTESIAN_POINT ( 'NONE',  ( 0.6400000000000001243, 0.1599999999999999756, -1.299999999999999600 ) ) ;
#1584 = PLANE ( 'NONE',  #64 ) ;
#1585 = CARTESIAN_POINT ( 'NONE',  ( -0.3600000000000000977, 0.1600000000000000033, 0.9000000000000064615 ) ) ;
#1586 = VERTEX_POINT ( 'NONE', #2702 ) ;
#1587 = EDGE_LOOP ( 'NONE', ( #2547, #2466, #688, #38 ) ) ;
#1588 = FILL_AREA_STYLE ('',( #4622 ) ) ;
#1589 = VECTOR ( 'NONE', #4536, 1000.000000000000000 ) ;
#1590 = VECTOR ( 'NONE', #1710, 1000.000000000000000 ) ;
#1591 = EDGE_CURVE ( 'NONE', #2050, #765, #2415, .T. ) ;
#1592 = CARTESIAN_POINT ( 'NONE',  ( -0.1400000000000000966, 0.000000000000000000, -0.9000000000000029088 ) ) ;
#1593 = CIRCLE ( 'NONE', #585, 0.1054322639199452849 ) ;
#1594 = ORIENTED_EDGE ( 'NONE', *, *, #4292, .T. ) ;
#1595 = DIRECTION ( 'NONE',  ( 0.000000000000000000, 0.000000000000000000, -1.000000000000000000 ) ) ;
#1596 = PLANE ( 'NONE',  #2848 ) ;
#1597 = ADVANCED_FACE ( 'NONE', ( #57 ), #4624, .T. ) ;
#1598 = LINE ( 'NONE', #2728, #1912 ) ;
#1599 = CLOSED_SHELL ( 'NONE', ( #4906, #35, #586, #674, #3337, #188 ) ) ;
#1600 = EDGE_CURVE ( 'NONE', #4835, #2725, #1975, .T. ) ;
#1601 = ORIENTED_EDGE ( 'NONE', *, *, #218, .T. ) ;
#1602 = CARTESIAN_POINT ( 'NONE',  ( 0.9499999999999964029, 0.6482622246293484602, 0.3900000000000000688 ) ) ;
#1603 = LINE ( 'NONE', #4309, #1175 ) ;
#1604 = ORIENTED_EDGE ( 'NONE', *, *, #1026, .T. ) ;
#1605 = DIRECTION ( 'NONE',  ( 0.000000000000000000, 0.000000000000000000, -1.000000000000000000 ) ) ;
#1606 = DIRECTION ( 'NONE',  ( 0.000000000000000000, -1.000000000000000000, 0.000000000000000000 ) ) ;
#1607 = COLOUR_RGB ( '',0.7921568627450980005, 0.8196078431372548767, 0.9333333333333333481 ) ;
#1608 = AXIS2_PLACEMENT_3D ( 'NONE', #3990, #606, #2861 ) ;
#1609 = DIRECTION ( 'NONE',  ( 3.872150616019657848E-16, 0.000000000000000000, -1.000000000000000000 ) ) ;
#1610 = CARTESIAN_POINT ( 'NONE',  ( 0.9499999999999948486, 0.000000000000000000, 0.8900000000000000133 ) ) ;
#1611 = COLOUR_RGB ( '',0.7921568627450980005, 0.8196078431372548767, 0.9333333333333333481 ) ;
#1612 = EDGE_CURVE ( 'NONE', #492, #2996, #833, .T. ) ;
#1613 = FACE_OUTER_BOUND ( 'NONE', #4029, .T. ) ;
#1614 = ORIENTED_EDGE ( 'NONE', *, *, #276, .F. ) ;
#1615 = DIRECTION ( 'NONE',  ( 0.000000000000000000, 0.000000000000000000, -1.000000000000000000 ) ) ;
#1616 = ORIENTED_EDGE ( 'NONE', *, *, #1480, .F. ) ;
#1617 = ORIENTED_EDGE ( 'NONE', *, *, #2336, .T. ) ;
#1618 = SURFACE_STYLE_FILL_AREA ( #1588 ) ;
#1619 = LINE ( 'NONE', #4675, #192 ) ;
#1620 = CARTESIAN_POINT ( 'NONE',  ( 0.9499999999999998446, 0.1600000000000000033, -0.6099999999999999867 ) ) ;
#1621 = CARTESIAN_POINT ( 'NONE',  ( 0.000000000000000000, 0.1600000000000000033, 0.000000000000000000 ) ) ;
#1622 = DIRECTION ( 'NONE',  ( 0.000000000000000000, -1.000000000000000000, 0.000000000000000000 ) ) ;
#1623 = ADVANCED_FACE ( 'NONE', ( #28 ), #3069, .T. ) ;
#1624 = ORIENTED_EDGE ( 'NONE', *, *, #3405, .T. ) ;
#1625 = DIRECTION ( 'NONE',  ( -1.000000000000000000, 0.000000000000000000, -2.710505431213759113E-16 ) ) ;
#1626 = FACE_OUTER_BOUND ( 'NONE', #2321, .T. ) ;
#1627 = ORIENTED_EDGE ( 'NONE', *, *, #530, .T. ) ;
#1628 = FACE_OUTER_BOUND ( 'NONE', #3013, .T. ) ;
#1629 = ORIENTED_EDGE ( 'NONE', *, *, #2101, .F. ) ;
#1630 = CARTESIAN_POINT ( 'NONE',  ( -0.9499999999999981792, 0.6482622246293484602, -0.1099999999999999589 ) ) ;
#1631 = DIRECTION ( 'NONE',  ( 0.000000000000000000, -0.000000000000000000, 1.000000000000000000 ) ) ;
#1632 = ADVANCED_FACE ( 'NONE', ( #2004 ), #1177, .F. ) ;
#1633 = EDGE_CURVE ( 'NONE', #358, #1243, #1945, .T. ) ;
#1634 = DIRECTION ( 'NONE',  ( -0.000000000000000000, 1.000000000000000000, 0.000000000000000000 ) ) ;
#1635 = CARTESIAN_POINT ( 'NONE',  ( -0.6400000000000001243, 0.000000000000000000, 0.9000000000000063505 ) ) ;
#1636 = VECTOR ( 'NONE', #2889, 1000.000000000000000 ) ;
#1637 = LINE ( 'NONE', #4645, #2691 ) ;
#1638 = ORIENTED_EDGE ( 'NONE', *, *, #1612, .F. ) ;
#1639 = CARTESIAN_POINT ( 'NONE',  ( 0.1399999999999999301, 0.000000000000000000, -0.9000000000000030198 ) ) ;
#1640 = CARTESIAN_POINT ( 'NONE',  ( -0.9499999999999981792, 0.000000000000000000, -0.1099999999999999589 ) ) ;
#1641 = VERTEX_POINT ( 'NONE', #1568 ) ;
#1642 = FILL_AREA_STYLE_COLOUR ( '', #2647 ) ;
#1643 = EDGE_LOOP ( 'NONE', ( #1638, #120, #2695, #4590 ) ) ;
#1644 = DIRECTION ( 'NONE',  ( -1.000000000000000000, -0.000000000000000000, 7.744301232039313723E-16 ) ) ;
#1645 = VECTOR ( 'NONE', #2178, 1000.000000000000000 ) ;
#1646 = UNCERTAINTY_MEASURE_WITH_UNIT (LENGTH_MEASURE( 1.000000000000000082E-05 ), #3977, 'distance_accuracy_value', 'NONE');
#1647 = AXIS2_PLACEMENT_3D ( 'NONE', #3125, #4681, #2779 ) ;
#1648 = DIRECTION ( 'NONE',  ( 0.000000000000000000, 1.000000000000000000, 0.000000000000000000 ) ) ;
#1649 = ORIENTED_EDGE ( 'NONE', *, *, #615, .F. ) ;
#1650 = LINE ( 'NONE', #4304, #4367 ) ;
#1651 = CARTESIAN_POINT ( 'NONE',  ( 0.6399999999999999023, 0.1600000000000000033, -0.8999999999999995781 ) ) ;
#1652 = ORIENTED_EDGE ( 'NONE', *, *, #4437, .T. ) ;
#1653 = VERTEX_POINT ( 'NONE', #3170 ) ;
#1654 = CARTESIAN_POINT ( 'NONE',  ( 0.6400000000000000133, 0.000000000000000000, -1.299999999999999600 ) ) ;
#1655 = PRESENTATION_LAYER_ASSIGNMENT (  '', '', ( #1888 ) ) ;
#1656 = CARTESIAN_POINT ( 'NONE',  ( -1.349999999999999867, 0.1600000000000000033, -0.8900000000000000133 ) ) ;
#1657 = EDGE_CURVE ( 'NONE', #1153, #2620, #3097, .T. ) ;
#1658 = DIRECTION ( 'NONE',  ( 0.000000000000000000, 0.000000000000000000, -1.000000000000000000 ) ) ;
#1659 = CARTESIAN_POINT ( 'NONE',  ( 0.000000000000000000, 0.1600000000000000033, 0.000000000000000000 ) ) ;
#1660 = EDGE_CURVE ( 'NONE', #1319, #143, #4249, .T. ) ;
#1661 = ORIENTED_EDGE ( 'NONE', *, *, #4417, .F. ) ;
#1662 = LINE ( 'NONE', #4722, #3862 ) ;
#1663 = FACE_OUTER_BOUND ( 'NONE', #1252, .T. ) ;
#1664 = FACE_OUTER_BOUND ( 'NONE', #1147, .T. ) ;
#1665 = ORIENTED_EDGE ( 'NONE', *, *, #4097, .F. ) ;
#1666 = SURFACE_STYLE_FILL_AREA ( #4298 ) ;
#1667 = ORIENTED_EDGE ( 'NONE', *, *, #3920, .T. ) ;
#1668 = FACE_OUTER_BOUND ( 'NONE', #4909, .T. ) ;
#1669 = AXIS2_PLACEMENT_3D ( 'NONE', #1358, #3325, #2184 ) ;
#1670 = ORIENTED_EDGE ( 'NONE', *, *, #662, .F. ) ;
#1671 = DIRECTION ( 'NONE',  ( -2.710505431213759113E-16, 0.000000000000000000, 1.000000000000000000 ) ) ;
#1672 = VECTOR ( 'NONE', #4186, 1000.000000000000000 ) ;
#1673 = DIRECTION ( 'NONE',  ( 0.000000000000000000, 1.000000000000000000, -0.000000000000000000 ) ) ;
#1674 = VECTOR ( 'NONE', #4426, 1000.000000000000000 ) ;
#1675 = VECTOR ( 'NONE', #4711, 1000.000000000000000 ) ;
#1676 = EDGE_LOOP ( 'NONE', ( #2052, #22, #1145, #922 ) ) ;
#1677 = CARTESIAN_POINT ( 'NONE',  ( -0.9499999999999948486, 0.1600000000000000033, 0.8900000000000000133 ) ) ;
#1678 = VERTEX_POINT ( 'NONE', #3877 ) ;
#1679 = CARTESIAN_POINT ( 'NONE',  ( 0.1399999999999999301, 0.1600000000000000033, 0.9000000000000030198 ) ) ;
#1680 = VECTOR ( 'NONE', #3520, 1000.000000000000000 ) ;
#1681 = PLANE ( 'NONE',  #1274 ) ;
#1682 = SURFACE_STYLE_USAGE ( .BOTH. , #3989 ) ;
#1683 = CARTESIAN_POINT ( 'NONE',  ( -1.349999999999996314, 0.1600000000000000033, 0.3900000000000000688 ) ) ;
#1684 = DIRECTION ( 'NONE',  ( -1.000000000000000000, 0.000000000000000000, 7.744301232039315695E-16 ) ) ;
#1685 = EDGE_CURVE ( 'NONE', #1281, #895, #474, .T. ) ;
#1686 = DIRECTION ( 'NONE',  ( 0.000000000000000000, 0.000000000000000000, 1.000000000000000000 ) ) ;
#1687 = DIRECTION ( 'NONE',  ( 0.000000000000000000, 0.000000000000000000, -1.000000000000000000 ) ) ;
#1688 = ORIENTED_EDGE ( 'NONE', *, *, #2077, .T. ) ;
#1689 = SURFACE_STYLE_FILL_AREA ( #4794 ) ;
#1690 = VECTOR ( 'NONE', #2383, 1000.000000000000000 ) ;
#1691 = ORIENTED_EDGE ( 'NONE', *, *, #3103, .T. ) ;
#1692 = LINE ( 'NONE', #3220, #2569 ) ;
#1693 = ADVANCED_FACE ( 'NONE', ( #3146 ), #4678, .T. ) ;
#1694 = EDGE_CURVE ( 'NONE', #2982, #592, #4847, .T. ) ;
#1695 = EDGE_LOOP ( 'NONE', ( #4938, #4512, #2554, #532 ) ) ;
#1696 = LINE ( 'NONE', #4754, #777 ) ;
#1697 = LINE ( 'NONE', #2418, #175 ) ;
#1698 = VECTOR ( 'NONE', #32, 1000.000000000000000 ) ;
#1699 = STYLED_ITEM ( 'NONE', ( #952 ), #1977 ) ;
#1700 = EDGE_CURVE ( 'NONE', #1641, #4423, #2299, .T. ) ;
#1701 = VERTEX_POINT ( 'NONE', #4377 ) ;
#1702 = CARTESIAN_POINT ( 'NONE',  ( 1.349999999999996314, 0.1599999999999999756, 0.3900000000000000688 ) ) ;
#1703 = VECTOR ( 'NONE', #1220, 1000.000000000000000 ) ;
#1704 = DIRECTION ( 'NONE',  ( -0.000000000000000000, -0.000000000000000000, 1.000000000000000000 ) ) ;
#1705 = VERTEX_POINT ( 'NONE', #160 ) ;
#1706 = CARTESIAN_POINT ( 'NONE',  ( -0.1400000000000000966, 0.000000000000000000, -0.9000000000000029088 ) ) ;
#1707 = LINE ( 'NONE', #3557, #1510 ) ;
#1708 = AXIS2_PLACEMENT_3D ( 'NONE', #4862, #2244, #3290 ) ;
#1709 = CARTESIAN_POINT ( 'NONE',  ( 0.3599999999999999867, 0.1600000000000000033, -1.299999999999999822 ) ) ;
#1710 = DIRECTION ( 'NONE',  ( 0.000000000000000000, 0.000000000000000000, -1.000000000000000000 ) ) ;
#1711 = FACE_OUTER_BOUND ( 'NONE', #4145, .T. ) ;
#1712 = DIRECTION ( 'NONE',  ( -1.000000000000000000, 0.000000000000000000, -0.000000000000000000 ) ) ;
#1713 = ORIENTED_EDGE ( 'NONE', *, *, #4103, .F. ) ;
#1714 = DIRECTION ( 'NONE',  ( 0.000000000000000000, -0.000000000000000000, 1.000000000000000000 ) ) ;
#1715 = CARTESIAN_POINT ( 'NONE',  ( -0.9499999999999981792, 0.6482622246293484602, -0.3900000000000000688 ) ) ;
#1716 = VERTEX_POINT ( 'NONE', #4730 ) ;
#1717 = SURFACE_STYLE_FILL_AREA ( #4345 ) ;
#1718 = LINE ( 'NONE', #1320, #4734 ) ;
#1719 = AXIS2_PLACEMENT_3D ( 'NONE', #1407, #2935, #676 ) ;
#1720 = ADVANCED_BREP_SHAPE_REPRESENTATION ( 'CC-14-3', ( #329, #3614, #1845, #284, #1866, #208, #1958, #277, #3510, #3553, #3627, #344, #299, #1977, #1988, #3636, #1893, #1838, #4525 ), #4912 ) ;
#1721 = AXIS2_PLACEMENT_3D ( 'NONE', #1433, #4518, #4065 ) ;
#1722 = EDGE_CURVE ( 'NONE', #2381, #3539, #4005, .T. ) ;
#1723 = ORIENTED_EDGE ( 'NONE', *, *, #1385, .T. ) ;
#1724 = CARTESIAN_POINT ( 'NONE',  ( -0.6400000000000001243, 0.1600000000000000033, -0.9000000000000063505 ) ) ;
#1725 = CARTESIAN_POINT ( 'NONE',  ( -0.7499999999999998890, 0.1600000000000000033, -0.7500000000000000000 ) ) ;
#1726 = ADVANCED_FACE ( 'NONE', ( #2768 ), #1584, .T. ) ;
#1727 = MECHANICAL_DESIGN_GEOMETRIC_PRESENTATION_REPRESENTATION (  '', ( #3477 ), #3560 ) ;
#1728 = ADVANCED_FACE ( 'NONE', ( #1613 ), #3136, .F. ) ;
#1729 = ORIENTED_EDGE ( 'NONE', *, *, #671, .T. ) ;
#1730 = DIRECTION ( 'NONE',  ( 0.000000000000000000, 0.000000000000000000, -1.000000000000000000 ) ) ;
#1731 = FILL_AREA_STYLE_COLOUR ( '', #2262 ) ;
#1732 = ORIENTED_EDGE ( 'NONE', *, *, #2411, .F. ) ;
#1733 = DIRECTION ( 'NONE',  ( -1.000000000000000000, -0.000000000000000000, -0.000000000000000000 ) ) ;
#1734 = PLANE ( 'NONE',  #1036 ) ;
#1735 = CARTESIAN_POINT ( 'NONE',  ( -0.9499999999999998446, 0.1599999999999999756, -0.6099999999999999867 ) ) ;
#1736 = PLANE ( 'NONE',  #2241 ) ;
#1737 = CARTESIAN_POINT ( 'NONE',  ( 0.000000000000000000, 0.000000000000000000, 0.000000000000000000 ) ) ;
#1738 = CARTESIAN_POINT ( 'NONE',  ( -0.1400000000000000966, 0.1600000000000000033, 0.9000000000000029088 ) ) ;
#1739 = ORIENTED_EDGE ( 'NONE', *, *, #699, .T. ) ;
#1740 = CARTESIAN_POINT ( 'NONE',  ( 0.3599999999999999312, 0.1600000000000000033, -0.8999999999999994671 ) ) ;
#1741 = DIRECTION ( 'NONE',  ( 0.000000000000000000, 1.000000000000000000, -0.000000000000000000 ) ) ;
#1742 = ORIENTED_EDGE ( 'NONE', *, *, #1117, .F. ) ;
#1743 =( GEOMETRIC_REPRESENTATION_CONTEXT ( 3 ) GLOBAL_UNCERTAINTY_ASSIGNED_CONTEXT ( ( #2255 ) ) GLOBAL_UNIT_ASSIGNED_CONTEXT ( ( #2476, #1410, #2173 ) ) REPRESENTATION_CONTEXT ( 'NONE', 'WORKASPACE' ) );
#1744 = EDGE_LOOP ( 'NONE', ( #3741, #3016, #3336, #4648 ) ) ;
#1745 = CARTESIAN_POINT ( 'NONE',  ( -0.3600000000000000977, 0.1599999999999999756, 0.9000000000000064615 ) ) ;
#1746 = VECTOR ( 'NONE', #1534, 1000.000000000000000 ) ;
#1747 = LINE ( 'NONE', #267, #2322 ) ;
#1748 = EDGE_LOOP ( 'NONE', ( #2548, #3410, #2288, #926 ) ) ;
#1749 = VECTOR ( 'NONE', #3965, 1000.000000000000000 ) ;
#1750 = PLANE ( 'NONE',  #830 ) ;
#1751 = ADVANCED_FACE ( 'NONE', ( #851 ), #2746, .F. ) ;
#1752 = VERTEX_POINT ( 'NONE', #126 ) ;
#1753 = FACE_OUTER_BOUND ( 'NONE', #852, .T. ) ;
#1754 = CARTESIAN_POINT ( 'NONE',  ( -0.3599999999999999867, 0.1600000000000000033, -1.300000000000006484 ) ) ;
#1755 = AXIS2_PLACEMENT_3D ( 'NONE', #2280, #2305, #374 ) ;
#1756 = VECTOR ( 'NONE', #3682, 1000.000000000000000 ) ;
#1757 = PLANE ( 'NONE',  #3760 ) ;
#1758 = PLANE ( 'NONE',  #968 ) ;
#1759 = CLOSED_SHELL ( 'NONE', ( #2306, #4803, #1122, #4255, #1444, #1693 ) ) ;
#1760 = DIRECTION ( 'NONE',  ( -2.710505431213761578E-16, -0.000000000000000000, 1.000000000000000000 ) ) ;
#1761 = LINE ( 'NONE', #4791, #4434 ) ;
#1762 = FACE_OUTER_BOUND ( 'NONE', #2722, .T. ) ;
#1763 = FILL_AREA_STYLE_COLOUR ( '', #485 ) ;
#1764 = ORIENTED_EDGE ( 'NONE', *, *, #2375, .F. ) ;
#1765 = CARTESIAN_POINT ( 'NONE',  ( 1.349999999999998090, 0.1600000000000000033, -0.1099999999999999589 ) ) ;
#1766 = VECTOR ( 'NONE', #2345, 1000.000000000000000 ) ;
#1767 = EDGE_LOOP ( 'NONE', ( #1544, #2236, #4045, #817 ) ) ;
#1768 = ORIENTED_EDGE ( 'NONE', *, *, #972, .F. ) ;
#1769 = CARTESIAN_POINT ( 'NONE',  ( -0.3599999999999999867, 0.000000000000000000, 1.300000000000006484 ) ) ;
#1770 = LINE ( 'NONE', #2152, #2163 ) ;
#1771 = VECTOR ( 'NONE', #1545, 1000.000000000000000 ) ;
#1772 = VECTOR ( 'NONE', #3441, 1000.000000000000000 ) ;
#1773 = EDGE_CURVE ( 'NONE', #4256, #1100, #1637, .T. ) ;
#1774 = VERTEX_POINT ( 'NONE', #2062 ) ;
#1775 = LINE ( 'NONE', #600, #605 ) ;
#1776 =( NAMED_UNIT ( * ) SI_UNIT ( $, .STERADIAN. ) SOLID_ANGLE_UNIT ( ) );
#1777 = ORIENTED_EDGE ( 'NONE', *, *, #1788, .T. ) ;
#1778 = CARTESIAN_POINT ( 'NONE',  ( 0.3599999999999999312, 0.1599999999999999756, 0.8999999999999994671 ) ) ;
#1779 = CARTESIAN_POINT ( 'NONE',  ( -0.3599999999999999867, 0.1600000000000000033, 1.300000000000006484 ) ) ;
#1780 = LINE ( 'NONE', #3659, #2078 ) ;
#1781 = ORIENTED_EDGE ( 'NONE', *, *, #846, .F. ) ;
#1782 = CARTESIAN_POINT ( 'NONE',  ( -1.349999999999996314, 0.1599999999999999756, 0.3900000000000000688 ) ) ;
#1783 = EDGE_CURVE ( 'NONE', #998, #2944, #1256, .T. ) ;
#1784 = EDGE_CURVE ( 'NONE', #4621, #4918, #3857, .T. ) ;
#1785 = DIRECTION ( 'NONE',  ( 0.000000000000000000, -1.000000000000000000, 0.000000000000000000 ) ) ;
#1786 = DIRECTION ( 'NONE',  ( 1.000000000000000000, -0.000000000000000000, -0.000000000000000000 ) ) ;
#1787 = ORIENTED_EDGE ( 'NONE', *, *, #2297, .F. ) ;
#1788 = EDGE_CURVE ( 'NONE', #3029, #4921, #2759, .T. ) ;
#1789 = FACE_OUTER_BOUND ( 'NONE', #3255, .T. ) ;
#1790 = VERTEX_POINT ( 'NONE', #453 ) ;
#1791 = EDGE_LOOP ( 'NONE', ( #3298, #4075, #4175, #348 ) ) ;
#1792 = EDGE_LOOP ( 'NONE', ( #2211, #4280, #3123, #4251 ) ) ;
#1793 = CARTESIAN_POINT ( 'NONE',  ( 0.9499999999999998446, 0.1599999999999999756, -0.8900000000000000133 ) ) ;
#1794 = EDGE_CURVE ( 'NONE', #1281, #2450, #1603, .T. ) ;
#1795 = AXIS2_PLACEMENT_3D ( 'NONE', #3633, #4380, #2109 ) ;
#1796 = ORIENTED_EDGE ( 'NONE', *, *, #1239, .T. ) ;
#1797 = VERTEX_POINT ( 'NONE', #4686 ) ;
#1798 = FACE_OUTER_BOUND ( 'NONE', #2380, .T. ) ;
#1799 = PLANE ( 'NONE',  #3195 ) ;
#1800 = LINE ( 'NONE', #4060, #3184 ) ;
#1801 =( GEOMETRIC_REPRESENTATION_CONTEXT ( 3 ) GLOBAL_UNCERTAINTY_ASSIGNED_CONTEXT ( ( #1646 ) ) GLOBAL_UNIT_ASSIGNED_CONTEXT ( ( #3977, #214, #3623 ) ) REPRESENTATION_CONTEXT ( 'NONE', 'WORKASPACE' ) );
#1802 = VERTEX_POINT ( 'NONE', #3128 ) ;
#1803 = EDGE_CURVE ( 'NONE', #3378, #3515, #3582, .T. ) ;
#1804 = AXIS2_PLACEMENT_3D ( 'NONE', #1371, #2549, #2108 ) ;
#1805 = DIRECTION ( 'NONE',  ( -1.000000000000000000, -0.000000000000000000, 7.744301232039313723E-16 ) ) ;
#1806 = VECTOR ( 'NONE', #2386, 1000.000000000000000 ) ;
#1807 = EDGE_CURVE ( 'NONE', #3475, #3316, #3501, .T. ) ;
#1808 = CARTESIAN_POINT ( 'NONE',  ( 0.6400000000000000133, 0.1600000000000000033, -1.299999999999999600 ) ) ;
#1809 = CARTESIAN_POINT ( 'NONE',  ( 0.9499999999999998446, 0.000000000000000000, -0.6099999999999999867 ) ) ;
#1810 = CARTESIAN_POINT ( 'NONE',  ( 1.349999999999996314, 0.000000000000000000, 0.1099999999999999589 ) ) ;
#1811 = ADVANCED_FACE ( 'NONE', ( #1628 ), #3940, .F. ) ;
#1812 = LINE ( 'NONE', #4169, #80 ) ;
#1813 = ORIENTED_EDGE ( 'NONE', *, *, #783, .F. ) ;
#1814 = CARTESIAN_POINT ( 'NONE',  ( -0.9499999999999948486, 0.1599999999999999756, 0.8900000000000000133 ) ) ;
#1815 = ORIENTED_EDGE ( 'NONE', *, *, #783, .T. ) ;
#1816 = ORIENTED_EDGE ( 'NONE', *, *, #2384, .F. ) ;
#1817 = DIRECTION ( 'NONE',  ( -1.000000000000000000, 0.000000000000000000, 0.000000000000000000 ) ) ;
#1818 = ORIENTED_EDGE ( 'NONE', *, *, #1057, .T. ) ;
#1819 = FACE_BOUND ( 'NONE', #4408, .T. ) ;
#1820 = ORIENTED_EDGE ( 'NONE', *, *, #2148, .F. ) ;
#1821 = PLANE ( 'NONE',  #2578 ) ;
#1822 = LINE ( 'NONE', #2974, #2055 ) ;
#1823 = CARTESIAN_POINT ( 'NONE',  ( 0.3599999999999999867, 0.000000000000000000, -1.299999999999999822 ) ) ;
#1824 = ORIENTED_EDGE ( 'NONE', *, *, #629, .F. ) ;
#1825 = ORIENTED_EDGE ( 'NONE', *, *, #683, .F. ) ;
#1826 = DIRECTION ( 'NONE',  ( 1.000000000000000000, 0.000000000000000000, 3.872150616019658341E-16 ) ) ;
#1827 = VECTOR ( 'NONE', #9, 1000.000000000000000 ) ;
#1828 = AXIS2_PLACEMENT_3D ( 'NONE', #3946, #1240, #4718 ) ;
#1829 = DIRECTION ( 'NONE',  ( -0.000000000000000000, 0.000000000000000000, 1.000000000000000000 ) ) ;
#1830 = VECTOR ( 'NONE', #1032, 1000.000000000000000 ) ;
#1831 = CARTESIAN_POINT ( 'NONE',  ( 0.1399999999999999301, 0.1600000000000000033, 0.9000000000000030198 ) ) ;
#1832 = CARTESIAN_POINT ( 'NONE',  ( -0.9499999999999948486, 0.000000000000000000, 0.8900000000000000133 ) ) ;
#1833 = CARTESIAN_POINT ( 'NONE',  ( -0.1400000000000000411, 0.000000000000000000, 1.300000000000003153 ) ) ;
#1834 = VERTEX_POINT ( 'NONE', #531 ) ;
#1835 = DIRECTION ( 'NONE',  ( -1.000000000000000000, 0.000000000000000000, 0.000000000000000000 ) ) ;
#1836 = EDGE_CURVE ( 'NONE', #3475, #1073, #3152, .T. ) ;
#1837 = EDGE_CURVE ( 'NONE', #1548, #315, #482, .T. ) ;
#1838 = MANIFOLD_SOLID_BREP ( 'Boss-Extrude4[15]', #3926 ) ;
#1839 = ORIENTED_EDGE ( 'NONE', *, *, #79, .F. ) ;
#1840 = FACE_OUTER_BOUND ( 'NONE', #117, .T. ) ;
#1841 = EDGE_CURVE ( 'NONE', #1107, #4210, #4709, .T. ) ;
#1842 = VERTEX_POINT ( 'NONE', #1307 ) ;
#1843 = EDGE_CURVE ( 'NONE', #143, #2899, #2810, .T. ) ;
#1844 = CARTESIAN_POINT ( 'NONE',  ( 0.3599999999999999867, 0.1599999999999999756, -1.299999999999999822 ) ) ;
#1845 = MANIFOLD_SOLID_BREP ( 'Cut-Extrude2', #1128 ) ;
#1846 = ORIENTED_EDGE ( 'NONE', *, *, #244, .T. ) ;
#1847 =( NAMED_UNIT ( * ) PLANE_ANGLE_UNIT ( ) SI_UNIT ( $, .RADIAN. ) );
#1848 = DIRECTION ( 'NONE',  ( 0.000000000000000000, 0.000000000000000000, -1.000000000000000000 ) ) ;
#1849 = CARTESIAN_POINT ( 'NONE',  ( 0.6399999999999999023, 0.6482622246293484602, 0.8999999999999995781 ) ) ;
#1850 = CARTESIAN_POINT ( 'NONE',  ( -0.1400000000000000966, 0.000000000000000000, -0.9000000000000029088 ) ) ;
#1851 = VECTOR ( 'NONE', #1760, 1000.000000000000000 ) ;
#1852 = ADVANCED_FACE ( 'NONE', ( #2533 ), #3961, .F. ) ;
#1853 = DIRECTION ( 'NONE',  ( 0.000000000000000000, -0.000000000000000000, -1.000000000000000000 ) ) ;
#1854 = ORIENTED_EDGE ( 'NONE', *, *, #3717, .T. ) ;
#1855 = EDGE_LOOP ( 'NONE', ( #2431, #3021 ) ) ;
#1856 = CARTESIAN_POINT ( 'NONE',  ( -1.349999999999998090, 0.000000000000000000, -0.3900000000000000688 ) ) ;
#1857 = STYLED_ITEM ( 'NONE', ( #4601 ), #1988 ) ;
#1858 = DIRECTION ( 'NONE',  ( -0.000000000000000000, 1.000000000000000000, 0.000000000000000000 ) ) ;
#1859 = FACE_OUTER_BOUND ( 'NONE', #4442, .T. ) ;
#1860 = ORIENTED_EDGE ( 'NONE', *, *, #3455, .T. ) ;
#1861 = DIRECTION ( 'NONE',  ( 0.000000000000000000, -1.000000000000000000, 0.000000000000000000 ) ) ;
#1862 = DIRECTION ( 'NONE',  ( 1.000000000000000000, 0.000000000000000000, 0.000000000000000000 ) ) ;
#1863 = EDGE_LOOP ( 'NONE', ( #979, #1846, #2544, #4049 ) ) ;
#1864 = EDGE_CURVE ( 'NONE', #4726, #2983, #4454, .T. ) ;
#1865 = VECTOR ( 'NONE', #308, 1000.000000000000000 ) ;
#1866 = MANIFOLD_SOLID_BREP ( 'Boss-Extrude4[2]', #3756 ) ;
#1867 = VERTEX_POINT ( 'NONE', #4853 ) ;
#1868 = ORIENTED_EDGE ( 'NONE', *, *, #2979, .T. ) ;
#1869 = CARTESIAN_POINT ( 'NONE',  ( -1.349999999999994760, 0.000000000000000000, 0.8900000000000000133 ) ) ;
#1870 = VERTEX_POINT ( 'NONE', #1422 ) ;
#1871 = FACE_OUTER_BOUND ( 'NONE', #2419, .T. ) ;
#1872 =( LENGTH_UNIT ( ) NAMED_UNIT ( * ) SI_UNIT ( .MILLI., .METRE. ) );
#1873 = ORIENTED_EDGE ( 'NONE', *, *, #1566, .T. ) ;
#1874 = CARTESIAN_POINT ( 'NONE',  ( -0.3600000000000000977, 0.000000000000000000, 0.9000000000000064615 ) ) ;
#1875 = PLANE ( 'NONE',  #2607 ) ;
#1876 = CARTESIAN_POINT ( 'NONE',  ( 0.3599999999999999312, 0.1599999999999999756, -0.8999999999999994671 ) ) ;
#1877 = ADVANCED_FACE ( 'NONE', ( #246 ), #4831, .T. ) ;
#1878 = DIRECTION ( 'NONE',  ( 0.000000000000000000, -1.000000000000000000, 0.000000000000000000 ) ) ;
#1879 = ORIENTED_EDGE ( 'NONE', *, *, #1486, .F. ) ;
#1880 = ORIENTED_EDGE ( 'NONE', *, *, #4838, .T. ) ;
#1881 = DIRECTION ( 'NONE',  ( -0.000000000000000000, 0.000000000000000000, 1.000000000000000000 ) ) ;
#1882 = LINE ( 'NONE', #4142, #696 ) ;
#1883 = ORIENTED_EDGE ( 'NONE', *, *, #1959, .T. ) ;
#1884 = LINE ( 'NONE', #3060, #173 ) ;
#1885 = DIRECTION ( 'NONE',  ( -0.000000000000000000, -1.000000000000000000, -0.000000000000000000 ) ) ;
#1886 = ORIENTED_EDGE ( 'NONE', *, *, #894, .F. ) ;
#1887 = ORIENTED_EDGE ( 'NONE', *, *, #2297, .T. ) ;
#1888 = STYLED_ITEM ( 'NONE', ( #2088 ), #1845 ) ;
#1889 = ORIENTED_EDGE ( 'NONE', *, *, #846, .T. ) ;
#1890 = ORIENTED_EDGE ( 'NONE', *, *, #1784, .T. ) ;
#1891 = DIRECTION ( 'NONE',  ( -0.000000000000000000, 1.000000000000000000, 0.000000000000000000 ) ) ;
#1892 = CARTESIAN_POINT ( 'NONE',  ( 0.9499999999999998446, 0.000000000000000000, -0.8900000000000000133 ) ) ;
#1893 = MANIFOLD_SOLID_BREP ( 'Boss-Extrude4[14]', #345 ) ;
#1894 = ORIENTED_EDGE ( 'NONE', *, *, #560, .F. ) ;
#1895 = CARTESIAN_POINT ( 'NONE',  ( -0.6400000000000001243, 0.1599999999999999756, 0.9000000000000063505 ) ) ;
#1896 = CARTESIAN_POINT ( 'NONE',  ( -0.1400000000000000966, 0.1600000000000000033, 0.9000000000000029088 ) ) ;
#1897 = PLANE ( 'NONE',  #2689 ) ;
#1898 = LINE ( 'NONE', #745, #4393 ) ;
#1899 = EDGE_CURVE ( 'NONE', #2600, #1294, #2158, .T. ) ;
#1900 = DIRECTION ( 'NONE',  ( 0.000000000000000000, -1.000000000000000000, 0.000000000000000000 ) ) ;
#1901 = ORIENTED_EDGE ( 'NONE', *, *, #368, .F. ) ;
#1902 = FACE_BOUND ( 'NONE', #4119, .T. ) ;
#1903 = EDGE_LOOP ( 'NONE', ( #3622, #2598, #3412, #4832 ) ) ;
#1904 = FACE_OUTER_BOUND ( 'NONE', #4050, .T. ) ;
#1905 = EDGE_CURVE ( 'NONE', #4560, #1323, #1106, .T. ) ;
#1906 = DIRECTION ( 'NONE',  ( 1.000000000000000000, 0.000000000000000000, -0.000000000000000000 ) ) ;
#1907 = DIRECTION ( 'NONE',  ( 1.000000000000000000, 0.000000000000000000, 7.744301232039313723E-16 ) ) ;
#1908 = CARTESIAN_POINT ( 'NONE',  ( -0.1400000000000000411, 0.1600000000000000033, -1.300000000000003153 ) ) ;
#1909 = VECTOR ( 'NONE', #1684, 1000.000000000000000 ) ;
#1910 = CARTESIAN_POINT ( 'NONE',  ( -0.6400000000000001243, 0.6482622246293484602, -0.9000000000000063505 ) ) ;
#1911 = ORIENTED_EDGE ( 'NONE', *, *, #2442, .F. ) ;
#1912 = VECTOR ( 'NONE', #3551, 1000.000000000000000 ) ;
#1913 = AXIS2_PLACEMENT_3D ( 'NONE', #1258, #4311, #4740 ) ;
#1914 = VERTEX_POINT ( 'NONE', #1844 ) ;
#1915 = VECTOR ( 'NONE', #4704, 1000.000000000000000 ) ;
#1916 = ORIENTED_EDGE ( 'NONE', *, *, #4353, .T. ) ;
#1917 = CARTESIAN_POINT ( 'NONE',  ( -0.1400000000000000411, 0.1599999999999999756, -1.300000000000003153 ) ) ;
#1918 = EDGE_CURVE ( 'NONE', #4194, #1562, #4876, .T. ) ;
#1919 = DIRECTION ( 'NONE',  ( -0.000000000000000000, -0.000000000000000000, 1.000000000000000000 ) ) ;
#1920 = PLANE ( 'NONE',  #1218 ) ;
#1921 = FACE_OUTER_BOUND ( 'NONE', #1266, .T. ) ;
#1922 = EDGE_LOOP ( 'NONE', ( #1691, #3979, #2033, #1304 ) ) ;
#1923 =( NAMED_UNIT ( * ) PLANE_ANGLE_UNIT ( ) SI_UNIT ( $, .RADIAN. ) );
#1924 = PLANE ( 'NONE',  #2286 ) ;
#1925 = LINE ( 'NONE', #1876, #2799 ) ;
#1926 = ORIENTED_EDGE ( 'NONE', *, *, #1788, .F. ) ;
#1927 = FACE_OUTER_BOUND ( 'NONE', #913, .T. ) ;
#1928 = ORIENTED_EDGE ( 'NONE', *, *, #929, .T. ) ;
#1929 = CARTESIAN_POINT ( 'NONE',  ( 0.000000000000000000, 0.1600000000000000033, 0.000000000000000000 ) ) ;
#1930 = DIRECTION ( 'NONE',  ( 0.000000000000000000, 0.000000000000000000, -1.000000000000000000 ) ) ;
#1931 = CARTESIAN_POINT ( 'NONE',  ( 0.000000000000000000, 0.1600000000000000033, 0.000000000000000000 ) ) ;
#1932 = ADVANCED_FACE ( 'NONE', ( #3047 ), #2626, .T. ) ;
#1933 = CARTESIAN_POINT ( 'NONE',  ( 0.9499999999999948486, 0.1599999999999999756, 0.8900000000000000133 ) ) ;
#1934 = DIRECTION ( 'NONE',  ( 0.000000000000000000, 0.000000000000000000, -1.000000000000000000 ) ) ;
#1935 = VERTEX_POINT ( 'NONE', #2275 ) ;
#1936 = AXIS2_PLACEMENT_3D ( 'NONE', #1677, #1355, #4382 ) ;
#1937 = ADVANCED_FACE ( 'NONE', ( #1921 ), #741, .F. ) ;
#1938 = EDGE_CURVE ( 'NONE', #4753, #1401, #4106, .T. ) ;
#1939 = EDGE_CURVE ( 'NONE', #3215, #1100, #1447, .T. ) ;
#1940 = VECTOR ( 'NONE', #3064, 1000.000000000000000 ) ;
#1941 = DIRECTION ( 'NONE',  ( -0.000000000000000000, -0.000000000000000000, 1.000000000000000000 ) ) ;
#1942 = EDGE_LOOP ( 'NONE', ( #2277, #1257, #410, #2074 ) ) ;
#1943 = ORIENTED_EDGE ( 'NONE', *, *, #48, .F. ) ;
#1944 =( NAMED_UNIT ( * ) SI_UNIT ( $, .STERADIAN. ) SOLID_ANGLE_UNIT ( ) );
#1945 = LINE ( 'NONE', #3464, #4608 ) ;
#1946 = CARTESIAN_POINT ( 'NONE',  ( -0.6400000000000001243, 0.6482622246293484602, -0.9000000000000063505 ) ) ;
#1947 = ORIENTED_EDGE ( 'NONE', *, *, #3282, .F. ) ;
#1948 = PLANE ( 'NONE',  #442 ) ;
#1949 = PLANE ( 'NONE',  #1647 ) ;
#1950 = DIRECTION ( 'NONE',  ( -1.000000000000000000, -0.000000000000000000, 3.872150616019658341E-16 ) ) ;
#1951 = ADVANCED_FACE ( 'NONE', ( #3395 ), #4504, .T. ) ;
#1952 = ORIENTED_EDGE ( 'NONE', *, *, #3920, .F. ) ;
#1953 = DIRECTION ( 'NONE',  ( 0.000000000000000000, 0.000000000000000000, 1.000000000000000000 ) ) ;
#1954 = ORIENTED_EDGE ( 'NONE', *, *, #763, .F. ) ;
#1955 = PLANE ( 'NONE',  #4554 ) ;
#1956 = AXIS2_PLACEMENT_3D ( 'NONE', #1509, #2690, #1906 ) ;
#1957 = DIRECTION ( 'NONE',  ( -1.495451272393799296E-16, 0.000000000000000000, -1.000000000000000000 ) ) ;
#1958 = MANIFOLD_SOLID_BREP ( 'Boss-Extrude4[4]', #1599 ) ;
#1959 = EDGE_CURVE ( 'NONE', #1705, #1153, #318, .T. ) ;
#1960 = AXIS2_PLACEMENT_3D ( 'NONE', #3473, #3855, #1953 ) ;
#1961 = VECTOR ( 'NONE', #4563, 1000.000000000000000 ) ;
#1962 = PLANE ( 'NONE',  #221 ) ;
#1963 = DIRECTION ( 'NONE',  ( 0.000000000000000000, -0.000000000000000000, 1.000000000000000000 ) ) ;
#1964 = LINE ( 'NONE', #3454, #1277 ) ;
#1965 = FACE_OUTER_BOUND ( 'NONE', #3242, .T. ) ;
#1966 = EDGE_CURVE ( 'NONE', #2191, #3358, #4198, .T. ) ;
#1967 = COLOUR_RGB ( '',0.7921568627450980005, 0.8196078431372548767, 0.9333333333333333481 ) ;
#1968 = ADVANCED_FACE ( 'NONE', ( #1079, #786, #2202, #3819, #1819, #2599, #4129, #716, #2868, #3098, #4397, #978, #2500, #4278, #475, #3523 ), #4021, .T. ) ;
#1969 = LINE ( 'NONE', #153, #1940 ) ;
#1970 = ORIENTED_EDGE ( 'NONE', *, *, #3282, .T. ) ;
#1971 = VECTOR ( 'NONE', #3957, 1000.000000000000000 ) ;
#1972 = ORIENTED_EDGE ( 'NONE', *, *, #4279, .F. ) ;
#1973 = EDGE_CURVE ( 'NONE', #2463, #65, #1178, .T. ) ;
#1974 = VECTOR ( 'NONE', #4774, 1000.000000000000000 ) ;
#1975 = LINE ( 'NONE', #444, #313 ) ;
#1976 = CARTESIAN_POINT ( 'NONE',  ( 0.3599999999999999867, 0.1600000000000000033, 1.299999999999999822 ) ) ;
#1977 = MANIFOLD_SOLID_BREP ( 'Boss-Extrude4[11]', #2010 ) ;
#1978 = ORIENTED_EDGE ( 'NONE', *, *, #1694, .F. ) ;
#1979 = LINE ( 'NONE', #4603, #1224 ) ;
#1980 = CARTESIAN_POINT ( 'NONE',  ( 0.3599999999999999312, 0.000000000000000000, 0.8999999999999994671 ) ) ;
#1981 = LINE ( 'NONE', #1278, #505 ) ;
#1982 = ORIENTED_EDGE ( 'NONE', *, *, #1694, .T. ) ;
#1983 = CARTESIAN_POINT ( 'NONE',  ( 0.9499999999999998446, 0.1599999999999999756, -0.6099999999999999867 ) ) ;
#1984 = DIRECTION ( 'NONE',  ( -0.000000000000000000, -1.000000000000000000, -0.000000000000000000 ) ) ;
#1985 = VERTEX_POINT ( 'NONE', #3494 ) ;
#1986 = CARTESIAN_POINT ( 'NONE',  ( -0.6400000000000001243, 0.000000000000000000, 0.9000000000000063505 ) ) ;
#1987 = LINE ( 'NONE', #2015, #966 ) ;
#1988 = MANIFOLD_SOLID_BREP ( 'Boss-Extrude4[12]', #2643 ) ;
#1989 = EDGE_CURVE ( 'NONE', #757, #1077, #4250, .T. ) ;
#1990 = DIRECTION ( 'NONE',  ( -0.000000000000000000, -1.000000000000000000, -0.000000000000000000 ) ) ;
#1991 = CARTESIAN_POINT ( 'NONE',  ( 0.9499999999999948486, 0.000000000000000000, 0.8900000000000000133 ) ) ;
#1992 = VECTOR ( 'NONE', #824, 1000.000000000000000 ) ;
#1993 = ORIENTED_EDGE ( 'NONE', *, *, #1102, .T. ) ;
#1994 = CARTESIAN_POINT ( 'NONE',  ( -1.349999999999998090, 0.1600000000000000033, -0.3900000000000000688 ) ) ;
#1995 = CARTESIAN_POINT ( 'NONE',  ( -0.9499999999999998446, 0.1599999999999999756, -0.8900000000000000133 ) ) ;
#1996 = ORIENTED_EDGE ( 'NONE', *, *, #2828, .F. ) ;
#1997 = ORIENTED_EDGE ( 'NONE', *, *, #4868, .F. ) ;
#1998 = CARTESIAN_POINT ( 'NONE',  ( -0.7499999999999998890, 0.1599999999999999756, -0.6750000000000000444 ) ) ;
#1999 = DIRECTION ( 'NONE',  ( -0.000000000000000000, -1.000000000000000000, -0.000000000000000000 ) ) ;
#2000 = AXIS2_PLACEMENT_3D ( 'NONE', #3710, #1046, #3108 ) ;
#2001 = EDGE_CURVE ( 'NONE', #3748, #1548, #808, .T. ) ;
#2002 = AXIS2_PLACEMENT_3D ( 'NONE', #2686, #455, #751 ) ;
#2003 = LINE ( 'NONE', #3068, #1680 ) ;
#2004 = FACE_OUTER_BOUND ( 'NONE', #4107, .T. ) ;
#2005 = CARTESIAN_POINT ( 'NONE',  ( 0.000000000000000000, 0.1600000000000000033, 0.000000000000000000 ) ) ;
#2006 = EDGE_CURVE ( 'NONE', #3459, #3093, #3122, .T. ) ;
#2007 = VERTEX_POINT ( 'NONE', #2099 ) ;
#2008 = CARTESIAN_POINT ( 'NONE',  ( -0.1400000000000000966, 0.1599999999999999756, -0.9000000000000029088 ) ) ;
#2009 = CARTESIAN_POINT ( 'NONE',  ( -1.212966224413917438, 0.9199999999999999289, -1.166255723846428172 ) ) ;
#2010 = CLOSED_SHELL ( 'NONE', ( #1597, #2939, #2933, #973, #3179, #1212 ) ) ;
#2011 = EDGE_CURVE ( 'NONE', #1073, #3780, #211, .T. ) ;
#2012 = ORIENTED_EDGE ( 'NONE', *, *, #41, .T. ) ;
#2013 = ORIENTED_EDGE ( 'NONE', *, *, #404, .T. ) ;
#2014 = DIRECTION ( 'NONE',  ( 3.872150616019658834E-16, 0.000000000000000000, -1.000000000000000000 ) ) ;
#2015 = CARTESIAN_POINT ( 'NONE',  ( 1.449999999999999956, 0.1600000000000000033, 1.400000000000000133 ) ) ;
#2016 = VECTOR ( 'NONE', #925, 1000.000000000000000 ) ;
#2017 = VECTOR ( 'NONE', #2494, 1000.000000000000000 ) ;
#2018 =( NAMED_UNIT ( * ) PLANE_ANGLE_UNIT ( ) SI_UNIT ( $, .RADIAN. ) );
#2019 = DIRECTION ( 'NONE',  ( 0.000000000000000000, 0.000000000000000000, -1.000000000000000000 ) ) ;
#2020 =( GEOMETRIC_REPRESENTATION_CONTEXT ( 3 ) GLOBAL_UNCERTAINTY_ASSIGNED_CONTEXT ( ( #4152 ) ) GLOBAL_UNIT_ASSIGNED_CONTEXT ( ( #4372, #4044, #4000 ) ) REPRESENTATION_CONTEXT ( 'NONE', 'WORKASPACE' ) );
#2021 = MECHANICAL_DESIGN_GEOMETRIC_PRESENTATION_REPRESENTATION (  '', ( #1369 ), #2657 ) ;
#2022 =( GEOMETRIC_REPRESENTATION_CONTEXT ( 3 ) GLOBAL_UNCERTAINTY_ASSIGNED_CONTEXT ( ( #762 ) ) GLOBAL_UNIT_ASSIGNED_CONTEXT ( ( #3254, #224, #1776 ) ) REPRESENTATION_CONTEXT ( 'NONE', 'WORKASPACE' ) );
#2023 = ORIENTED_EDGE ( 'NONE', *, *, #2414, .F. ) ;
#2024 = PLANE ( 'NONE',  #2449 ) ;
#2025 = DIRECTION ( 'NONE',  ( -1.000000000000000000, 0.000000000000000000, -1.355252715606879803E-16 ) ) ;
#2026 = ORIENTED_EDGE ( 'NONE', *, *, #3041, .T. ) ;
#2027 = ADVANCED_FACE ( 'NONE', ( #2617, #4117 ), #2520, .T. ) ;
#2028 = SURFACE_STYLE_USAGE ( .BOTH. , #3572 ) ;
#2029 = ORIENTED_EDGE ( 'NONE', *, *, #4566, .T. ) ;
#2030 = SURFACE_STYLE_FILL_AREA ( #521 ) ;
#2031 = DIRECTION ( 'NONE',  ( -0.000000000000000000, -1.000000000000000000, -0.000000000000000000 ) ) ;
#2032 = DIRECTION ( 'NONE',  ( 0.000000000000000000, 0.000000000000000000, -1.000000000000000000 ) ) ;
#2033 = ORIENTED_EDGE ( 'NONE', *, *, #1600, .T. ) ;
#2034 = ADVANCED_FACE ( 'NONE', ( #1762 ), #2589, .F. ) ;
#2035 = DIRECTION ( 'NONE',  ( 0.000000000000000000, -1.000000000000000000, 0.000000000000000000 ) ) ;
#2036 = LINE ( 'NONE', #4333, #4316 ) ;
#2037 = ADVANCED_FACE ( 'NONE', ( #4490 ), #3665, .F. ) ;
#2038 = ORIENTED_EDGE ( 'NONE', *, *, #2707, .F. ) ;
#2039 =( NAMED_UNIT ( * ) PLANE_ANGLE_UNIT ( ) SI_UNIT ( $, .RADIAN. ) );
#2040 = ORIENTED_EDGE ( 'NONE', *, *, #3326, .F. ) ;
#2041 = CYLINDRICAL_SURFACE ( 'NONE', #1041, 0.1054322639199452849 ) ;
#2042 = LINE ( 'NONE', #4312, #501 ) ;
#2043 = FILL_AREA_STYLE ('',( #3891 ) ) ;
#2044 = PLANE ( 'NONE',  #1608 ) ;
#2045 = DIRECTION ( 'NONE',  ( 0.000000000000000000, -0.000000000000000000, 1.000000000000000000 ) ) ;
#2046 = VECTOR ( 'NONE', #3289, 1000.000000000000000 ) ;
#2047 = EDGE_LOOP ( 'NONE', ( #3544, #2174, #3030, #3413 ) ) ;
#2048 = PLANE ( 'NONE',  #2327 ) ;
#2049 = CARTESIAN_POINT ( 'NONE',  ( -0.6400000000000000133, 0.1600000000000000033, 1.300000000000006706 ) ) ;
#2050 = VERTEX_POINT ( 'NONE', #1019 ) ;
#2051 = FILL_AREA_STYLE ('',( #1500 ) ) ;
#2052 = ORIENTED_EDGE ( 'NONE', *, *, #760, .T. ) ;
#2053 =( LENGTH_UNIT ( ) NAMED_UNIT ( * ) SI_UNIT ( .MILLI., .METRE. ) );
#2054 = CARTESIAN_POINT ( 'NONE',  ( -0.9499999999999981792, 0.1599999999999999756, -0.1099999999999999589 ) ) ;
#2055 = VECTOR ( 'NONE', #2706, 1000.000000000000000 ) ;
#2056 = AXIS2_PLACEMENT_3D ( 'NONE', #1250, #4302, #2032 ) ;
#2057 = ORIENTED_EDGE ( 'NONE', *, *, #323, .F. ) ;
#2058 = CARTESIAN_POINT ( 'NONE',  ( -1.449999999999999956, 0.9700000000000004174, 1.400000000000000577 ) ) ;
#2059 = DIRECTION ( 'NONE',  ( -0.000000000000000000, -1.000000000000000000, -0.000000000000000000 ) ) ;
#2060 = ADVANCED_FACE ( 'NONE', ( #3707 ), #705, .F. ) ;
#2061 = ORIENTED_EDGE ( 'NONE', *, *, #4663, .T. ) ;
#2062 = CARTESIAN_POINT ( 'NONE',  ( 0.9499999999999964029, 0.1600000000000000033, 0.3900000000000000688 ) ) ;
#2063 = ORIENTED_EDGE ( 'NONE', *, *, #3361, .F. ) ;
#2064 = CARTESIAN_POINT ( 'NONE',  ( 0.6399999999999999023, 0.000000000000000000, -0.8999999999999995781 ) ) ;
#2065 = DIRECTION ( 'NONE',  ( 0.000000000000000000, 0.000000000000000000, -1.000000000000000000 ) ) ;
#2066 = EDGE_CURVE ( 'NONE', #872, #358, #1366, .T. ) ;
#2067 = DIRECTION ( 'NONE',  ( 0.000000000000000000, 0.000000000000000000, -1.000000000000000000 ) ) ;
#2068 = PLANE ( 'NONE',  #582 ) ;
#2069 = ADVANCED_FACE ( 'NONE', ( #1789 ), #4068, .T. ) ;
#2070 = CARTESIAN_POINT ( 'NONE',  ( -0.9499999999999948486, 0.6482622246293484602, 0.6099999999999999867 ) ) ;
#2071 = DIRECTION ( 'NONE',  ( 1.000000000000000000, -0.000000000000000000, -0.000000000000000000 ) ) ;
#2072 = ORIENTED_EDGE ( 'NONE', *, *, #2471, .T. ) ;
#2073 = LINE ( 'NONE', #4398, #752 ) ;
#2074 = ORIENTED_EDGE ( 'NONE', *, *, #4756, .T. ) ;
#2075 = CARTESIAN_POINT ( 'NONE',  ( 0.9499999999999948486, 0.1599999999999999756, 0.8900000000000000133 ) ) ;
#2076 = PLANE ( 'NONE',  #3847 ) ;
#2077 = EDGE_CURVE ( 'NONE', #2332, #4011, #2542, .T. ) ;
#2078 = VECTOR ( 'NONE', #2161, 1000.000000000000000 ) ;
#2079 = ORIENTED_EDGE ( 'NONE', *, *, #1209, .T. ) ;
#2080 = DIRECTION ( 'NONE',  ( -1.000000000000000000, 0.000000000000000000, -1.355252715606879556E-16 ) ) ;
#2081 = VECTOR ( 'NONE', #4932, 1000.000000000000000 ) ;
#2082 = LINE ( 'NONE', #528, #884 ) ;
#2083 = EDGE_CURVE ( 'NONE', #186, #1245, #999, .T. ) ;
#2084 = VECTOR ( 'NONE', #2808, 1000.000000000000000 ) ;
#2085 = VECTOR ( 'NONE', #4357, 1000.000000000000000 ) ;
#2086 = ORIENTED_EDGE ( 'NONE', *, *, #1349, .T. ) ;
#2087 = DIRECTION ( 'NONE',  ( 0.000000000000000000, 1.000000000000000000, -0.000000000000000000 ) ) ;
#2088 = PRESENTATION_STYLE_ASSIGNMENT (( #3606 ) ) ;
#2089 = ORIENTED_EDGE ( 'NONE', *, *, #2516, .F. ) ;
#2090 = LINE ( 'NONE', #1679, #1280 ) ;
#2091 = DIRECTION ( 'NONE',  ( 0.000000000000000000, 1.000000000000000000, 0.000000000000000000 ) ) ;
#2092 = PRESENTATION_STYLE_ASSIGNMENT (( #1682 ) ) ;
#2093 = CARTESIAN_POINT ( 'NONE',  ( 1.349999999999996314, 0.1600000000000000033, 0.3900000000000000688 ) ) ;
#2094 = CARTESIAN_POINT ( 'NONE',  ( -0.1400000000000000411, 0.000000000000000000, 1.300000000000003153 ) ) ;
#2095 = EDGE_CURVE ( 'NONE', #2221, #3435, #2989, .T. ) ;
#2096 = DIRECTION ( 'NONE',  ( 0.000000000000000000, -1.000000000000000000, 0.000000000000000000 ) ) ;
#2097 = CARTESIAN_POINT ( 'NONE',  ( 0.9499999999999998446, 0.000000000000000000, -0.6099999999999999867 ) ) ;
#2098 = EDGE_LOOP ( 'NONE', ( #723, #613, #4795, #2179 ) ) ;
#2099 = CARTESIAN_POINT ( 'NONE',  ( 0.6399999999999999023, 0.000000000000000000, -0.8999999999999995781 ) ) ;
#2100 = FILL_AREA_STYLE ('',( #1763 ) ) ;
#2101 = EDGE_CURVE ( 'NONE', #4423, #3442, #4821, .T. ) ;
#2102 = VECTOR ( 'NONE', #878, 1000.000000000000000 ) ;
#2103 = VERTEX_POINT ( 'NONE', #2145 ) ;
#2104 = LINE ( 'NONE', #1297, #2456 ) ;
#2105 = CARTESIAN_POINT ( 'NONE',  ( 1.449999999999999956, 0.9700000000000004174, -1.399999999999999689 ) ) ;
#2106 = ADVANCED_FACE ( 'NONE', ( #260 ), #4520, .T. ) ;
#2107 = ORIENTED_EDGE ( 'NONE', *, *, #2918, .T. ) ;
#2108 = DIRECTION ( 'NONE',  ( 0.000000000000000000, 0.000000000000000000, 1.000000000000000000 ) ) ;
#2109 = DIRECTION ( 'NONE',  ( -1.000000000000000000, 0.000000000000000000, -0.000000000000000000 ) ) ;
#2110 = VECTOR ( 'NONE', #622, 1000.000000000000000 ) ;
#2111 = VECTOR ( 'NONE', #1622, 1000.000000000000000 ) ;
#2112 = ORIENTED_EDGE ( 'NONE', *, *, #4361, .T. ) ;
#2113 = CARTESIAN_POINT ( 'NONE',  ( 0.6399999999999999023, 0.000000000000000000, 0.8999999999999995781 ) ) ;
#2114 = AXIS2_PLACEMENT_3D ( 'NONE', #4178, #2970, #2300 ) ;
#2115 = ORIENTED_EDGE ( 'NONE', *, *, #3959, .T. ) ;
#2116 = CARTESIAN_POINT ( 'NONE',  ( 0.9499999999999964029, 0.000000000000000000, 0.3900000000000000688 ) ) ;
#2117 = LINE ( 'NONE', #3641, #412 ) ;
#2118 = VECTOR ( 'NONE', #2842, 1000.000000000000000 ) ;
#2119 = DIRECTION ( 'NONE',  ( 1.000000000000000000, 0.000000000000000000, 0.000000000000000000 ) ) ;
#2120 = DIRECTION ( 'NONE',  ( -0.000000000000000000, -1.000000000000000000, -0.000000000000000000 ) ) ;
#2121 = CARTESIAN_POINT ( 'NONE',  ( -0.9499999999999981792, 0.000000000000000000, -0.3900000000000000688 ) ) ;
#2122 = DIRECTION ( 'NONE',  ( -1.000000000000000000, 0.000000000000000000, -7.744301232039316681E-16 ) ) ;
#2123 = EDGE_LOOP ( 'NONE', ( #2377, #1129, #1732, #3349 ) ) ;
#2124 =( NAMED_UNIT ( * ) PLANE_ANGLE_UNIT ( ) SI_UNIT ( $, .RADIAN. ) );
#2125 = CARTESIAN_POINT ( 'NONE',  ( 1.349999999999999867, 0.1599999999999999756, -0.6099999999999999867 ) ) ;
#2126 = ORIENTED_EDGE ( 'NONE', *, *, #3896, .T. ) ;
#2127 = LINE ( 'NONE', #3688, #4940 ) ;
#2128 = EDGE_CURVE ( 'NONE', #3442, #2438, #1386, .T. ) ;
#2129 = ORIENTED_EDGE ( 'NONE', *, *, #4290, .T. ) ;
#2130 = EDGE_CURVE ( 'NONE', #2463, #1678, #4889, .T. ) ;
#2131 = DIRECTION ( 'NONE',  ( 1.000000000000000000, 0.000000000000000000, -0.000000000000000000 ) ) ;
#2132 = CARTESIAN_POINT ( 'NONE',  ( -1.349999999999996314, 0.1600000000000000033, 0.1099999999999999589 ) ) ;
#2133 = PRESENTATION_LAYER_ASSIGNMENT (  '', '', ( #4287 ) ) ;
#2134 = ORIENTED_EDGE ( 'NONE', *, *, #578, .F. ) ;
#2135 = FACE_OUTER_BOUND ( 'NONE', #4903, .T. ) ;
#2136 =( NAMED_UNIT ( * ) PLANE_ANGLE_UNIT ( ) SI_UNIT ( $, .RADIAN. ) );
#2137 = EDGE_LOOP ( 'NONE', ( #3884, #3813, #2731, #3635 ) ) ;
#2138 = LINE ( 'NONE', #2556, #415 ) ;
#2139 = CYLINDRICAL_SURFACE ( 'NONE', #1669, 0.1054322639199452849 ) ;
#2140 = LINE ( 'NONE', #4391, #2017 ) ;
#2141 = CARTESIAN_POINT ( 'NONE',  ( -0.9499999999999981792, 0.000000000000000000, -0.1099999999999999589 ) ) ;
#2142 = EDGE_CURVE ( 'NONE', #2944, #2225, #1095, .T. ) ;
#2143 = LINE ( 'NONE', #1042, #4593 ) ;
#2144 = FACE_OUTER_BOUND ( 'NONE', #3265, .T. ) ;
#2145 = CARTESIAN_POINT ( 'NONE',  ( -0.1400000000000000411, 0.000000000000000000, 1.300000000000003153 ) ) ;
#2146 = EDGE_LOOP ( 'NONE', ( #2407, #4057, #4736, #742 ) ) ;
#2147 =( NAMED_UNIT ( * ) SI_UNIT ( $, .STERADIAN. ) SOLID_ANGLE_UNIT ( ) );
#2148 = EDGE_CURVE ( 'NONE', #1153, #862, #3266, .T. ) ;
#2149 = ORIENTED_EDGE ( 'NONE', *, *, #4353, .F. ) ;
#2150 = VERTEX_POINT ( 'NONE', #1810 ) ;
#2151 = CARTESIAN_POINT ( 'NONE',  ( -1.449999999999999956, 0.000000000000000000, 1.400000000000000577 ) ) ;
#2152 = CARTESIAN_POINT ( 'NONE',  ( -0.1400000000000000411, 0.1600000000000000033, -1.300000000000003153 ) ) ;
#2153 = VERTEX_POINT ( 'NONE', #1437 ) ;
#2154 = EDGE_CURVE ( 'NONE', #592, #2982, #4664, .T. ) ;
#2155 = VECTOR ( 'NONE', #1606, 1000.000000000000000 ) ;
#2156 = LINE ( 'NONE', #4782, #1457 ) ;
#2157 = VECTOR ( 'NONE', #562, 1000.000000000000000 ) ;
#2158 = LINE ( 'NONE', #1892, #1772 ) ;
#2159 = ORIENTED_EDGE ( 'NONE', *, *, #1170, .F. ) ;
#2160 = FACE_OUTER_BOUND ( 'NONE', #319, .T. ) ;
#2161 = DIRECTION ( 'NONE',  ( 2.710505431213761578E-16, 0.000000000000000000, 1.000000000000000000 ) ) ;
#2162 = EDGE_CURVE ( 'NONE', #3722, #2769, #3810, .T. ) ;
#2163 = VECTOR ( 'NONE', #984, 1000.000000000000000 ) ;
#2164 = VECTOR ( 'NONE', #2019, 1000.000000000000000 ) ;
#2165 = EDGE_CURVE ( 'NONE', #4530, #2381, #4916, .T. ) ;
#2166 = EDGE_LOOP ( 'NONE', ( #4448, #1594, #3729, #4897 ) ) ;
#2167 = VECTOR ( 'NONE', #2320, 1000.000000000000000 ) ;
#2168 = PRODUCT_DEFINITION_CONTEXT ( 'detailed design', #434, 'design' ) ;
#2169 = LINE ( 'NONE', #1782, #2484 ) ;
#2170 = DIRECTION ( 'NONE',  ( 0.000000000000000000, -1.000000000000000000, 0.000000000000000000 ) ) ;
#2171 = FACE_OUTER_BOUND ( 'NONE', #2187, .T. ) ;
#2172 = DIRECTION ( 'NONE',  ( 0.000000000000000000, 0.000000000000000000, 1.000000000000000000 ) ) ;
#2173 =( NAMED_UNIT ( * ) SI_UNIT ( $, .STERADIAN. ) SOLID_ANGLE_UNIT ( ) );
#2174 = ORIENTED_EDGE ( 'NONE', *, *, #423, .T. ) ;
#2175 = LINE ( 'NONE', #1002, #1487 ) ;
#2176 = ORIENTED_EDGE ( 'NONE', *, *, #2908, .F. ) ;
#2177 = ORIENTED_EDGE ( 'NONE', *, *, #4466, .T. ) ;
#2178 = DIRECTION ( 'NONE',  ( 2.710505431213761578E-16, 0.000000000000000000, 1.000000000000000000 ) ) ;
#2179 = ORIENTED_EDGE ( 'NONE', *, *, #250, .F. ) ;
#2180 = EDGE_CURVE ( 'NONE', #2948, #809, #1120, .T. ) ;
#2181 = ORIENTED_EDGE ( 'NONE', *, *, #822, .F. ) ;
#2182 = CARTESIAN_POINT ( 'NONE',  ( 0.3599999999999999312, 0.000000000000000000, 0.8999999999999994671 ) ) ;
#2183 = DIRECTION ( 'NONE',  ( 0.000000000000000000, -1.000000000000000000, 0.000000000000000000 ) ) ;
#2184 = DIRECTION ( 'NONE',  ( 0.000000000000000000, 0.000000000000000000, 1.000000000000000000 ) ) ;
#2185 = ADVANCED_FACE ( 'NONE', ( #1511 ), #2742, .T. ) ;
#2186 = EDGE_CURVE ( 'NONE', #1296, #1294, #73, .T. ) ;
#2187 = EDGE_LOOP ( 'NONE', ( #1688, #4923, #1062, #1027 ) ) ;
#2188 = DIRECTION ( 'NONE',  ( 0.000000000000000000, 1.000000000000000000, 0.000000000000000000 ) ) ;
#2189 = CARTESIAN_POINT ( 'NONE',  ( 1.349999999999998090, 0.6482622246293484602, -0.1099999999999999589 ) ) ;
#2190 = DIRECTION ( 'NONE',  ( 0.000000000000000000, -0.000000000000000000, 1.000000000000000000 ) ) ;
#2191 = VERTEX_POINT ( 'NONE', #406 ) ;
#2192 = DIRECTION ( 'NONE',  ( 0.000000000000000000, 0.000000000000000000, -1.000000000000000000 ) ) ;
#2193 = CARTESIAN_POINT ( 'NONE',  ( 0.3599999999999999312, 0.1600000000000000033, -0.8999999999999994671 ) ) ;
#2194 = EDGE_LOOP ( 'NONE', ( #1894, #3727, #1868, #3742 ) ) ;
#2195 = DIRECTION ( 'NONE',  ( 3.872150616019658834E-16, 0.000000000000000000, 1.000000000000000000 ) ) ;
#2196 = VERTEX_POINT ( 'NONE', #1908 ) ;
#2197 = DIRECTION ( 'NONE',  ( -0.000000000000000000, -1.000000000000000000, -0.000000000000000000 ) ) ;
#2198 = VECTOR ( 'NONE', #2583, 1000.000000000000000 ) ;
#2199 = VECTOR ( 'NONE', #2793, 1000.000000000000000 ) ;
#2200 = DIRECTION ( 'NONE',  ( -0.000000000000000000, -1.000000000000000000, -0.000000000000000000 ) ) ;
#2201 = ORIENTED_EDGE ( 'NONE', *, *, #4321, .T. ) ;
#2202 = FACE_BOUND ( 'NONE', #960, .T. ) ;
#2203 = EDGE_CURVE ( 'NONE', #2709, #2196, #2289, .T. ) ;
#2204 = ORIENTED_EDGE ( 'NONE', *, *, #4929, .T. ) ;
#2205 = CARTESIAN_POINT ( 'NONE',  ( 0.1399999999999999301, 0.000000000000000000, -0.9000000000000030198 ) ) ;
#2206 = LINE ( 'NONE', #2116, #4 ) ;
#2207 = CARTESIAN_POINT ( 'NONE',  ( 1.349999999999996314, 0.000000000000000000, 0.3900000000000000688 ) ) ;
#2208 = VECTOR ( 'NONE', #738, 1000.000000000000000 ) ;
#2209 = VERTEX_POINT ( 'NONE', #4544 ) ;
#2210 = AXIS2_PLACEMENT_3D ( 'NONE', #2417, #1276, #4281 ) ;
#2211 = ORIENTED_EDGE ( 'NONE', *, *, #3010, .F. ) ;
#2212 = DIRECTION ( 'NONE',  ( -1.355252715606879556E-16, 0.000000000000000000, 1.000000000000000000 ) ) ;
#2213 = VECTOR ( 'NONE', #4658, 1000.000000000000000 ) ;
#2214 = EDGE_CURVE ( 'NONE', #4869, #707, #1884, .T. ) ;
#2215 = ADVANCED_FACE ( 'NONE', ( #3432 ), #4215, .T. ) ;
#2216 = PLANE ( 'NONE',  #3077 ) ;
#2217 = DIRECTION ( 'NONE',  ( 1.355252715606879556E-16, 0.000000000000000000, -1.000000000000000000 ) ) ;
#2218 = ADVANCED_FACE ( 'NONE', ( #4934 ), #4270, .F. ) ;
#2219 = DIRECTION ( 'NONE',  ( 3.872150616019658341E-16, 0.000000000000000000, -1.000000000000000000 ) ) ;
#2220 = PLANE ( 'NONE',  #4147 ) ;
#2221 = VERTEX_POINT ( 'NONE', #20 ) ;
#2222 = DIRECTION ( 'NONE',  ( -1.000000000000000000, 0.000000000000000000, -0.000000000000000000 ) ) ;
#2223 = PRODUCT ( 'CC-14-3', 'CC-14-3', '', ( #945 ) ) ;
#2224 = EDGE_CURVE ( 'NONE', #4634, #519, #1964, .T. ) ;
#2225 = VERTEX_POINT ( 'NONE', #797 ) ;
#2226 = EDGE_CURVE ( 'NONE', #315, #4501, #3111, .T. ) ;
#2227 = ORIENTED_EDGE ( 'NONE', *, *, #1841, .F. ) ;
#2228 = SURFACE_STYLE_USAGE ( .BOTH. , #2571 ) ;
#2229 = ORIENTED_EDGE ( 'NONE', *, *, #4502, .F. ) ;
#2230 = VECTOR ( 'NONE', #4118, 1000.000000000000000 ) ;
#2231 = CARTESIAN_POINT ( 'NONE',  ( 0.3599999999999999312, 0.1599999999999999756, 0.8999999999999994671 ) ) ;
#2232 = ORIENTED_EDGE ( 'NONE', *, *, #3561, .F. ) ;
#2233 = LINE ( 'NONE', #2182, #3216 ) ;
#2234 = DIRECTION ( 'NONE',  ( 0.000000000000000000, 0.000000000000000000, 1.000000000000000000 ) ) ;
#2235 = LINE ( 'NONE', #34, #2240 ) ;
#2236 = ORIENTED_EDGE ( 'NONE', *, *, #1326, .T. ) ;
#2237 = EDGE_CURVE ( 'NONE', #1526, #3515, #2693, .T. ) ;
#2238 = ORIENTED_EDGE ( 'NONE', *, *, #1784, .F. ) ;
#2239 = CARTESIAN_POINT ( 'NONE',  ( -0.1400000000000000966, 0.1600000000000000033, -0.9000000000000029088 ) ) ;
#2240 = VECTOR ( 'NONE', #2680, 1000.000000000000000 ) ;
#2241 = AXIS2_PLACEMENT_3D ( 'NONE', #4091, #2188, #649 ) ;
#2242 = FACE_OUTER_BOUND ( 'NONE', #4568, .T. ) ;
#2243 = CARTESIAN_POINT ( 'NONE',  ( 0.9499999999999981792, 0.000000000000000000, -0.1099999999999999589 ) ) ;
#2244 = DIRECTION ( 'NONE',  ( 1.000000000000000000, 0.000000000000000000, -2.710505431213761578E-16 ) ) ;
#2245 = CARTESIAN_POINT ( 'NONE',  ( 0.3599999999999999312, 0.1600000000000000033, 0.8999999999999994671 ) ) ;
#2246 = ORIENTED_EDGE ( 'NONE', *, *, #4893, .F. ) ;
#2247 = CLOSED_SHELL ( 'NONE', ( #1536, #4665, #2497, #1932, #1623, #1564 ) ) ;
#2248 = EDGE_LOOP ( 'NONE', ( #2649, #1661, #2972, #3055 ) ) ;
#2249 = EDGE_CURVE ( 'NONE', #325, #2620, #2639, .T. ) ;
#2250 = EDGE_LOOP ( 'NONE', ( #3692, #2026, #189, #3695 ) ) ;
#2251 =( NAMED_UNIT ( * ) SI_UNIT ( $, .STERADIAN. ) SOLID_ANGLE_UNIT ( ) );
#2252 = STYLED_ITEM ( 'NONE', ( #3024 ), #284 ) ;
#2253 = VECTOR ( 'NONE', #3209, 1000.000000000000000 ) ;
#2254 = ORIENTED_EDGE ( 'NONE', *, *, #1938, .T. ) ;
#2255 = UNCERTAINTY_MEASURE_WITH_UNIT (LENGTH_MEASURE( 1.000000000000000082E-05 ), #2476, 'distance_accuracy_value', 'NONE');
#2256 = SURFACE_STYLE_FILL_AREA ( #4154 ) ;
#2257 = ORIENTED_EDGE ( 'NONE', *, *, #1918, .F. ) ;
#2258 = LINE ( 'NONE', #1424, #3470 ) ;
#2259 = CARTESIAN_POINT ( 'NONE',  ( 1.449999999999999956, 5.971128874149274957, -1.399999999999999689 ) ) ;
#2260 = LINE ( 'NONE', #1525, #3745 ) ;
#2261 = VECTOR ( 'NONE', #4506, 1000.000000000000000 ) ;
#2262 = COLOUR_RGB ( '',0.7921568627450980005, 0.8196078431372548767, 0.9333333333333333481 ) ;
#2263 = FACE_OUTER_BOUND ( 'NONE', #768, .T. ) ;
#2264 = ORIENTED_EDGE ( 'NONE', *, *, #1472, .T. ) ;
#2265 = CARTESIAN_POINT ( 'NONE',  ( -0.6400000000000000133, 0.000000000000000000, 1.300000000000006706 ) ) ;
#2266 = ORIENTED_EDGE ( 'NONE', *, *, #196, .T. ) ;
#2267 = LINE ( 'NONE', #3009, #3342 ) ;
#2268 = CARTESIAN_POINT ( 'NONE',  ( 0.9499999999999964029, 0.1599999999999999756, 0.3900000000000000688 ) ) ;
#2269 = CARTESIAN_POINT ( 'NONE',  ( -0.1400000000000000411, 0.000000000000000000, -1.300000000000003153 ) ) ;
#2270 = CARTESIAN_POINT ( 'NONE',  ( 0.3599999999999999312, 0.1600000000000000033, -0.8999999999999994671 ) ) ;
#2271 = VERTEX_POINT ( 'NONE', #2269 ) ;
#2272 = VERTEX_POINT ( 'NONE', #1933 ) ;
#2273 = ORIENTED_EDGE ( 'NONE', *, *, #4364, .T. ) ;
#2274 = EDGE_LOOP ( 'NONE', ( #566, #2652, #624, #4159 ) ) ;
#2275 = CARTESIAN_POINT ( 'NONE',  ( 1.349999999999994760, 0.1599999999999999756, 0.8900000000000000133 ) ) ;
#2276 = EDGE_CURVE ( 'NONE', #262, #3872, #45, .T. ) ;
#2277 = ORIENTED_EDGE ( 'NONE', *, *, #365, .T. ) ;
#2278 = CARTESIAN_POINT ( 'NONE',  ( -0.9499999999999998446, 0.000000000000000000, -0.6099999999999999867 ) ) ;
#2279 = FACE_OUTER_BOUND ( 'NONE', #2829, .T. ) ;
#2280 = CARTESIAN_POINT ( 'NONE',  ( -1.212966224413917438, 0.9699999999999999734, -1.166255723846428172 ) ) ;
#2281 = VECTOR ( 'NONE', #1786, 1000.000000000000000 ) ;
#2282 = ORIENTED_EDGE ( 'NONE', *, *, #4139, .T. ) ;
#2283 = VERTEX_POINT ( 'NONE', #3038 ) ;
#2284 = LINE ( 'NONE', #355, #4394 ) ;
#2285 = VECTOR ( 'NONE', #2355, 1000.000000000000000 ) ;
#2286 = AXIS2_PLACEMENT_3D ( 'NONE', #4905, #3444, #2628 ) ;
#2287 = DIRECTION ( 'NONE',  ( -1.000000000000000000, -0.000000000000000000, -0.000000000000000000 ) ) ;
#2288 = ORIENTED_EDGE ( 'NONE', *, *, #3368, .F. ) ;
#2289 = LINE ( 'NONE', #433, #3421 ) ;
#2290 = DIRECTION ( 'NONE',  ( 0.000000000000000000, 0.000000000000000000, -1.000000000000000000 ) ) ;
#2291 = ORIENTED_EDGE ( 'NONE', *, *, #4619, .F. ) ;
#2292 = ADVANCED_FACE ( 'NONE', ( #4565 ), #4617, .T. ) ;
#2293 = ORIENTED_EDGE ( 'NONE', *, *, #1783, .T. ) ;
#2294 = MECHANICAL_DESIGN_GEOMETRIC_PRESENTATION_REPRESENTATION (  '', ( #1888 ), #3406 ) ;
#2295 = EDGE_LOOP ( 'NONE', ( #3396, #843, #3305, #445 ) ) ;
#2296 = FACE_OUTER_BOUND ( 'NONE', #4680, .T. ) ;
#2297 = EDGE_CURVE ( 'NONE', #1126, #243, #823, .T. ) ;
#2298 = DIRECTION ( 'NONE',  ( -1.000000000000000000, 0.000000000000000000, -0.000000000000000000 ) ) ;
#2299 = LINE ( 'NONE', #2849, #4368 ) ;
#2300 = DIRECTION ( 'NONE',  ( 0.000000000000000000, 0.000000000000000000, 1.000000000000000000 ) ) ;
#2301 = DIRECTION ( 'NONE',  ( 0.000000000000000000, 0.000000000000000000, -1.000000000000000000 ) ) ;
#2302 = ORIENTED_EDGE ( 'NONE', *, *, #4174, .F. ) ;
#2303 = DIRECTION ( 'NONE',  ( -1.000000000000000000, 0.000000000000000000, 0.000000000000000000 ) ) ;
#2304 = CARTESIAN_POINT ( 'NONE',  ( 1.449999999999999956, 0.000000000000000000, -1.399999999999999689 ) ) ;
#2305 = DIRECTION ( 'NONE',  ( -0.000000000000000000, -1.000000000000000000, -0.000000000000000000 ) ) ;
#2306 = ADVANCED_FACE ( 'NONE', ( #4340 ), #488, .T. ) ;
#2307 = FACE_OUTER_BOUND ( 'NONE', #2295, .T. ) ;
#2308 = ORIENTED_EDGE ( 'NONE', *, *, #1038, .T. ) ;
#2309 = LINE ( 'NONE', #3529, #3236 ) ;
#2310 = ORIENTED_EDGE ( 'NONE', *, *, #4082, .F. ) ;
#2311 = LINE ( 'NONE', #39, #2323 ) ;
#2312 = ADVANCED_FACE ( 'NONE', ( #2428 ), #3613, .F. ) ;
#2313 = DIRECTION ( 'NONE',  ( -1.000000000000000000, 0.000000000000000000, 1.495451272393799296E-16 ) ) ;
#2314 = EDGE_CURVE ( 'NONE', #1401, #2463, #537, .T. ) ;
#2315 = PLANE ( 'NONE',  #3232 ) ;
#2316 = AXIS2_PLACEMENT_3D ( 'NONE', #1398, #4036, #1426 ) ;
#2317 = CARTESIAN_POINT ( 'NONE',  ( 0.000000000000000000, 0.000000000000000000, 0.000000000000000000 ) ) ;
#2318 = CARTESIAN_POINT ( 'NONE',  ( -1.349999999999996314, 0.000000000000000000, 0.3900000000000000688 ) ) ;
#2319 = AXIS2_PLACEMENT_3D ( 'NONE', #1192, #1166, #848 ) ;
#2320 = DIRECTION ( 'NONE',  ( -0.000000000000000000, -1.000000000000000000, -0.000000000000000000 ) ) ;
#2321 = EDGE_LOOP ( 'NONE', ( #4162, #1049, #324, #3351 ) ) ;
#2322 = VECTOR ( 'NONE', #242, 1000.000000000000000 ) ;
#2323 = VECTOR ( 'NONE', #4612, 1000.000000000000000 ) ;
#2324 = PLANE ( 'NONE',  #679 ) ;
#2325 = ADVANCED_FACE ( 'NONE', ( #148 ), #4744, .T. ) ;
#2326 = EDGE_LOOP ( 'NONE', ( #1764, #990, #4344, #2029 ) ) ;
#2327 = AXIS2_PLACEMENT_3D ( 'NONE', #3948, #974, #2517 ) ;
#2328 = ORIENTED_EDGE ( 'NONE', *, *, #323, .T. ) ;
#2329 =( LENGTH_UNIT ( ) NAMED_UNIT ( * ) SI_UNIT ( .MILLI., .METRE. ) );
#2330 = CARTESIAN_POINT ( 'NONE',  ( -1.349999999999994760, 0.1599999999999999756, 0.8900000000000000133 ) ) ;
#2331 = SURFACE_STYLE_USAGE ( .BOTH. , #3071 ) ;
#2332 = VERTEX_POINT ( 'NONE', #2094 ) ;
#2333 = DIRECTION ( 'NONE',  ( -1.355252715606879556E-16, -0.000000000000000000, -1.000000000000000000 ) ) ;
#2334 = DIRECTION ( 'NONE',  ( 0.000000000000000000, -0.000000000000000000, 1.000000000000000000 ) ) ;
#2335 = DIRECTION ( 'NONE',  ( -1.000000000000000000, 0.000000000000000000, 0.000000000000000000 ) ) ;
#2336 = EDGE_CURVE ( 'NONE', #4034, #4179, #4314, .T. ) ;
#2337 = EDGE_LOOP ( 'NONE', ( #107, #1883, #553, #704 ) ) ;
#2338 = CARTESIAN_POINT ( 'NONE',  ( -1.349999999999996314, 0.6482622246293484602, 0.3900000000000000688 ) ) ;
#2339 = VECTOR ( 'NONE', #1644, 1000.000000000000000 ) ;
#2340 = EDGE_LOOP ( 'NONE', ( #1423, #2112, #3403, #2422 ) ) ;
#2341 = DIRECTION ( 'NONE',  ( -0.000000000000000000, -1.000000000000000000, -0.000000000000000000 ) ) ;
#2342 = LINE ( 'NONE', #70, #3419 ) ;
#2343 = EDGE_CURVE ( 'NONE', #2358, #3788, #3969, .T. ) ;
#2344 = CARTESIAN_POINT ( 'NONE',  ( 0.9499999999999981792, 0.000000000000000000, -0.1099999999999999589 ) ) ;
#2345 = DIRECTION ( 'NONE',  ( -1.000000000000000000, -0.000000000000000000, 7.744301232039313723E-16 ) ) ;
#2346 = EDGE_CURVE ( 'NONE', #637, #3344, #2816, .T. ) ;
#2347 = CARTESIAN_POINT ( 'NONE',  ( -1.349999999999998090, 0.000000000000000000, -0.1099999999999999589 ) ) ;
#2348 = LINE ( 'NONE', #4643, #2561 ) ;
#2349 = VECTOR ( 'NONE', #1228, 1000.000000000000000 ) ;
#2350 = VECTOR ( 'NONE', #1941, 1000.000000000000000 ) ;
#2351 = LINE ( 'NONE', #2794, #2747 ) ;
#2352 = ORIENTED_EDGE ( 'NONE', *, *, #3584, .F. ) ;
#2353 = ORIENTED_EDGE ( 'NONE', *, *, #2006, .F. ) ;
#2354 = AXIS2_PLACEMENT_3D ( 'NONE', #286, #2172, #4420 ) ;
#2355 = DIRECTION ( 'NONE',  ( 1.000000000000000000, 0.000000000000000000, 0.000000000000000000 ) ) ;
#2356 = DIRECTION ( 'NONE',  ( 1.355252715606879556E-16, 0.000000000000000000, -1.000000000000000000 ) ) ;
#2357 = ADVANCED_FACE ( 'NONE', ( #3918 ), #3893, .F. ) ;
#2358 = VERTEX_POINT ( 'NONE', #1991 ) ;
#2359 = LINE ( 'NONE', #3074, #4259 ) ;
#2360 = DIRECTION ( 'NONE',  ( 0.000000000000000000, 0.000000000000000000, 1.000000000000000000 ) ) ;
#2361 = CARTESIAN_POINT ( 'NONE',  ( -0.9499999999999981792, 0.1600000000000000033, -0.3900000000000000688 ) ) ;
#2362 = EDGE_LOOP ( 'NONE', ( #3318, #2502, #3106, #551 ) ) ;
#2363 = DIRECTION ( 'NONE',  ( 0.000000000000000000, 1.000000000000000000, 0.000000000000000000 ) ) ;
#2364 = SURFACE_SIDE_STYLE ('',( #3474 ) ) ;
#2365 = EDGE_LOOP ( 'NONE', ( #3338, #4234, #636, #1125 ) ) ;
#2366 = FACE_OUTER_BOUND ( 'NONE', #4061, .T. ) ;
#2367 = AXIS2_PLACEMENT_3D ( 'NONE', #305, #4418, #975 ) ;
#2368 = PLANE ( 'NONE',  #2715 ) ;
#2369 = AXIS2_PLACEMENT_3D ( 'NONE', #1602, #4232, #14 ) ;
#2370 = PRODUCT_DEFINITION_FORMATION_WITH_SPECIFIED_SOURCE ( 'ANY', '', #2223, .NOT_KNOWN. ) ;
#2371 = ADVANCED_FACE ( 'NONE', ( #3563 ), #4366, .T. ) ;
#2372 = FACE_OUTER_BOUND ( 'NONE', #3239, .T. ) ;
#2373 = DIRECTION ( 'NONE',  ( -1.000000000000000000, 0.000000000000000000, 3.872150616019657848E-16 ) ) ;
#2374 = COLOUR_RGB ( '',0.7921568627450980005, 0.8196078431372548767, 0.9333333333333333481 ) ;
#2375 = EDGE_CURVE ( 'NONE', #758, #4570, #3508, .T. ) ;
#2376 = DIRECTION ( 'NONE',  ( -0.000000000000000000, -0.000000000000000000, 1.000000000000000000 ) ) ;
#2377 = ORIENTED_EDGE ( 'NONE', *, *, #3789, .T. ) ;
#2378 = FACE_OUTER_BOUND ( 'NONE', #2575, .T. ) ;
#2379 = CARTESIAN_POINT ( 'NONE',  ( 0.9499999999999948486, 0.1600000000000000033, 0.6099999999999999867 ) ) ;
#2380 = EDGE_LOOP ( 'NONE', ( #3008, #1947, #291, #342 ) ) ;
#2381 = VERTEX_POINT ( 'NONE', #3537 ) ;
#2382 = DIRECTION ( 'NONE',  ( 0.000000000000000000, 0.000000000000000000, -1.000000000000000000 ) ) ;
#2383 = DIRECTION ( 'NONE',  ( 1.000000000000000000, 0.000000000000000000, 7.744301232039313723E-16 ) ) ;
#2384 = EDGE_CURVE ( 'NONE', #2922, #3371, #4392, .T. ) ;
#2385 = CARTESIAN_POINT ( 'NONE',  ( 0.9499999999999998446, 0.1600000000000000033, -0.8900000000000000133 ) ) ;
#2386 = DIRECTION ( 'NONE',  ( -2.710505431213761578E-16, 0.000000000000000000, 1.000000000000000000 ) ) ;
#2387 = ORIENTED_EDGE ( 'NONE', *, *, #3869, .T. ) ;
#2388 = CARTESIAN_POINT ( 'NONE',  ( 0.9499999999999948486, 0.1600000000000000033, 0.8900000000000000133 ) ) ;
#2389 = CARTESIAN_POINT ( 'NONE',  ( -0.1400000000000000411, 0.1599999999999999756, -1.300000000000003153 ) ) ;
#2390 = ORIENTED_EDGE ( 'NONE', *, *, #3212, .F. ) ;
#2391 =( LENGTH_UNIT ( ) NAMED_UNIT ( * ) SI_UNIT ( .MILLI., .METRE. ) );
#2392 = VERTEX_POINT ( 'NONE', #99 ) ;
#2393 = PLANE ( 'NONE',  #1200 ) ;
#2394 = LINE ( 'NONE', #96, #2155 ) ;
#2395 = ADVANCED_FACE ( 'NONE', ( #3991 ), #2068, .T. ) ;
#2396 =( NAMED_UNIT ( * ) SI_UNIT ( $, .STERADIAN. ) SOLID_ANGLE_UNIT ( ) );
#2397 = CARTESIAN_POINT ( 'NONE',  ( 0.1399999999999999301, 0.6482622246293484602, -0.9000000000000030198 ) ) ;
#2398 = DIRECTION ( 'NONE',  ( 0.000000000000000000, -1.000000000000000000, 0.000000000000000000 ) ) ;
#2399 = VECTOR ( 'NONE', #407, 1000.000000000000000 ) ;
#2400 = VECTOR ( 'NONE', #1930, 1000.000000000000000 ) ;
#2401 = DIRECTION ( 'NONE',  ( 2.710505431213761578E-16, 0.000000000000000000, -1.000000000000000000 ) ) ;
#2402 = ORIENTED_EDGE ( 'NONE', *, *, #3835, .T. ) ;
#2403 = LINE ( 'NONE', #1639, #2199 ) ;
#2404 = CARTESIAN_POINT ( 'NONE',  ( -0.9499999999999964029, 0.000000000000000000, 0.3900000000000000688 ) ) ;
#2405 = EDGE_LOOP ( 'NONE', ( #2666, #3072, #4864, #3066 ) ) ;
#2406 = SURFACE_STYLE_FILL_AREA ( #2051 ) ;
#2407 = ORIENTED_EDGE ( 'NONE', *, *, #1290, .F. ) ;
#2408 =( NAMED_UNIT ( * ) PLANE_ANGLE_UNIT ( ) SI_UNIT ( $, .RADIAN. ) );
#2409 = LINE ( 'NONE', #3244, #1690 ) ;
#2410 = VECTOR ( 'NONE', #3418, 1000.000000000000000 ) ;
#2411 = EDGE_CURVE ( 'NONE', #1077, #3340, #2765, .T. ) ;
#2412 = VECTOR ( 'NONE', #4588, 1000.000000000000000 ) ;
#2413 = CARTESIAN_POINT ( 'NONE',  ( -0.9499999999999964029, 0.000000000000000000, 0.3900000000000000688 ) ) ;
#2414 = EDGE_CURVE ( 'NONE', #114, #689, #869, .T. ) ;
#2415 = LINE ( 'NONE', #2330, #3566 ) ;
#2416 = ORIENTED_EDGE ( 'NONE', *, *, #1091, .F. ) ;
#2417 = CARTESIAN_POINT ( 'NONE',  ( 0.9499999999999981792, 0.6482622246293484602, -0.3900000000000000688 ) ) ;
#2418 = CARTESIAN_POINT ( 'NONE',  ( 0.3599999999999999312, 0.000000000000000000, 0.8999999999999994671 ) ) ;
#2419 = EDGE_LOOP ( 'NONE', ( #234, #1815, #3512, #899 ) ) ;
#2420 = DIRECTION ( 'NONE',  ( 0.000000000000000000, -0.000000000000000000, 1.000000000000000000 ) ) ;
#2421 = CARTESIAN_POINT ( 'NONE',  ( -0.6400000000000000133, 0.000000000000000000, -1.300000000000006706 ) ) ;
#2422 = ORIENTED_EDGE ( 'NONE', *, *, #1038, .F. ) ;
#2423 = DIRECTION ( 'NONE',  ( -0.000000000000000000, 0.000000000000000000, -1.000000000000000000 ) ) ;
#2424 = FACE_OUTER_BOUND ( 'NONE', #1863, .T. ) ;
#2425 = VECTOR ( 'NONE', #4766, 1000.000000000000000 ) ;
#2426 =( LENGTH_UNIT ( ) NAMED_UNIT ( * ) SI_UNIT ( .MILLI., .METRE. ) );
#2427 = DIRECTION ( 'NONE',  ( -0.000000000000000000, -0.000000000000000000, 1.000000000000000000 ) ) ;
#2428 = FACE_OUTER_BOUND ( 'NONE', #3858, .T. ) ;
#2429 = AXIS2_PLACEMENT_3D ( 'NONE', #645, #4700, #1181 ) ;
#2430 = AXIS2_PLACEMENT_3D ( 'NONE', #3721, #1473, #2301 ) ;
#2431 = ORIENTED_EDGE ( 'NONE', *, *, #4566, .F. ) ;
#2432 = CARTESIAN_POINT ( 'NONE',  ( -0.9499999999999948486, 0.000000000000000000, 0.6099999999999999867 ) ) ;
#2433 = ORIENTED_EDGE ( 'NONE', *, *, #390, .F. ) ;
#2434 = SURFACE_SIDE_STYLE ('',( #3165 ) ) ;
#2435 = ORIENTED_EDGE ( 'NONE', *, *, #2214, .T. ) ;
#2436 = SURFACE_STYLE_USAGE ( .BOTH. , #157 ) ;
#2437 = DIRECTION ( 'NONE',  ( 2.710505431213761578E-16, 0.000000000000000000, 1.000000000000000000 ) ) ;
#2438 = VERTEX_POINT ( 'NONE', #4692 ) ;
#2439 = CARTESIAN_POINT ( 'NONE',  ( 0.9499999999999964029, 0.1599999999999999756, 0.1099999999999999034 ) ) ;
#2440 = LINE ( 'NONE', #2389, #3032 ) ;
#2441 = ORIENTED_EDGE ( 'NONE', *, *, #4694, .T. ) ;
#2442 = EDGE_CURVE ( 'NONE', #3460, #1, #584, .T. ) ;
#2443 = DIRECTION ( 'NONE',  ( -0.000000000000000000, -1.000000000000000000, -0.000000000000000000 ) ) ;
#2444 = ORIENTED_EDGE ( 'NONE', *, *, #1091, .T. ) ;
#2445 = CARTESIAN_POINT ( 'NONE',  ( -1.449999999999999956, 0.9700000000000004174, -1.399999999999999245 ) ) ;
#2446 = DIRECTION ( 'NONE',  ( 0.000000000000000000, -1.000000000000000000, 0.000000000000000000 ) ) ;
#2447 = CARTESIAN_POINT ( 'NONE',  ( 0.9499999999999948486, 0.1599999999999999756, 0.8900000000000000133 ) ) ;
#2448 = CARTESIAN_POINT ( 'NONE',  ( -1.212966224413917438, 0.9699999999999999734, -1.060823459926482970 ) ) ;
#2449 = AXIS2_PLACEMENT_3D ( 'NONE', #181, #3898, #1686 ) ;
#2450 = VERTEX_POINT ( 'NONE', #673 ) ;
#2451 = LINE ( 'NONE', #2097, #3078 ) ;
#2452 = PLANE ( 'NONE',  #3222 ) ;
#2453 = VERTEX_POINT ( 'NONE', #3700 ) ;
#2454 = VERTEX_POINT ( 'NONE', #2932 ) ;
#2455 = EDGE_CURVE ( 'NONE', #4396, #2944, #3285, .T. ) ;
#2456 = VECTOR ( 'NONE', #289, 1000.000000000000000 ) ;
#2457 = AXIS2_PLACEMENT_3D ( 'NONE', #1182, #3777, #4203 ) ;
#2458 = VECTOR ( 'NONE', #2356, 1000.000000000000000 ) ;
#2459 = ORIENTED_EDGE ( 'NONE', *, *, #48, .T. ) ;
#2460 = CARTESIAN_POINT ( 'NONE',  ( 0.000000000000000000, 0.1600000000000000033, 0.000000000000000000 ) ) ;
#2461 = CARTESIAN_POINT ( 'NONE',  ( -0.9499999999999981792, 0.000000000000000000, -0.3900000000000000688 ) ) ;
#2462 = MECHANICAL_DESIGN_GEOMETRIC_PRESENTATION_REPRESENTATION (  '', ( #4375 ), #1743 ) ;
#2463 = VERTEX_POINT ( 'NONE', #1016 ) ;
#2464 = DIRECTION ( 'NONE',  ( 1.000000000000000000, -0.000000000000000000, 2.710505431213761578E-16 ) ) ;
#2465 =( LENGTH_UNIT ( ) NAMED_UNIT ( * ) SI_UNIT ( .MILLI., .METRE. ) );
#2466 = ORIENTED_EDGE ( 'NONE', *, *, #671, .F. ) ;
#2467 = CARTESIAN_POINT ( 'NONE',  ( 0.6400000000000000133, 0.1600000000000000033, -1.299999999999999600 ) ) ;
#2468 = CARTESIAN_POINT ( 'NONE',  ( 1.449999999999999956, 0.1600000000000000033, 1.400000000000000133 ) ) ;
#2469 = EDGE_CURVE ( 'NONE', #3358, #4419, #4884, .T. ) ;
#2470 = EDGE_CURVE ( 'NONE', #2489, #1281, #302, .T. ) ;
#2471 = EDGE_CURVE ( 'NONE', #3332, #4403, #1456, .T. ) ;
#2472 = DIRECTION ( 'NONE',  ( -2.710505431213759113E-16, -0.000000000000000000, -1.000000000000000000 ) ) ;
#2473 = DIRECTION ( 'NONE',  ( -2.710505431213759113E-16, -0.000000000000000000, -1.000000000000000000 ) ) ;
#2474 = PLANE ( 'NONE',  #3315 ) ;
#2475 = ORIENTED_EDGE ( 'NONE', *, *, #3010, .T. ) ;
#2476 =( LENGTH_UNIT ( ) NAMED_UNIT ( * ) SI_UNIT ( .MILLI., .METRE. ) );
#2477 = EDGE_LOOP ( 'NONE', ( #886, #4842, #4673, #3201 ) ) ;
#2478 =( LENGTH_UNIT ( ) NAMED_UNIT ( * ) SI_UNIT ( .MILLI., .METRE. ) );
#2479 = CARTESIAN_POINT ( 'NONE',  ( -0.7499999999999998890, 0.1600000000000000033, -0.8249999999999999556 ) ) ;
#2480 = EDGE_CURVE ( 'NONE', #1797, #2153, #2515, .T. ) ;
#2481 = VECTOR ( 'NONE', #4227, 1000.000000000000000 ) ;
#2482 = EDGE_LOOP ( 'NONE', ( #394, #4725 ) ) ;
#2483 = DIRECTION ( 'NONE',  ( -1.000000000000000000, 0.000000000000000000, 0.000000000000000000 ) ) ;
#2484 = VECTOR ( 'NONE', #4514, 1000.000000000000000 ) ;
#2485 = FACE_OUTER_BOUND ( 'NONE', #4001, .T. ) ;
#2486 = AXIS2_PLACEMENT_3D ( 'NONE', #321, #3697, #3230 ) ;
#2487 = ORIENTED_EDGE ( 'NONE', *, *, #3616, .T. ) ;
#2488 = LINE ( 'NONE', #3655, #2110 ) ;
#2489 = VERTEX_POINT ( 'NONE', #1063 ) ;
#2490 = EDGE_CURVE ( 'NONE', #749, #31, #3260, .T. ) ;
#2491 = CARTESIAN_POINT ( 'NONE',  ( -0.9499999999999964029, 0.1599999999999999756, 0.3900000000000000688 ) ) ;
#2492 = CARTESIAN_POINT ( 'NONE',  ( 0.9499999999999981792, 0.000000000000000000, -0.3900000000000000688 ) ) ;
#2493 = EDGE_CURVE ( 'NONE', #4135, #3093, #4017, .T. ) ;
#2494 = DIRECTION ( 'NONE',  ( -0.000000000000000000, 0.000000000000000000, 1.000000000000000000 ) ) ;
#2495 = DIRECTION ( 'NONE',  ( -0.000000000000000000, -1.000000000000000000, -0.000000000000000000 ) ) ;
#2496 = EDGE_CURVE ( 'NONE', #4937, #1774, #3328, .T. ) ;
#2497 = ADVANCED_FACE ( 'NONE', ( #2539 ), #1758, .T. ) ;
#2498 = CARTESIAN_POINT ( 'NONE',  ( 0.3599999999999999312, 0.000000000000000000, -0.8999999999999994671 ) ) ;
#2499 = ORIENTED_EDGE ( 'NONE', *, *, #204, .T. ) ;
#2500 = FACE_BOUND ( 'NONE', #3650, .T. ) ;
#2501 = VECTOR ( 'NONE', #3759, 1000.000000000000000 ) ;
#2502 = ORIENTED_EDGE ( 'NONE', *, *, #1188, .F. ) ;
#2503 = EDGE_LOOP ( 'NONE', ( #1448, #4480, #1614, #310 ) ) ;
#2504 = PLANE ( 'NONE',  #3718 ) ;
#2505 = DIRECTION ( 'NONE',  ( -0.000000000000000000, -1.000000000000000000, 0.000000000000000000 ) ) ;
#2506 = ORIENTED_EDGE ( 'NONE', *, *, #3816, .F. ) ;
#2507 = EDGE_CURVE ( 'NONE', #1484, #1232, #2885, .T. ) ;
#2508 = DIRECTION ( 'NONE',  ( 2.710505431213761578E-16, 0.000000000000000000, -1.000000000000000000 ) ) ;
#2509 = FILL_AREA_STYLE ('',( #2879 ) ) ;
#2510 = ORIENTED_EDGE ( 'NONE', *, *, #2507, .F. ) ;
#2511 = DIRECTION ( 'NONE',  ( 0.000000000000000000, 0.000000000000000000, -1.000000000000000000 ) ) ;
#2512 = PLANE ( 'NONE',  #2316 ) ;
#2513 = AXIS2_PLACEMENT_3D ( 'NONE', #3735, #3867, #4189 ) ;
#2514 = SURFACE_STYLE_FILL_AREA ( #4414 ) ;
#2515 = LINE ( 'NONE', #4816, #885 ) ;
#2516 = EDGE_CURVE ( 'NONE', #1548, #1484, #2169, .T. ) ;
#2517 = DIRECTION ( 'NONE',  ( 1.000000000000000000, 0.000000000000000000, 0.000000000000000000 ) ) ;
#2518 = PLANE ( 'NONE',  #1719 ) ;
#2519 = EDGE_LOOP ( 'NONE', ( #2390, #3002, #3709, #4910 ) ) ;
#2520 = PLANE ( 'NONE',  #1072 ) ;
#2521 = ORIENTED_EDGE ( 'NONE', *, *, #399, .T. ) ;
#2522 = SURFACE_STYLE_USAGE ( .BOTH. , #569 ) ;
#2523 = PRESENTATION_LAYER_ASSIGNMENT (  '', '', ( #4677 ) ) ;
#2524 = EDGE_CURVE ( 'NONE', #340, #4710, #4063, .T. ) ;
#2525 = ORIENTED_EDGE ( 'NONE', *, *, #4417, .T. ) ;
#2526 = ADVANCED_FACE ( 'NONE', ( #3644 ), #3306, .T. ) ;
#2527 = EDGE_LOOP ( 'NONE', ( #4492, #2254, #3797, #2966 ) ) ;
#2528 = CARTESIAN_POINT ( 'NONE',  ( -1.349999999999998090, 0.1600000000000000033, -0.3900000000000000688 ) ) ;
#2529 = CARTESIAN_POINT ( 'NONE',  ( -0.9499999999999981792, 0.000000000000000000, -0.1099999999999999589 ) ) ;
#2530 = VECTOR ( 'NONE', #1519, 1000.000000000000000 ) ;
#2531 = EDGE_LOOP ( 'NONE', ( #1652, #4849, #3273, #4547 ) ) ;
#2532 = DIRECTION ( 'NONE',  ( 1.000000000000000000, 0.000000000000000000, 0.000000000000000000 ) ) ;
#2533 = FACE_OUTER_BOUND ( 'NONE', #4285, .T. ) ;
#2534 = EDGE_LOOP ( 'NONE', ( #25, #4684, #1210, #1890 ) ) ;
#2535 = FACE_OUTER_BOUND ( 'NONE', #4731, .T. ) ;
#2536 = PLANE ( 'NONE',  #4079 ) ;
#2537 = PLANE ( 'NONE',  #1430 ) ;
#2538 = VECTOR ( 'NONE', #119, 1000.000000000000000 ) ;
#2539 = FACE_OUTER_BOUND ( 'NONE', #4852, .T. ) ;
#2540 = PLANE ( 'NONE',  #1721 ) ;
#2541 = LINE ( 'NONE', #1435, #2046 ) ;
#2542 = LINE ( 'NONE', #656, #4500 ) ;
#2543 = DIRECTION ( 'NONE',  ( 0.000000000000000000, -1.000000000000000000, 0.000000000000000000 ) ) ;
#2544 = ORIENTED_EDGE ( 'NONE', *, *, #2226, .T. ) ;
#2545 = SURFACE_STYLE_FILL_AREA ( #4443 ) ;
#2546 = ADVANCED_FACE ( 'NONE', ( #2562 ), #1736, .F. ) ;
#2547 = ORIENTED_EDGE ( 'NONE', *, *, #3224, .F. ) ;
#2548 = ORIENTED_EDGE ( 'NONE', *, *, #4143, .T. ) ;
#2549 = DIRECTION ( 'NONE',  ( -1.000000000000000000, 0.000000000000000000, 0.000000000000000000 ) ) ;
#2550 = VERTEX_POINT ( 'NONE', #326 ) ;
#2551 = AXIS2_PLACEMENT_3D ( 'NONE', #580, #2091, #1631 ) ;
#2552 = DIRECTION ( 'NONE',  ( 1.000000000000000000, 0.000000000000000000, 0.000000000000000000 ) ) ;
#2553 = VECTOR ( 'NONE', #514, 1000.000000000000000 ) ;
#2554 = ORIENTED_EDGE ( 'NONE', *, *, #3212, .T. ) ;
#2555 = FACE_OUTER_BOUND ( 'NONE', #4077, .T. ) ;
#2556 = CARTESIAN_POINT ( 'NONE',  ( 0.9499999999999998446, 0.1600000000000000033, -0.6099999999999999867 ) ) ;
#2557 = DIRECTION ( 'NONE',  ( 1.000000000000000000, 0.000000000000000000, 7.744301232039313723E-16 ) ) ;
#2558 = VECTOR ( 'NONE', #1950, 1000.000000000000000 ) ;
#2559 = VECTOR ( 'NONE', #2183, 1000.000000000000000 ) ;
#2560 = ORIENTED_EDGE ( 'NONE', *, *, #41, .F. ) ;
#2561 = VECTOR ( 'NONE', #1934, 1000.000000000000000 ) ;
#2562 = FACE_OUTER_BOUND ( 'NONE', #1855, .T. ) ;
#2563 = CARTESIAN_POINT ( 'NONE',  ( -1.349999999999998090, 0.1599999999999999756, -0.3900000000000000688 ) ) ;
#2564 = CARTESIAN_POINT ( 'NONE',  ( 0.3599999999999999867, 0.6482622246293484602, 1.299999999999999822 ) ) ;
#2565 = CARTESIAN_POINT ( 'NONE',  ( 0.3599999999999999867, 0.1599999999999999756, 1.299999999999999822 ) ) ;
#2566 = LINE ( 'NONE', #2270, #1352 ) ;
#2567 = ORIENTED_EDGE ( 'NONE', *, *, #1136, .T. ) ;
#2568 = PLANE ( 'NONE',  #2630 ) ;
#2569 = VECTOR ( 'NONE', #1999, 1000.000000000000000 ) ;
#2570 = EDGE_LOOP ( 'NONE', ( #1180, #26, #1504, #102 ) ) ;
#2571 = SURFACE_SIDE_STYLE ('',( #1495 ) ) ;
#2572 = ORIENTED_EDGE ( 'NONE', *, *, #4390, .T. ) ;
#2573 = EDGE_CURVE ( 'NONE', #1842, #4419, #2584, .T. ) ;
#2574 = DIRECTION ( 'NONE',  ( 1.000000000000000000, 0.000000000000000000, 3.872150616019658834E-16 ) ) ;
#2575 = EDGE_LOOP ( 'NONE', ( #156, #3549, #1943, #2040 ) ) ;
#2576 = DIRECTION ( 'NONE',  ( -1.000000000000000000, 0.000000000000000000, -0.000000000000000000 ) ) ;
#2577 = FACE_OUTER_BOUND ( 'NONE', #2326, .T. ) ;
#2578 = AXIS2_PLACEMENT_3D ( 'NONE', #3750, #3345, #1476 ) ;
#2579 = LINE ( 'NONE', #2207, #804 ) ;
#2580 = EDGE_CURVE ( 'NONE', #1867, #4931, #628, .T. ) ;
#2581 = VECTOR ( 'NONE', #1313, 1000.000000000000000 ) ;
#2582 = VERTEX_POINT ( 'NONE', #2141 ) ;
#2583 = DIRECTION ( 'NONE',  ( -1.000000000000000000, -0.000000000000000000, 7.744301232039313723E-16 ) ) ;
#2584 = LINE ( 'NONE', #4113, #1037 ) ;
#2585 = EDGE_CURVE ( 'NONE', #2941, #1421, #3662, .T. ) ;
#2586 = CARTESIAN_POINT ( 'NONE',  ( 0.1400000000000000411, 0.1599999999999999756, 1.300000000000002931 ) ) ;
#2587 = DIRECTION ( 'NONE',  ( -1.000000000000000000, -0.000000000000000000, -0.000000000000000000 ) ) ;
#2588 = EDGE_LOOP ( 'NONE', ( #648, #2129, #3422, #2023 ) ) ;
#2589 = PLANE ( 'NONE',  #2751 ) ;
#2590 = CARTESIAN_POINT ( 'NONE',  ( 0.9499999999999964029, 0.000000000000000000, 0.3900000000000000688 ) ) ;
#2591 = ORIENTED_EDGE ( 'NONE', *, *, #2673, .F. ) ;
#2592 = PLANE ( 'NONE',  #3590 ) ;
#2593 = ORIENTED_EDGE ( 'NONE', *, *, #1461, .F. ) ;
#2594 = VECTOR ( 'NONE', #4914, 1000.000000000000000 ) ;
#2595 = ORIENTED_EDGE ( 'NONE', *, *, #1324, .T. ) ;
#2596 = CARTESIAN_POINT ( 'NONE',  ( -0.7499999999999998890, 0.1600000000000000033, -0.6750000000000000444 ) ) ;
#2597 = VECTOR ( 'NONE', #3302, 1000.000000000000000 ) ;
#2598 = ORIENTED_EDGE ( 'NONE', *, *, #2148, .T. ) ;
#2599 = FACE_BOUND ( 'NONE', #4130, .T. ) ;
#2600 = VERTEX_POINT ( 'NONE', #3806 ) ;
#2601 =( LENGTH_UNIT ( ) NAMED_UNIT ( * ) SI_UNIT ( .MILLI., .METRE. ) );
#2602 = DIRECTION ( 'NONE',  ( -0.000000000000000000, -0.000000000000000000, 1.000000000000000000 ) ) ;
#2603 = PLANE ( 'NONE',  #4846 ) ;
#2604 = CARTESIAN_POINT ( 'NONE',  ( 0.1399999999999999301, 0.000000000000000000, 0.9000000000000030198 ) ) ;
#2605 = VECTOR ( 'NONE', #857, 1000.000000000000000 ) ;
#2606 = EDGE_LOOP ( 'NONE', ( #4925, #4148, #1739, #722 ) ) ;
#2607 = AXIS2_PLACEMENT_3D ( 'NONE', #1132, #720, #2334 ) ;
#2608 = VERTEX_POINT ( 'NONE', #1505 ) ;
#2609 = DIRECTION ( 'NONE',  ( 0.000000000000000000, -0.000000000000000000, 1.000000000000000000 ) ) ;
#2610 = EDGE_CURVE ( 'NONE', #4874, #998, #2284, .T. ) ;
#2611 = ADVANCED_FACE ( 'NONE', ( #4163 ), #818, .T. ) ;
#2612 = AXIS2_PLACEMENT_3D ( 'NONE', #1715, #2843, #4421 ) ;
#2613 = EDGE_CURVE ( 'NONE', #2963, #1087, #1359, .T. ) ;
#2614 = DIRECTION ( 'NONE',  ( -0.000000000000000000, -0.000000000000000000, 1.000000000000000000 ) ) ;
#2615 = LINE ( 'NONE', #4214, #4758 ) ;
#2616 = ORIENTED_EDGE ( 'NONE', *, *, #3401, .F. ) ;
#2617 = FACE_BOUND ( 'NONE', #4373, .T. ) ;
#2618 = LINE ( 'NONE', #2641, #2399 ) ;
#2619 = ORIENTED_EDGE ( 'NONE', *, *, #4632, .T. ) ;
#2620 = VERTEX_POINT ( 'NONE', #1856 ) ;
#2621 = ORIENTED_EDGE ( 'NONE', *, *, #699, .F. ) ;
#2622 = CARTESIAN_POINT ( 'NONE',  ( 0.9499999999999998446, 0.1600000000000000033, -0.6099999999999999867 ) ) ;
#2623 = ORIENTED_EDGE ( 'NONE', *, *, #4228, .T. ) ;
#2624 = LINE ( 'NONE', #784, #4499 ) ;
#2625 =( GEOMETRIC_REPRESENTATION_CONTEXT ( 3 ) GLOBAL_UNCERTAINTY_ASSIGNED_CONTEXT ( ( #3393 ) ) GLOBAL_UNIT_ASSIGNED_CONTEXT ( ( #1387, #3433, #2962 ) ) REPRESENTATION_CONTEXT ( 'NONE', 'WORKASPACE' ) );
#2626 = PLANE ( 'NONE',  #3535 ) ;
#2627 = ORIENTED_EDGE ( 'NONE', *, *, #2154, .F. ) ;
#2628 = DIRECTION ( 'NONE',  ( 1.000000000000000000, 0.000000000000000000, -7.744301232039316681E-16 ) ) ;
#2629 = DIRECTION ( 'NONE',  ( 0.000000000000000000, -1.000000000000000000, 0.000000000000000000 ) ) ;
#2630 = AXIS2_PLACEMENT_3D ( 'NONE', #794, #1213, #311 ) ;
#2631 = ORIENTED_EDGE ( 'NONE', *, *, #1567, .T. ) ;
#2632 = EDGE_LOOP ( 'NONE', ( #1020, #1150, #2293, #3850 ) ) ;
#2633 = CARTESIAN_POINT ( 'NONE',  ( -0.7499999999999998890, 0.1600000000000000033, -0.7500000000000000000 ) ) ;
#2634 = AXIS2_PLACEMENT_3D ( 'NONE', #3333, #456, #4865 ) ;
#2635 = VECTOR ( 'NONE', #1485, 1000.000000000000000 ) ;
#2636 = CARTESIAN_POINT ( 'NONE',  ( 1.349999999999999867, 0.6482622246293484602, -0.6099999999999999867 ) ) ;
#2637 = CARTESIAN_POINT ( 'NONE',  ( -1.349999999999999867, 0.1600000000000000033, -0.6099999999999999867 ) ) ;
#2638 = ORIENTED_EDGE ( 'NONE', *, *, #1076, .T. ) ;
#2639 = LINE ( 'NONE', #2347, #4074 ) ;
#2640 = ADVANCED_FACE ( 'NONE', ( #1904 ), #1955, .T. ) ;
#2641 = CARTESIAN_POINT ( 'NONE',  ( 1.449999999999999956, 0.9700000000000004174, -1.399999999999999689 ) ) ;
#2642 = EDGE_LOOP ( 'NONE', ( #1332, #4399, #802, #4513 ) ) ;
#2643 = CLOSED_SHELL ( 'NONE', ( #3772, #2357, #44, #2069, #3939, #1329 ) ) ;
#2644 = ORIENTED_EDGE ( 'NONE', *, *, #2979, .F. ) ;
#2645 = ORIENTED_EDGE ( 'NONE', *, *, #1803, .T. ) ;
#2646 = LINE ( 'NONE', #2596, #4123 ) ;
#2647 = COLOUR_RGB ( '',0.7921568627450980005, 0.8196078431372548767, 0.9333333333333333481 ) ;
#2648 = AXIS2_PLACEMENT_3D ( 'NONE', #4666, #1609, #3809 ) ;
#2649 = ORIENTED_EDGE ( 'NONE', *, *, #629, .T. ) ;
#2650 = UNCERTAINTY_MEASURE_WITH_UNIT (LENGTH_MEASURE( 1.000000000000000082E-05 ), #2391, 'distance_accuracy_value', 'NONE');
#2651 = DIRECTION ( 'NONE',  ( -1.000000000000000000, 0.000000000000000000, -0.000000000000000000 ) ) ;
#2652 = ORIENTED_EDGE ( 'NONE', *, *, #2095, .T. ) ;
#2653 = CARTESIAN_POINT ( 'NONE',  ( 0.3599999999999999312, 0.000000000000000000, 0.8999999999999994671 ) ) ;
#2654 = CARTESIAN_POINT ( 'NONE',  ( 0.3599999999999999867, 0.000000000000000000, 1.299999999999999822 ) ) ;
#2655 = MECHANICAL_DESIGN_GEOMETRIC_PRESENTATION_REPRESENTATION (  '', ( #523 ), #2020 ) ;
#2656 = LINE ( 'NONE', #3026, #4631 ) ;
#2657 =( GEOMETRIC_REPRESENTATION_CONTEXT ( 3 ) GLOBAL_UNCERTAINTY_ASSIGNED_CONTEXT ( ( #4900 ) ) GLOBAL_UNIT_ASSIGNED_CONTEXT ( ( #2601, #1847, #3723 ) ) REPRESENTATION_CONTEXT ( 'NONE', 'WORKASPACE' ) );
#2658 = ORIENTED_EDGE ( 'NONE', *, *, #429, .T. ) ;
#2659 = ORIENTED_EDGE ( 'NONE', *, *, #487, .F. ) ;
#2660 = DIRECTION ( 'NONE',  ( -1.000000000000000000, 0.000000000000000000, 1.495451272393799296E-16 ) ) ;
#2661 = DIRECTION ( 'NONE',  ( -2.710505431213761578E-16, -0.000000000000000000, 1.000000000000000000 ) ) ;
#2662 = EDGE_CURVE ( 'NONE', #2225, #78, #3476, .T. ) ;
#2663 = EDGE_LOOP ( 'NONE', ( #4192, #2238, #1161, #2525 ) ) ;
#2664 = DIRECTION ( 'NONE',  ( -0.000000000000000000, -0.000000000000000000, 1.000000000000000000 ) ) ;
#2665 = LINE ( 'NONE', #3708, #4388 ) ;
#2666 = ORIENTED_EDGE ( 'NONE', *, *, #4279, .T. ) ;
#2667 = ORIENTED_EDGE ( 'NONE', *, *, #2791, .T. ) ;
#2668 = ORIENTED_EDGE ( 'NONE', *, *, #914, .T. ) ;
#2669 = CARTESIAN_POINT ( 'NONE',  ( -0.1400000000000000411, 0.6482622246293484602, 1.300000000000003153 ) ) ;
#2670 = ADVANCED_FACE ( 'NONE', ( #724 ), #69, .F. ) ;
#2671 = CARTESIAN_POINT ( 'NONE',  ( 0.9499999999999981792, 0.6482622246293484602, -0.1099999999999999589 ) ) ;
#2672 = EDGE_LOOP ( 'NONE', ( #3531, #2328, #3081, #1886 ) ) ;
#2673 = EDGE_CURVE ( 'NONE', #2050, #3435, #3107, .T. ) ;
#2674 = SURFACE_STYLE_USAGE ( .BOTH. , #30 ) ;
#2675 = ORIENTED_EDGE ( 'NONE', *, *, #2470, .F. ) ;
#2676 = DIRECTION ( 'NONE',  ( -1.355252715606879556E-16, -0.000000000000000000, -1.000000000000000000 ) ) ;
#2677 = CARTESIAN_POINT ( 'NONE',  ( 1.349999999999998090, 0.1600000000000000033, -0.1099999999999999589 ) ) ;
#2678 = ADVANCED_FACE ( 'NONE', ( #4911 ), #3831, .F. ) ;
#2679 = CARTESIAN_POINT ( 'NONE',  ( -1.212966224413917438, 0.9699999999999999734, -1.166255723846428172 ) ) ;
#2680 = DIRECTION ( 'NONE',  ( 0.000000000000000000, -1.000000000000000000, 0.000000000000000000 ) ) ;
#2681 = VECTOR ( 'NONE', #2071, 1000.000000000000000 ) ;
#2682 = CARTESIAN_POINT ( 'NONE',  ( 1.349999999999994760, 0.6482622246293484602, 0.8900000000000000133 ) ) ;
#2683 = ORIENTED_EDGE ( 'NONE', *, *, #1419, .F. ) ;
#2684 = CARTESIAN_POINT ( 'NONE',  ( 1.349999999999999867, 0.000000000000000000, -0.8900000000000000133 ) ) ;
#2685 = ORIENTED_EDGE ( 'NONE', *, *, #4244, .T. ) ;
#2686 = CARTESIAN_POINT ( 'NONE',  ( -0.7499999999999998890, 0.1600000000000000033, -0.7500000000000000000 ) ) ;
#2687 = MECHANICAL_DESIGN_GEOMETRIC_PRESENTATION_REPRESENTATION (  '', ( #4047 ), #140 ) ;
#2688 = PLANE ( 'NONE',  #2000 ) ;
#2689 = AXIS2_PLACEMENT_3D ( 'NONE', #744, #33, #811 ) ;
#2690 = DIRECTION ( 'NONE',  ( 0.000000000000000000, 0.000000000000000000, 1.000000000000000000 ) ) ;
#2691 = VECTOR ( 'NONE', #2376, 1000.000000000000000 ) ;
#2692 = CARTESIAN_POINT ( 'NONE',  ( -0.6400000000000001243, 0.000000000000000000, -0.9000000000000063505 ) ) ;
#2693 = LINE ( 'NONE', #1216, #3995 ) ;
#2694 = CARTESIAN_POINT ( 'NONE',  ( -0.1400000000000000966, 0.1599999999999999756, 0.9000000000000029088 ) ) ;
#2695 = ORIENTED_EDGE ( 'NONE', *, *, #1472, .F. ) ;
#2696 = CARTESIAN_POINT ( 'NONE',  ( -0.9499999999999948486, 0.000000000000000000, 0.8900000000000000133 ) ) ;
#2697 = EDGE_CURVE ( 'NONE', #4326, #1455, #4211, .T. ) ;
#2698 = ORIENTED_EDGE ( 'NONE', *, *, #3491, .T. ) ;
#2699 = ORIENTED_EDGE ( 'NONE', *, *, #1530, .T. ) ;
#2700 = CARTESIAN_POINT ( 'NONE',  ( -1.212966224413917438, 0.9699999999999999734, -1.166255723846428172 ) ) ;
#2701 = EDGE_CURVE ( 'NONE', #78, #998, #3425, .T. ) ;
#2702 = CARTESIAN_POINT ( 'NONE',  ( 1.349999999999999867, 0.000000000000000000, -0.6099999999999999867 ) ) ;
#2703 = FILL_AREA_STYLE ('',( #4625 ) ) ;
#2704 = ORIENTED_EDGE ( 'NONE', *, *, #4629, .F. ) ;
#2705 = DIRECTION ( 'NONE',  ( -0.000000000000000000, -1.000000000000000000, -0.000000000000000000 ) ) ;
#2706 = DIRECTION ( 'NONE',  ( 1.000000000000000000, 0.000000000000000000, 7.744301232039315695E-16 ) ) ;
#2707 = EDGE_CURVE ( 'NONE', #15, #3906, #2267, .T. ) ;
#2708 = CARTESIAN_POINT ( 'NONE',  ( 1.449999999999999956, 0.000000000000000000, 1.400000000000000133 ) ) ;
#2709 = VERTEX_POINT ( 'NONE', #2239 ) ;
#2710 = FACE_BOUND ( 'NONE', #856, .T. ) ;
#2711 = ORIENTED_EDGE ( 'NONE', *, *, #3558, .F. ) ;
#2712 = DIRECTION ( 'NONE',  ( 1.000000000000000000, 0.000000000000000000, 0.000000000000000000 ) ) ;
#2713 = CARTESIAN_POINT ( 'NONE',  ( -0.3600000000000000977, 0.000000000000000000, 0.9000000000000064615 ) ) ;
#2714 = CARTESIAN_POINT ( 'NONE',  ( -0.6400000000000000133, 0.1600000000000000033, -1.300000000000006706 ) ) ;
#2715 = AXIS2_PLACEMENT_3D ( 'NONE', #1071, #1957, #2313 ) ;
#2716 = DIRECTION ( 'NONE',  ( -1.000000000000000000, 0.000000000000000000, 0.000000000000000000 ) ) ;
#2717 = DIRECTION ( 'NONE',  ( 0.000000000000000000, 1.000000000000000000, -0.000000000000000000 ) ) ;
#2718 = AXIS2_PLACEMENT_3D ( 'NONE', #1533, #3014, #3482 ) ;
#2719 = LINE ( 'NONE', #4243, #3429 ) ;
#2720 = CARTESIAN_POINT ( 'NONE',  ( -0.9499999999999981792, 0.1600000000000000033, -0.1099999999999999589 ) ) ;
#2721 = ORIENTED_EDGE ( 'NONE', *, *, #4893, .T. ) ;
#2722 = EDGE_LOOP ( 'NONE', ( #773, #3448, #4626, #3607 ) ) ;
#2723 = SURFACE_SIDE_STYLE ('',( #1618 ) ) ;
#2724 = CARTESIAN_POINT ( 'NONE',  ( 0.9499999999999981792, 0.1600000000000000033, -0.3900000000000000688 ) ) ;
#2725 = VERTEX_POINT ( 'NONE', #16 ) ;
#2726 = CARTESIAN_POINT ( 'NONE',  ( -0.9499999999999998446, 0.1600000000000000033, -0.8900000000000000133 ) ) ;
#2727 = DIRECTION ( 'NONE',  ( 0.000000000000000000, 1.000000000000000000, -0.000000000000000000 ) ) ;
#2728 = CARTESIAN_POINT ( 'NONE',  ( -0.6400000000000000133, 0.1599999999999999756, -1.300000000000006706 ) ) ;
#2729 = EDGE_CURVE ( 'NONE', #4931, #4348, #3783, .T. ) ;
#2730 = EDGE_CURVE ( 'NONE', #2209, #787, #3758, .T. ) ;
#2731 = ORIENTED_EDGE ( 'NONE', *, *, #3221, .T. ) ;
#2732 = FACE_BOUND ( 'NONE', #4334, .T. ) ;
#2733 = DIRECTION ( 'NONE',  ( 1.000000000000000000, -0.000000000000000000, 0.000000000000000000 ) ) ;
#2734 = VECTOR ( 'NONE', #956, 1000.000000000000000 ) ;
#2735 = VERTEX_POINT ( 'NONE', #1551 ) ;
#2736 = FACE_OUTER_BOUND ( 'NONE', #236, .T. ) ;
#2737 = CARTESIAN_POINT ( 'NONE',  ( -0.1400000000000000411, 0.6482622246293484602, -1.300000000000003153 ) ) ;
#2738 = EDGE_CURVE ( 'NONE', #835, #3029, #4540, .T. ) ;
#2739 = ADVANCED_FACE ( 'NONE', ( #770 ), #4585, .T. ) ;
#2740 = PRODUCT_RELATED_PRODUCT_CATEGORY ( 'part', '', ( #2223 ) ) ;
#2741 = CARTESIAN_POINT ( 'NONE',  ( 0.3599999999999999867, 0.000000000000000000, -1.299999999999999822 ) ) ;
#2742 = PLANE ( 'NONE',  #2718 ) ;
#2743 = PLANE ( 'NONE',  #3197 ) ;
#2744 = VECTOR ( 'NONE', #2333, 1000.000000000000000 ) ;
#2745 = EDGE_CURVE ( 'NONE', #3539, #2784, #2311, .T. ) ;
#2746 = PLANE ( 'NONE',  #3087 ) ;
#2747 = VECTOR ( 'NONE', #4646, 1000.000000000000000 ) ;
#2748 = CARTESIAN_POINT ( 'NONE',  ( -0.9499999999999998446, 0.6482622246293484602, -0.6099999999999999867 ) ) ;
#2749 = ORIENTED_EDGE ( 'NONE', *, *, #4840, .F. ) ;
#2750 = ORIENTED_EDGE ( 'NONE', *, *, #4171, .T. ) ;
#2751 = AXIS2_PLACEMENT_3D ( 'NONE', #4793, #2219, #2936 ) ;
#2752 = CARTESIAN_POINT ( 'NONE',  ( 0.3599999999999999312, 0.1600000000000000033, -0.8999999999999994671 ) ) ;
#2753 = ORIENTED_EDGE ( 'NONE', *, *, #4756, .F. ) ;
#2754 = DIRECTION ( 'NONE',  ( 1.000000000000000000, 0.000000000000000000, -1.495451272393799296E-16 ) ) ;
#2755 = CARTESIAN_POINT ( 'NONE',  ( 0.000000000000000000, 0.1600000000000000033, 0.000000000000000000 ) ) ;
#2756 = EDGE_CURVE ( 'NONE', #3911, #4931, #2090, .T. ) ;
#2757 = ORIENTED_EDGE ( 'NONE', *, *, #3391, .F. ) ;
#2758 = CARTESIAN_POINT ( 'NONE',  ( -1.349999999999996314, 0.000000000000000000, 0.3900000000000000688 ) ) ;
#2759 = LINE ( 'NONE', #2783, #3322 ) ;
#2760 = EDGE_LOOP ( 'NONE', ( #3137, #3922, #2683, #50 ) ) ;
#2761 = CARTESIAN_POINT ( 'NONE',  ( 0.9499999999999964029, 0.000000000000000000, 0.1099999999999999589 ) ) ;
#2762 = COLOUR_RGB ( '',0.7921568627450980005, 0.8196078431372548767, 0.9333333333333333481 ) ;
#2763 = CARTESIAN_POINT ( 'NONE',  ( -1.349999999999999867, 0.1600000000000000033, -0.8900000000000000133 ) ) ;
#2764 = DIRECTION ( 'NONE',  ( 0.000000000000000000, 0.000000000000000000, -1.000000000000000000 ) ) ;
#2765 = LINE ( 'NONE', #4291, #2164 ) ;
#2766 = VECTOR ( 'NONE', #1443, 1000.000000000000000 ) ;
#2767 = EDGE_CURVE ( 'NONE', #3780, #3371, #484, .T. ) ;
#2768 = FACE_OUTER_BOUND ( 'NONE', #2606, .T. ) ;
#2769 = VERTEX_POINT ( 'NONE', #2761 ) ;
#2770 = DIRECTION ( 'NONE',  ( 1.000000000000000000, 0.000000000000000000, -7.744301232039316681E-16 ) ) ;
#2771 = CARTESIAN_POINT ( 'NONE',  ( 0.9499999999999964029, 0.1600000000000000033, 0.1099999999999999589 ) ) ;
#2772 = ORIENTED_EDGE ( 'NONE', *, *, #365, .F. ) ;
#2773 = LINE ( 'NONE', #2278, #1771 ) ;
#2774 = ORIENTED_EDGE ( 'NONE', *, *, #4476, .F. ) ;
#2775 = CARTESIAN_POINT ( 'NONE',  ( 0.9499999999999948486, 0.000000000000000000, 0.6099999999999999867 ) ) ;
#2776 = COLOUR_RGB ( '',0.3411764705882353033, 0.8392156862745098200, 0.4117647058823529216 ) ;
#2777 = DIRECTION ( 'NONE',  ( -0.000000000000000000, 0.000000000000000000, -1.000000000000000000 ) ) ;
#2778 = ORIENTED_EDGE ( 'NONE', *, *, #4244, .F. ) ;
#2779 = DIRECTION ( 'NONE',  ( 1.000000000000000000, 0.000000000000000000, 0.000000000000000000 ) ) ;
#2780 = CARTESIAN_POINT ( 'NONE',  ( 0.1400000000000000411, 0.000000000000000000, 1.300000000000002931 ) ) ;
#2781 = ORIENTED_EDGE ( 'NONE', *, *, #2469, .T. ) ;
#2782 = FACE_BOUND ( 'NONE', #1587, .T. ) ;
#2783 = CARTESIAN_POINT ( 'NONE',  ( 1.349999999999994760, 0.1600000000000000033, 0.6099999999999999867 ) ) ;
#2784 = VERTEX_POINT ( 'NONE', #3130 ) ;
#2785 = DIRECTION ( 'NONE',  ( -1.000000000000000000, 0.000000000000000000, 0.000000000000000000 ) ) ;
#2786 = DIRECTION ( 'NONE',  ( -0.000000000000000000, -0.000000000000000000, 1.000000000000000000 ) ) ;
#2787 = CARTESIAN_POINT ( 'NONE',  ( 0.6400000000000000133, 0.000000000000000000, 1.299999999999999600 ) ) ;
#2788 = CARTESIAN_POINT ( 'NONE',  ( -0.6400000000000001243, 0.000000000000000000, -0.9000000000000063505 ) ) ;
#2789 = AXIS2_PLACEMENT_3D ( 'NONE', #4098, #4493, #4613 ) ;
#2790 = VECTOR ( 'NONE', #281, 1000.000000000000000 ) ;
#2791 = EDGE_CURVE ( 'NONE', #3344, #1174, #941, .T. ) ;
#2792 = ORIENTED_EDGE ( 'NONE', *, *, #4644, .F. ) ;
#2793 = DIRECTION ( 'NONE',  ( -2.710505431213761578E-16, -0.000000000000000000, 1.000000000000000000 ) ) ;
#2794 = CARTESIAN_POINT ( 'NONE',  ( -0.6400000000000001243, 0.000000000000000000, 0.9000000000000063505 ) ) ;
#2795 = ORIENTED_EDGE ( 'NONE', *, *, #4644, .T. ) ;
#2796 = VERTEX_POINT ( 'NONE', #1211 ) ;
#2797 =( NAMED_UNIT ( * ) PLANE_ANGLE_UNIT ( ) SI_UNIT ( $, .RADIAN. ) );
#2798 = LINE ( 'NONE', #4329, #3362 ) ;
#2799 = VECTOR ( 'NONE', #3445, 1000.000000000000000 ) ;
#2800 = AXIS2_PLACEMENT_3D ( 'NONE', #1929, #793, #3449 ) ;
#2801 = EDGE_CURVE ( 'NONE', #2550, #792, #197, .T. ) ;
#2802 = UNCERTAINTY_MEASURE_WITH_UNIT (LENGTH_MEASURE( 1.000000000000000082E-05 ), #601, 'distance_accuracy_value', 'NONE');
#2803 = CARTESIAN_POINT ( 'NONE',  ( -1.349999999999998090, 0.000000000000000000, -0.3900000000000000688 ) ) ;
#2804 = AXIS2_PLACEMENT_3D ( 'NONE', #3490, #832, #3875 ) ;
#2805 = DIRECTION ( 'NONE',  ( 0.000000000000000000, 0.000000000000000000, 1.000000000000000000 ) ) ;
#2806 = VERTEX_POINT ( 'NONE', #2445 ) ;
#2807 = DIRECTION ( 'NONE',  ( -1.000000000000000000, 0.000000000000000000, 0.000000000000000000 ) ) ;
#2808 = DIRECTION ( 'NONE',  ( -2.710505431213761578E-16, -0.000000000000000000, 1.000000000000000000 ) ) ;
#2809 = ORIENTED_EDGE ( 'NONE', *, *, #3458, .F. ) ;
#2810 = LINE ( 'NONE', #4335, #4851 ) ;
#2811 = ORIENTED_EDGE ( 'NONE', *, *, #2507, .T. ) ;
#2812 = DIRECTION ( 'NONE',  ( 0.000000000000000000, 0.000000000000000000, 1.000000000000000000 ) ) ;
#2813 = DIRECTION ( 'NONE',  ( 0.000000000000000000, -1.000000000000000000, 0.000000000000000000 ) ) ;
#2814 = ADVANCED_FACE ( 'NONE', ( #3913 ), #4286, .F. ) ;
#2815 = LINE ( 'NONE', #3643, #1134 ) ;
#2816 = LINE ( 'NONE', #1262, #2553 ) ;
#2817 = ORIENTED_EDGE ( 'NONE', *, *, #1271, .T. ) ;
#2818 = LINE ( 'NONE', #2432, #2681 ) ;
#2819 = ORIENTED_EDGE ( 'NONE', *, *, #2162, .T. ) ;
#2820 = LINE ( 'NONE', #2653, #3051 ) ;
#2821 = VERTEX_POINT ( 'NONE', #1654 ) ;
#2822 = AXIS2_PLACEMENT_3D ( 'NONE', #3, #1521, #1151 ) ;
#2823 = EDGE_CURVE ( 'NONE', #2821, #3116, #3986, .T. ) ;
#2824 = EDGE_LOOP ( 'NONE', ( #4647, #3830, #466, #4792 ) ) ;
#2825 = CARTESIAN_POINT ( 'NONE',  ( 0.1399999999999999301, 0.1599999999999999756, -0.9000000000000030198 ) ) ;
#2826 = DIRECTION ( 'NONE',  ( 2.710505431213759113E-16, 0.000000000000000000, -1.000000000000000000 ) ) ;
#2827 = EDGE_CURVE ( 'NONE', #1195, #2821, #889, .T. ) ;
#2828 = EDGE_CURVE ( 'NONE', #3364, #3316, #1235, .T. ) ;
#2829 = EDGE_LOOP ( 'NONE', ( #273, #954, #769, #3657 ) ) ;
#2830 = CARTESIAN_POINT ( 'NONE',  ( 1.449999999999999956, 0.9700000000000004174, 1.400000000000000133 ) ) ;
#2831 = ADVANCED_FACE ( 'NONE', ( #2736 ), #3608, .T. ) ;
#2832 = EDGE_LOOP ( 'NONE', ( #2107, #3247, #4527, #3715 ) ) ;
#2833 = DIRECTION ( 'NONE',  ( -2.710505431213761578E-16, 0.000000000000000000, -1.000000000000000000 ) ) ;
#2834 = LINE ( 'NONE', #2492, #89 ) ;
#2835 = LINE ( 'NONE', #3968, #4407 ) ;
#2836 = CARTESIAN_POINT ( 'NONE',  ( -0.7499999999999998890, 0.000000000000000000, -0.7500000000000000000 ) ) ;
#2837 = EDGE_CURVE ( 'NONE', #2209, #3539, #3503, .T. ) ;
#2838 = VECTOR ( 'NONE', #743, 1000.000000000000000 ) ;
#2839 = VECTOR ( 'NONE', #772, 1000.000000000000000 ) ;
#2840 = CARTESIAN_POINT ( 'NONE',  ( 0.1400000000000000411, 0.1600000000000000033, -1.300000000000002931 ) ) ;
#2841 = VERTEX_POINT ( 'NONE', #95 ) ;
#2842 = DIRECTION ( 'NONE',  ( -0.000000000000000000, -1.000000000000000000, -0.000000000000000000 ) ) ;
#2843 = DIRECTION ( 'NONE',  ( -0.000000000000000000, 0.000000000000000000, -1.000000000000000000 ) ) ;
#2844 = EDGE_LOOP ( 'NONE', ( #3738, #1982 ) ) ;
#2845 = CARTESIAN_POINT ( 'NONE',  ( -1.349999999999994760, 0.1600000000000000033, 0.8900000000000000133 ) ) ;
#2846 = VECTOR ( 'NONE', #901, 1000.000000000000000 ) ;
#2847 = ADVANCED_FACE ( 'NONE', ( #2366 ), #3177, .T. ) ;
#2848 = AXIS2_PLACEMENT_3D ( 'NONE', #115, #1625, #1671 ) ;
#2849 = CARTESIAN_POINT ( 'NONE',  ( 1.349999999999998090, 0.1599999999999999756, -0.1099999999999999589 ) ) ;
#2850 = AXIS2_PLACEMENT_3D ( 'NONE', #136, #1648, #2805 ) ;
#2851 = ORIENTED_EDGE ( 'NONE', *, *, #4529, .F. ) ;
#2852 = DIRECTION ( 'NONE',  ( -0.000000000000000000, -1.000000000000000000, -0.000000000000000000 ) ) ;
#2853 = LINE ( 'NONE', #3276, #4037 ) ;
#2854 = ORIENTED_EDGE ( 'NONE', *, *, #2756, .T. ) ;
#2855 = CARTESIAN_POINT ( 'NONE',  ( -0.1400000000000000411, 0.1600000000000000033, 1.300000000000003153 ) ) ;
#2856 = ADVANCED_FACE ( 'NONE', ( #4660 ), #2393, .T. ) ;
#2857 = ORIENTED_EDGE ( 'NONE', *, *, #1061, .F. ) ;
#2858 = DIRECTION ( 'NONE',  ( -1.000000000000000000, -0.000000000000000000, -0.000000000000000000 ) ) ;
#2859 = CARTESIAN_POINT ( 'NONE',  ( -0.3600000000000000977, 0.1599999999999999756, 0.9000000000000064615 ) ) ;
#2860 = ADVANCED_FACE ( 'NONE', ( #4688 ), #170, .F. ) ;
#2861 = DIRECTION ( 'NONE',  ( -1.000000000000000000, 0.000000000000000000, -0.000000000000000000 ) ) ;
#2862 = CARTESIAN_POINT ( 'NONE',  ( 0.000000000000000000, 0.000000000000000000, 0.000000000000000000 ) ) ;
#2863 = VECTOR ( 'NONE', #4935, 1000.000000000000000 ) ;
#2864 = PLANE ( 'NONE',  #2114 ) ;
#2865 = CARTESIAN_POINT ( 'NONE',  ( -0.6400000000000000133, 0.1599999999999999756, -1.300000000000006706 ) ) ;
#2866 = CARTESIAN_POINT ( 'NONE',  ( -0.3600000000000000977, 0.6482622246293484602, -0.9000000000000064615 ) ) ;
#2867 = ORIENTED_EDGE ( 'NONE', *, *, #2887, .T. ) ;
#2868 = FACE_BOUND ( 'NONE', #828, .T. ) ;
#2869 = ORIENTED_EDGE ( 'NONE', *, *, #1428, .T. ) ;
#2870 = DIRECTION ( 'NONE',  ( -0.000000000000000000, -0.000000000000000000, 1.000000000000000000 ) ) ;
#2871 = ADVANCED_FACE ( 'NONE', ( #533 ), #2041, .F. ) ;
#2872 = VECTOR ( 'NONE', #2557, 1000.000000000000000 ) ;
#2873 = ORIENTED_EDGE ( 'NONE', *, *, #1864, .T. ) ;
#2874 = DIRECTION ( 'NONE',  ( 0.000000000000000000, -0.000000000000000000, 1.000000000000000000 ) ) ;
#2875 = AXIS2_PLACEMENT_3D ( 'NONE', #2862, #3159, #2045 ) ;
#2876 = CARTESIAN_POINT ( 'NONE',  ( -0.7499999999999998890, 0.1599999999999999756, -0.7500000000000000000 ) ) ;
#2877 = ORIENTED_EDGE ( 'NONE', *, *, #1060, .T. ) ;
#2878 = DIRECTION ( 'NONE',  ( 0.000000000000000000, 0.000000000000000000, -1.000000000000000000 ) ) ;
#2879 = FILL_AREA_STYLE_COLOUR ( '', #1611 ) ;
#2880 = ORIENTED_EDGE ( 'NONE', *, *, #1146, .F. ) ;
#2881 = LINE ( 'NONE', #4412, #1830 ) ;
#2882 = CLOSED_SHELL ( 'NONE', ( #3988, #1382, #1070, #3770, #730, #4269, #2027, #2871, #1052 ) ) ;
#2883 = DIRECTION ( 'NONE',  ( 0.000000000000000000, -1.000000000000000000, 0.000000000000000000 ) ) ;
#2884 = FILL_AREA_STYLE_COLOUR ( '', #3522 ) ;
#2885 = LINE ( 'NONE', #607, #2946 ) ;
#2886 = AXIS2_PLACEMENT_3D ( 'NONE', #3259, #3233, #4814 ) ;
#2887 = EDGE_CURVE ( 'NONE', #4210, #3386, #4337, .T. ) ;
#2888 = EDGE_CURVE ( 'NONE', #3755, #3161, #1593, .T. ) ;
#2889 = DIRECTION ( 'NONE',  ( 2.710505431213761578E-16, 0.000000000000000000, 1.000000000000000000 ) ) ;
#2890 = PLANE ( 'NONE',  #1068 ) ;
#2891 = ORIENTED_EDGE ( 'NONE', *, *, #3653, .T. ) ;
#2892 = DIRECTION ( 'NONE',  ( -0.000000000000000000, -1.000000000000000000, -0.000000000000000000 ) ) ;
#2893 = VECTOR ( 'NONE', #2543, 1000.000000000000000 ) ;
#2894 = SURFACE_SIDE_STYLE ('',( #1689 ) ) ;
#2895 = EDGE_LOOP ( 'NONE', ( #4555, #1520, #4772, #1415 ) ) ;
#2896 = LINE ( 'NONE', #3667, #4866 ) ;
#2897 = MECHANICAL_DESIGN_GEOMETRIC_PRESENTATION_REPRESENTATION (  '', ( #3533 ), #4801 ) ;
#2898 = PRESENTATION_LAYER_ASSIGNMENT (  '', '', ( #4176 ) ) ;
#2899 = VERTEX_POINT ( 'NONE', #4432 ) ;
#2900 = DIRECTION ( 'NONE',  ( -0.000000000000000000, 0.000000000000000000, 1.000000000000000000 ) ) ;
#2901 = DIRECTION ( 'NONE',  ( 0.000000000000000000, -1.000000000000000000, 0.000000000000000000 ) ) ;
#2902 = ORIENTED_EDGE ( 'NONE', *, *, #4663, .F. ) ;
#2903 = LINE ( 'NONE', #2113, #199 ) ;
#2904 = SURFACE_SIDE_STYLE ('',( #4056 ) ) ;
#2905 = ORIENTED_EDGE ( 'NONE', *, *, #1003, .T. ) ;
#2906 = CARTESIAN_POINT ( 'NONE',  ( 0.9499999999999964029, 0.1600000000000000033, 0.3900000000000000688 ) ) ;
#2907 = CARTESIAN_POINT ( 'NONE',  ( -0.7499999999999998890, 0.1600000000000000033, -0.6750000000000000444 ) ) ;
#2908 = EDGE_CURVE ( 'NONE', #3435, #4427, #1425, .T. ) ;
#2909 = DIRECTION ( 'NONE',  ( -0.000000000000000000, -0.000000000000000000, 1.000000000000000000 ) ) ;
#2910 = LINE ( 'NONE', #2447, #3121 ) ;
#2911 = CARTESIAN_POINT ( 'NONE',  ( 0.9499999999999998446, 0.1599999999999999756, -0.6099999999999999867 ) ) ;
#2912 = PLANE ( 'NONE',  #930 ) ;
#2913 = LINE ( 'NONE', #1809, #1163 ) ;
#2914 = DIRECTION ( 'NONE',  ( -1.000000000000000000, 0.000000000000000000, -1.355252715606879803E-16 ) ) ;
#2915 = DIRECTION ( 'NONE',  ( -1.000000000000000000, 0.000000000000000000, 0.000000000000000000 ) ) ;
#2916 = EDGE_LOOP ( 'NONE', ( #2149, #840, #68, #1196 ) ) ;
#2917 = CARTESIAN_POINT ( 'NONE',  ( -0.7499999999999998890, 0.6482622246293484602, -0.8249999999999999556 ) ) ;
#2918 = EDGE_CURVE ( 'NONE', #162, #3722, #2206, .T. ) ;
#2919 = AXIS2_PLACEMENT_3D ( 'NONE', #1725, #3250, #4780 ) ;
#2920 = ORIENTED_EDGE ( 'NONE', *, *, #543, .F. ) ;
#2921 = PRESENTATION_LAYER_ASSIGNMENT (  '', '', ( #1169 ) ) ;
#2922 = VERTEX_POINT ( 'NONE', #1779 ) ;
#2923 = DIRECTION ( 'NONE',  ( 2.710505431213761578E-16, 0.000000000000000000, 1.000000000000000000 ) ) ;
#2924 = AXIS2_PLACEMENT_3D ( 'NONE', #2460, #2727, #2360 ) ;
#2925 = EDGE_LOOP ( 'NONE', ( #2134, #264, #1034, #3951 ) ) ;
#2926 = VECTOR ( 'NONE', #3299, 1000.000000000000000 ) ;
#2927 = LINE ( 'NONE', #1394, #782 ) ;
#2928 = ORIENTED_EDGE ( 'NONE', *, *, #1843, .T. ) ;
#2929 = CARTESIAN_POINT ( 'NONE',  ( -1.212966224413917438, 0.9699999999999999734, -1.166255723846428172 ) ) ;
#2930 = CARTESIAN_POINT ( 'NONE',  ( 0.9499999999999964029, 0.1599999999999999756, 0.3900000000000000688 ) ) ;
#2931 = ORIENTED_EDGE ( 'NONE', *, *, #4301, .F. ) ;
#2932 = CARTESIAN_POINT ( 'NONE',  ( -0.9499999999999948486, 0.1600000000000000033, 0.6099999999999999867 ) ) ;
#2933 = ADVANCED_FACE ( 'NONE', ( #3725 ), #1799, .T. ) ;
#2934 = CARTESIAN_POINT ( 'NONE',  ( -0.1400000000000000966, 0.6482622246293484602, -0.9000000000000029088 ) ) ;
#2935 = DIRECTION ( 'NONE',  ( 0.000000000000000000, 1.000000000000000000, -0.000000000000000000 ) ) ;
#2936 = DIRECTION ( 'NONE',  ( -1.000000000000000000, 0.000000000000000000, -3.872150616019658341E-16 ) ) ;
#2937 = ORIENTED_EDGE ( 'NONE', *, *, #1496, .F. ) ;
#2938 = DIRECTION ( 'NONE',  ( 1.000000000000000000, 0.000000000000000000, -3.872150616019658834E-16 ) ) ;
#2939 = ADVANCED_FACE ( 'NONE', ( #2160 ), #3658, .F. ) ;
#2940 = VERTEX_POINT ( 'NONE', #1014 ) ;
#2941 = VERTEX_POINT ( 'NONE', #669 ) ;
#2942 = LINE ( 'NONE', #958, #3970 ) ;
#2943 = ADVANCED_FACE ( 'NONE', ( #3324 ), #2536, .F. ) ;
#2944 = VERTEX_POINT ( 'NONE', #3256 ) ;
#2945 = MECHANICAL_DESIGN_GEOMETRIC_PRESENTATION_REPRESENTATION (  '', ( #4287 ), #733 ) ;
#2946 = VECTOR ( 'NONE', #2956, 1000.000000000000000 ) ;
#2947 = DIRECTION ( 'NONE',  ( -1.000000000000000000, 0.000000000000000000, -0.000000000000000000 ) ) ;
#2948 = VERTEX_POINT ( 'NONE', #3640 ) ;
#2949 = CARTESIAN_POINT ( 'NONE',  ( 1.349999999999998090, 0.000000000000000000, -0.1099999999999999589 ) ) ;
#2950 = LINE ( 'NONE', #4483, #172 ) ;
#2951 = VECTOR ( 'NONE', #1007, 1000.000000000000000 ) ;
#2952 = EDGE_CURVE ( 'NONE', #3442, #1716, #2881, .T. ) ;
#2953 = AXIS2_PLACEMENT_3D ( 'NONE', #4262, #2423, #2785 ) ;
#2954 = ORIENTED_EDGE ( 'NONE', *, *, #2336, .F. ) ;
#2955 = VECTOR ( 'NONE', #3237, 1000.000000000000000 ) ;
#2956 = DIRECTION ( 'NONE',  ( 1.000000000000000000, 0.000000000000000000, 0.000000000000000000 ) ) ;
#2957 = EDGE_CURVE ( 'NONE', #1232, #3748, #646, .T. ) ;
#2958 = DIRECTION ( 'NONE',  ( 0.000000000000000000, -0.000000000000000000, 1.000000000000000000 ) ) ;
#2959 = FACE_OUTER_BOUND ( 'NONE', #778, .T. ) ;
#2960 = VERTEX_POINT ( 'NONE', #1056 ) ;
#2961 = DIRECTION ( 'NONE',  ( 0.000000000000000000, -0.000000000000000000, 1.000000000000000000 ) ) ;
#2962 =( NAMED_UNIT ( * ) SI_UNIT ( $, .STERADIAN. ) SOLID_ANGLE_UNIT ( ) );
#2963 = VERTEX_POINT ( 'NONE', #2907 ) ;
#2964 = DIRECTION ( 'NONE',  ( -1.000000000000000000, 0.000000000000000000, -0.000000000000000000 ) ) ;
#2965 = VECTOR ( 'NONE', #976, 1000.000000000000000 ) ;
#2966 = ORIENTED_EDGE ( 'NONE', *, *, #4105, .F. ) ;
#2967 = CARTESIAN_POINT ( 'NONE',  ( 0.3599999999999999867, 0.1600000000000000033, 1.299999999999999822 ) ) ;
#2968 = ORIENTED_EDGE ( 'NONE', *, *, #4818, .T. ) ;
#2969 = ADVANCED_FACE ( 'NONE', ( #248 ), #691, .T. ) ;
#2970 = DIRECTION ( 'NONE',  ( -1.000000000000000000, 0.000000000000000000, 0.000000000000000000 ) ) ;
#2971 = DIRECTION ( 'NONE',  ( -1.000000000000000000, -0.000000000000000000, 3.872150616019656862E-16 ) ) ;
#2972 = ORIENTED_EDGE ( 'NONE', *, *, #2203, .F. ) ;
#2973 = DIRECTION ( 'NONE',  ( -0.000000000000000000, -0.000000000000000000, 1.000000000000000000 ) ) ;
#2974 = CARTESIAN_POINT ( 'NONE',  ( 0.3599999999999999867, 0.1599999999999999756, -1.299999999999999822 ) ) ;
#2975 = AXIS2_PLACEMENT_3D ( 'NONE', #1028, #2532, #1730 ) ;
#2976 = ADVANCED_FACE ( 'NONE', ( #1753 ), #3678, .F. ) ;
#2977 = LINE ( 'NONE', #1823, #2872 ) ;
#2978 =( GEOMETRIC_REPRESENTATION_CONTEXT ( 3 ) GLOBAL_UNCERTAINTY_ASSIGNED_CONTEXT ( ( #159 ) ) GLOBAL_UNIT_ASSIGNED_CONTEXT ( ( #4223, #2124, #3147 ) ) REPRESENTATION_CONTEXT ( 'NONE', 'WORKASPACE' ) );
#2979 = EDGE_CURVE ( 'NONE', #2608, #2150, #1333, .T. ) ;
#2980 = FACE_OUTER_BOUND ( 'NONE', #4548, .T. ) ;
#2981 = AXIS2_PLACEMENT_3D ( 'NONE', #1738, #612, #4067 ) ;
#2982 = VERTEX_POINT ( 'NONE', #4833 ) ;
#2983 = VERTEX_POINT ( 'NONE', #2949 ) ;
#2984 = VECTOR ( 'NONE', #1318, 1000.000000000000000 ) ;
#2985 = CARTESIAN_POINT ( 'NONE',  ( -0.9499999999999948486, 0.6482622246293484602, 0.8900000000000000133 ) ) ;
#2986 = CARTESIAN_POINT ( 'NONE',  ( 0.9499999999999964029, 0.1600000000000000033, 0.3900000000000000688 ) ) ;
#2987 = DIRECTION ( 'NONE',  ( 1.355252715606879556E-16, 0.000000000000000000, -1.000000000000000000 ) ) ;
#2988 = ORIENTED_EDGE ( 'NONE', *, *, #1966, .T. ) ;
#2989 = LINE ( 'NONE', #1832, #3379 ) ;
#2990 = FACE_OUTER_BOUND ( 'NONE', #2405, .T. ) ;
#2991 = ORIENTED_EDGE ( 'NONE', *, *, #4139, .F. ) ;
#2992 = ADVANCED_FACE ( 'NONE', ( #2577 ), #1397, .T. ) ;
#2993 = FACE_OUTER_BOUND ( 'NONE', #4310, .T. ) ;
#2994 = ORIENTED_EDGE ( 'NONE', *, *, #3835, .F. ) ;
#2995 = AXIS2_PLACEMENT_3D ( 'NONE', #380, #431, #3480 ) ;
#2996 = VERTEX_POINT ( 'NONE', #4035 ) ;
#2997 = CIRCLE ( 'NONE', #4121, 0.1054322639199452849 ) ;
#2998 = VERTEX_POINT ( 'NONE', #4457 ) ;
#2999 = UNCERTAINTY_MEASURE_WITH_UNIT (LENGTH_MEASURE( 1.000000000000000082E-05 ), #4926, 'distance_accuracy_value', 'NONE');
#3000 = CARTESIAN_POINT ( 'NONE',  ( -0.9499999999999948486, 0.1600000000000000033, 0.8900000000000000133 ) ) ;
#3001 = CARTESIAN_POINT ( 'NONE',  ( -0.7499999999999998890, 0.000000000000000000, -0.7500000000000000000 ) ) ;
#3002 = ORIENTED_EDGE ( 'NONE', *, *, #2101, .T. ) ;
#3003 = DIRECTION ( 'NONE',  ( 1.000000000000000000, 0.000000000000000000, -2.710505431213761578E-16 ) ) ;
#3004 = DIRECTION ( 'NONE',  ( 1.000000000000000000, -0.000000000000000000, -0.000000000000000000 ) ) ;
#3005 = VECTOR ( 'NONE', #659, 1000.000000000000000 ) ;
#3006 = EDGE_CURVE ( 'NONE', #3762, #2453, #2138, .T. ) ;
#3007 = ORIENTED_EDGE ( 'NONE', *, *, #1807, .F. ) ;
#3008 = ORIENTED_EDGE ( 'NONE', *, *, #271, .T. ) ;
#3009 = CARTESIAN_POINT ( 'NONE',  ( -0.9499999999999998446, 0.1600000000000000033, -0.6099999999999999867 ) ) ;
#3010 = EDGE_CURVE ( 'NONE', #787, #2784, #4385, .T. ) ;
#3011 = PLANE ( 'NONE',  #467 ) ;
#3012 = CARTESIAN_POINT ( 'NONE',  ( 0.6399999999999999023, 0.1600000000000000033, 0.8999999999999995781 ) ) ;
#3013 = EDGE_LOOP ( 'NONE', ( #2867, #4705, #1781, #1499 ) ) ;
#3014 = DIRECTION ( 'NONE',  ( 1.000000000000000000, 0.000000000000000000, 2.710505431213761578E-16 ) ) ;
#3015 = LINE ( 'NONE', #1910, #3498 ) ;
#3016 = ORIENTED_EDGE ( 'NONE', *, *, #4347, .F. ) ;
#3017 = ORIENTED_EDGE ( 'NONE', *, *, #11, .T. ) ;
#3018 = ORIENTED_EDGE ( 'NONE', *, *, #81, .T. ) ;
#3019 = LINE ( 'NONE', #4922, #627 ) ;
#3020 = EDGE_CURVE ( 'NONE', #4826, #4112, #3399, .T. ) ;
#3021 = ORIENTED_EDGE ( 'NONE', *, *, #4390, .F. ) ;
#3022 = CARTESIAN_POINT ( 'NONE',  ( -0.7499999999999998890, 0.1600000000000000033, -0.8249999999999999556 ) ) ;
#3023 = EDGE_LOOP ( 'NONE', ( #2659, #1787, #3962, #602 ) ) ;
#3024 = PRESENTATION_STYLE_ASSIGNMENT (( #2028 ) ) ;
#3025 = DIRECTION ( 'NONE',  ( 0.000000000000000000, -1.000000000000000000, 0.000000000000000000 ) ) ;
#3026 = CARTESIAN_POINT ( 'NONE',  ( -0.9499999999999948486, 0.000000000000000000, 0.6099999999999999867 ) ) ;
#3027 = ADVANCED_FACE ( 'NONE', ( #3075 ), #4156, .T. ) ;
#3028 = AXIS2_PLACEMENT_3D ( 'NONE', #2468, #3987, #1236 ) ;
#3029 = VERTEX_POINT ( 'NONE', #1501 ) ;
#3030 = ORIENTED_EDGE ( 'NONE', *, *, #763, .T. ) ;
#3031 = CARTESIAN_POINT ( 'NONE',  ( -1.349999999999994760, 0.6482622246293484602, 0.8900000000000000133 ) ) ;
#3032 = VECTOR ( 'NONE', #3981, 1000.000000000000000 ) ;
#3033 = VECTOR ( 'NONE', #893, 1000.000000000000000 ) ;
#3034 = AXIS2_PLACEMENT_3D ( 'NONE', #4207, #1900, #1853 ) ;
#3035 = DIRECTION ( 'NONE',  ( 1.000000000000000000, -0.000000000000000000, -0.000000000000000000 ) ) ;
#3036 = ADVANCED_FACE ( 'NONE', ( #4605 ), #396, .F. ) ;
#3037 = ORIENTED_EDGE ( 'NONE', *, *, #3589, .T. ) ;
#3038 = CARTESIAN_POINT ( 'NONE',  ( 0.3599999999999999312, 0.1599999999999999756, -0.8999999999999994671 ) ) ;
#3039 = DIRECTION ( 'NONE',  ( 2.710505431213759606E-16, 0.000000000000000000, 1.000000000000000000 ) ) ;
#3040 = ORIENTED_EDGE ( 'NONE', *, *, #4199, .T. ) ;
#3041 = EDGE_CURVE ( 'NONE', #1914, #492, #1822, .T. ) ;
#3042 = EDGE_CURVE ( 'NONE', #765, #151, #788, .T. ) ;
#3043 = EDGE_LOOP ( 'NONE', ( #1350, #3820, #4231, #1202 ) ) ;
#3044 = ORIENTED_EDGE ( 'NONE', *, *, #2701, .T. ) ;
#3045 = PLANE ( 'NONE',  #4197 ) ;
#3046 = ORIENTED_EDGE ( 'NONE', *, *, #1580, .F. ) ;
#3047 = FACE_OUTER_BOUND ( 'NONE', #3879, .T. ) ;
#3048 = ORIENTED_EDGE ( 'NONE', *, *, #4174, .T. ) ;
#3049 = CARTESIAN_POINT ( 'NONE',  ( 0.3599999999999999312, 0.1600000000000000033, 0.8999999999999994671 ) ) ;
#3050 = CARTESIAN_POINT ( 'NONE',  ( 0.6400000000000000133, 0.000000000000000000, 1.299999999999999600 ) ) ;
#3051 = VECTOR ( 'NONE', #2676, 1000.000000000000000 ) ;
#3052 = AXIS2_PLACEMENT_3D ( 'NONE', #1011, #1331, #2947 ) ;
#3053 = ORIENTED_EDGE ( 'NONE', *, *, #2384, .T. ) ;
#3054 = CARTESIAN_POINT ( 'NONE',  ( -1.212966224413917438, 0.9699999999999999734, -1.166255723846428172 ) ) ;
#3055 = ORIENTED_EDGE ( 'NONE', *, *, #451, .T. ) ;
#3056 = DIRECTION ( 'NONE',  ( -0.000000000000000000, -1.000000000000000000, -0.000000000000000000 ) ) ;
#3057 = CARTESIAN_POINT ( 'NONE',  ( 0.1400000000000000411, 0.000000000000000000, -1.300000000000002931 ) ) ;
#3058 = LINE ( 'NONE', #4587, #4562 ) ;
#3059 = ADVANCED_FACE ( 'NONE', ( #4927 ), #1875, .F. ) ;
#3060 = CARTESIAN_POINT ( 'NONE',  ( -0.9499999999999998446, 0.1600000000000000033, -0.8900000000000000133 ) ) ;
#3061 = CARTESIAN_POINT ( 'NONE',  ( -0.9499999999999998446, 0.1600000000000000033, -0.6099999999999999867 ) ) ;
#3062 = ORIENTED_EDGE ( 'NONE', *, *, #149, .T. ) ;
#3063 = ADVANCED_FACE ( 'NONE', ( #4226 ), #1897, .F. ) ;
#3064 = DIRECTION ( 'NONE',  ( -1.000000000000000000, -0.000000000000000000, 7.744301232039313723E-16 ) ) ;
#3065 = ORIENTED_EDGE ( 'NONE', *, *, #3131, .F. ) ;
#3066 = ORIENTED_EDGE ( 'NONE', *, *, #1061, .T. ) ;
#3067 = DIRECTION ( 'NONE',  ( 0.000000000000000000, -1.000000000000000000, 0.000000000000000000 ) ) ;
#3068 = CARTESIAN_POINT ( 'NONE',  ( 1.349999999999996314, 0.1600000000000000033, 0.3900000000000000688 ) ) ;
#3069 = PLANE ( 'NONE',  #1405 ) ;
#3070 = DIRECTION ( 'NONE',  ( 1.000000000000000000, 0.000000000000000000, -3.872150616019657848E-16 ) ) ;
#3071 = SURFACE_SIDE_STYLE ('',( #1226 ) ) ;
#3072 = ORIENTED_EDGE ( 'NONE', *, *, #11, .F. ) ;
#3073 = SURFACE_SIDE_STYLE ('',( #1666 ) ) ;
#3074 = CARTESIAN_POINT ( 'NONE',  ( -0.9499999999999948486, 0.1600000000000000033, 0.8900000000000000133 ) ) ;
#3075 = FACE_OUTER_BOUND ( 'NONE', #3151, .T. ) ;
#3076 = CARTESIAN_POINT ( 'NONE',  ( 0.9499999999999981792, 0.1600000000000000033, -0.1099999999999999589 ) ) ;
#3077 = AXIS2_PLACEMENT_3D ( 'NONE', #4819, #3683, #4141 ) ;
#3078 = VECTOR ( 'NONE', #3974, 1000.000000000000000 ) ;
#3079 = ORIENTED_EDGE ( 'NONE', *, *, #204, .F. ) ;
#3080 = DIRECTION ( 'NONE',  ( 0.000000000000000000, 0.000000000000000000, -1.000000000000000000 ) ) ;
#3081 = ORIENTED_EDGE ( 'NONE', *, *, #4114, .T. ) ;
#3082 = DIRECTION ( 'NONE',  ( 0.000000000000000000, 0.000000000000000000, 1.000000000000000000 ) ) ;
#3083 = COLOUR_RGB ( '',0.7921568627450980005, 0.8196078431372548767, 0.9333333333333333481 ) ;
#3084 = PLANE ( 'NONE',  #4789 ) ;
#3085 = AXIS2_PLACEMENT_3D ( 'NONE', #4474, #4827, #2900 ) ;
#3086 = DIRECTION ( 'NONE',  ( 1.000000000000000000, 0.000000000000000000, 3.872150616019658341E-16 ) ) ;
#3087 = AXIS2_PLACEMENT_3D ( 'NONE', #3921, #3538, #4272 ) ;
#3088 = DIRECTION ( 'NONE',  ( 7.744301232039316681E-16, 0.000000000000000000, -1.000000000000000000 ) ) ;
#3089 = CARTESIAN_POINT ( 'NONE',  ( -0.9499999999999964029, 0.1600000000000000033, 0.3900000000000000688 ) ) ;
#3090 = CARTESIAN_POINT ( 'NONE',  ( -1.349999999999999867, 0.000000000000000000, -0.8900000000000000133 ) ) ;
#3091 = CARTESIAN_POINT ( 'NONE',  ( 0.3599999999999999312, 0.6482622246293484602, 0.8999999999999994671 ) ) ;
#3092 = ORIENTED_EDGE ( 'NONE', *, *, #1685, .F. ) ;
#3093 = VERTEX_POINT ( 'NONE', #2654 ) ;
#3094 = PRESENTATION_STYLE_ASSIGNMENT (( #3518 ) ) ;
#3095 = ADVANCED_FACE ( 'NONE', ( #3852 ), #3346, .F. ) ;
#3096 = EDGE_CURVE ( 'NONE', #1099, #2225, #1451, .T. ) ;
#3097 = LINE ( 'NONE', #1273, #3720 ) ;
#3098 = FACE_BOUND ( 'NONE', #1074, .T. ) ;
#3099 = ADVANCED_FACE ( 'NONE', ( #1083 ), #2603, .T. ) ;
#3100 = ORIENTED_EDGE ( 'NONE', *, *, #1299, .F. ) ;
#3101 = FACE_OUTER_BOUND ( 'NONE', #408, .T. ) ;
#3102 = LINE ( 'NONE', #1109, #4237 ) ;
#3103 = EDGE_CURVE ( 'NONE', #3459, #3140, #3417, .T. ) ;
#3104 = EDGE_LOOP ( 'NONE', ( #2644, #2699, #2387, #1813 ) ) ;
#3105 = DIRECTION ( 'NONE',  ( 1.000000000000000000, 0.000000000000000000, 7.744301232039313723E-16 ) ) ;
#3106 = ORIENTED_EDGE ( 'NONE', *, *, #1239, .F. ) ;
#3107 = LINE ( 'NONE', #3031, #1672 ) ;
#3108 = DIRECTION ( 'NONE',  ( 1.355252715606879803E-16, 0.000000000000000000, 1.000000000000000000 ) ) ;
#3109 = VECTOR ( 'NONE', #2446, 1000.000000000000000 ) ;
#3110 = FACE_OUTER_BOUND ( 'NONE', #2663, .T. ) ;
#3111 = LINE ( 'NONE', #2318, #2412 ) ;
#3112 = AXIS2_PLACEMENT_3D ( 'NONE', #1659, #176, #1312 ) ;
#3113 = CARTESIAN_POINT ( 'NONE',  ( -0.9499999999999998446, 0.1600000000000000033, -0.6099999999999999867 ) ) ;
#3114 = VECTOR ( 'NONE', #3585, 1000.000000000000000 ) ;
#3115 = CARTESIAN_POINT ( 'NONE',  ( -0.9499999999999981792, 0.1599999999999999756, -0.3900000000000000688 ) ) ;
#3116 = VERTEX_POINT ( 'NONE', #350 ) ;
#3117 = ADVANCED_FACE ( 'NONE', ( #2279 ), #1524, .T. ) ;
#3118 = CLOSED_SHELL ( 'NONE', ( #4218, #2992, #3099, #2546 ) ) ;
#3119 = VERTEX_POINT ( 'NONE', #3373 ) ;
#3120 = LINE ( 'NONE', #108, #4597 ) ;
#3121 = VECTOR ( 'NONE', #1658, 1000.000000000000000 ) ;
#3122 = LINE ( 'NONE', #1976, #2118 ) ;
#3123 = ORIENTED_EDGE ( 'NONE', *, *, #306, .T. ) ;
#3124 = CARTESIAN_POINT ( 'NONE',  ( 0.9499999999999981792, 0.000000000000000000, -0.3900000000000000688 ) ) ;
#3125 = CARTESIAN_POINT ( 'NONE',  ( 0.9499999999999981792, 0.6482622246293484602, -0.1099999999999999589 ) ) ;
#3126 = LINE ( 'NONE', #191, #2084 ) ;
#3127 = ORIENTED_EDGE ( 'NONE', *, *, #1905, .T. ) ;
#3128 = CARTESIAN_POINT ( 'NONE',  ( 0.1399999999999999301, 0.1600000000000000033, -0.9000000000000030198 ) ) ;
#3129 = ORIENTED_EDGE ( 'NONE', *, *, #1700, .F. ) ;
#3130 = CARTESIAN_POINT ( 'NONE',  ( -0.9499999999999998446, 0.000000000000000000, -0.8900000000000000133 ) ) ;
#3131 = EDGE_CURVE ( 'NONE', #1985, #4210, #1156, .T. ) ;
#3132 = DIRECTION ( 'NONE',  ( 0.000000000000000000, 0.000000000000000000, -1.000000000000000000 ) ) ;
#3133 = STYLED_ITEM ( 'NONE', ( #4410 ), #1893 ) ;
#3134 = PLANE ( 'NONE',  #4640 ) ;
#3135 = CARTESIAN_POINT ( 'NONE',  ( -0.7499999999999998890, 0.6482622246293484602, -0.7500000000000000000 ) ) ;
#3136 = PLANE ( 'NONE',  #710 ) ;
#3137 = ORIENTED_EDGE ( 'NONE', *, *, #698, .T. ) ;
#3138 = FACE_OUTER_BOUND ( 'NONE', #2137, .T. ) ;
#3139 = FACE_OUTER_BOUND ( 'NONE', #1792, .T. ) ;
#3140 = VERTEX_POINT ( 'NONE', #3823 ) ;
#3141 = ORIENTED_EDGE ( 'NONE', *, *, #3335, .F. ) ;
#3142 = VECTOR ( 'NONE', #834, 1000.000000000000000 ) ;
#3143 = CARTESIAN_POINT ( 'NONE',  ( 0.9499999999999981792, 0.000000000000000000, -0.1099999999999999589 ) ) ;
#3144 = UNCERTAINTY_MEASURE_WITH_UNIT (LENGTH_MEASURE( 1.000000000000000082E-05 ), #4679, 'distance_accuracy_value', 'NONE');
#3145 = LINE ( 'NONE', #1620, #1915 ) ;
#3146 = FACE_OUTER_BOUND ( 'NONE', #3043, .T. ) ;
#3147 =( NAMED_UNIT ( * ) SI_UNIT ( $, .STERADIAN. ) SOLID_ANGLE_UNIT ( ) );
#3148 = ORIENTED_EDGE ( 'NONE', *, *, #4817, .T. ) ;
#3149 = DIRECTION ( 'NONE',  ( 0.000000000000000000, 0.000000000000000000, -1.000000000000000000 ) ) ;
#3150 = DIRECTION ( 'NONE',  ( -1.000000000000000000, 0.000000000000000000, 3.872150616019658834E-16 ) ) ;
#3151 = EDGE_LOOP ( 'NONE', ( #3046, #3828, #3844, #1255 ) ) ;
#3152 = LINE ( 'NONE', #168, #3576 ) ;
#3153 = EDGE_LOOP ( 'NONE', ( #3198, #2063, #454, #2675 ) ) ;
#3154 = CARTESIAN_POINT ( 'NONE',  ( -0.3600000000000000977, 0.000000000000000000, 0.9000000000000064615 ) ) ;
#3155 = VECTOR ( 'NONE', #1615, 1000.000000000000000 ) ;
#3156 = DIRECTION ( 'NONE',  ( 1.000000000000000000, 0.000000000000000000, -7.744301232039316681E-16 ) ) ;
#3157 = ADVANCED_FACE ( 'NONE', ( #419 ), #1924, .F. ) ;
#3158 = DIRECTION ( 'NONE',  ( 0.000000000000000000, -0.000000000000000000, 1.000000000000000000 ) ) ;
#3159 = DIRECTION ( 'NONE',  ( -0.000000000000000000, 1.000000000000000000, 0.000000000000000000 ) ) ;
#3160 = CIRCLE ( 'NONE', #304, 0.1054322639199452849 ) ;
#3161 = VERTEX_POINT ( 'NONE', #4349 ) ;
#3162 = CARTESIAN_POINT ( 'NONE',  ( -0.3599999999999999867, 0.000000000000000000, 1.300000000000006484 ) ) ;
#3163 = LINE ( 'NONE', #1640, #608 ) ;
#3164 = ORIENTED_EDGE ( 'NONE', *, *, #2493, .F. ) ;
#3165 = SURFACE_STYLE_FILL_AREA ( #155 ) ;
#3166 = ORIENTED_EDGE ( 'NONE', *, *, #4289, .T. ) ;
#3167 = DIRECTION ( 'NONE',  ( 1.000000000000000000, 0.000000000000000000, 0.000000000000000000 ) ) ;
#3168 = LINE ( 'NONE', #1592, #3674 ) ;
#3169 = STYLED_ITEM ( 'NONE', ( #142 ), #1838 ) ;
#3170 = CARTESIAN_POINT ( 'NONE',  ( -1.349999999999998090, 0.000000000000000000, -0.1099999999999999589 ) ) ;
#3171 = ORIENTED_EDGE ( 'NONE', *, *, #1989, .T. ) ;
#3172 = DIRECTION ( 'NONE',  ( 1.000000000000000000, 0.000000000000000000, 3.872150616019658341E-16 ) ) ;
#3173 = DIRECTION ( 'NONE',  ( 0.000000000000000000, 1.000000000000000000, -0.000000000000000000 ) ) ;
#3174 = ADVANCED_FACE ( 'NONE', ( #3496 ), #3468, .F. ) ;
#3175 = ORIENTED_EDGE ( 'NONE', *, *, #2180, .F. ) ;
#3176 = ORIENTED_EDGE ( 'NONE', *, *, #2142, .T. ) ;
#3177 = PLANE ( 'NONE',  #343 ) ;
#3178 = DIRECTION ( 'NONE',  ( 7.744301232039316681E-16, -0.000000000000000000, 1.000000000000000000 ) ) ;
#3179 = ADVANCED_FACE ( 'NONE', ( #882 ), #1596, .T. ) ;
#3180 = APPLICATION_PROTOCOL_DEFINITION ( 'draft international standard', 'automotive_design', 1998, #3505 ) ;
#3181 = CARTESIAN_POINT ( 'NONE',  ( -0.9499999999999964029, 0.1600000000000000033, 0.1099999999999999589 ) ) ;
#3182 = CARTESIAN_POINT ( 'NONE',  ( -0.9499999999999981792, 0.6482622246293484602, -0.1099999999999999589 ) ) ;
#3183 = EDGE_CURVE ( 'NONE', #4020, #4471, #447, .T. ) ;
#3184 = VECTOR ( 'NONE', #692, 1000.000000000000000 ) ;
#3185 = VECTOR ( 'NONE', #231, 1000.000000000000000 ) ;
#3186 = ORIENTED_EDGE ( 'NONE', *, *, #2128, .F. ) ;
#3187 = CARTESIAN_POINT ( 'NONE',  ( -1.349999999999998090, 0.000000000000000000, -0.1099999999999999589 ) ) ;
#3188 = DIRECTION ( 'NONE',  ( -1.000000000000000000, 0.000000000000000000, 0.000000000000000000 ) ) ;
#3189 = ORIENTED_EDGE ( 'NONE', *, *, #1508, .F. ) ;
#3190 =( NAMED_UNIT ( * ) PLANE_ANGLE_UNIT ( ) SI_UNIT ( $, .RADIAN. ) );
#3191 = ORIENTED_EDGE ( 'NONE', *, *, #238, .T. ) ;
#3192 = CARTESIAN_POINT ( 'NONE',  ( 0.6400000000000000133, 0.6482622246293484602, -1.299999999999999600 ) ) ;
#3193 = ADVANCED_FACE ( 'NONE', ( #4732 ), #1949, .T. ) ;
#3194 = VECTOR ( 'NONE', #4134, 1000.000000000000000 ) ;
#3195 = AXIS2_PLACEMENT_3D ( 'NONE', #1357, #625, #603 ) ;
#3196 = EDGE_CURVE ( 'NONE', #4011, #4006, #1650, .T. ) ;
#3197 = AXIS2_PLACEMENT_3D ( 'NONE', #3113, #798, #4271 ) ;
#3198 = ORIENTED_EDGE ( 'NONE', *, *, #336, .F. ) ;
#3199 = CARTESIAN_POINT ( 'NONE',  ( -0.1400000000000000966, 0.6482622246293484602, 0.9000000000000029088 ) ) ;
#3200 = LINE ( 'NONE', #838, #1279 ) ;
#3201 = ORIENTED_EDGE ( 'NONE', *, *, #2745, .T. ) ;
#3202 = DIRECTION ( 'NONE',  ( 0.000000000000000000, 0.000000000000000000, -1.000000000000000000 ) ) ;
#3203 = DIRECTION ( 'NONE',  ( 0.000000000000000000, 0.000000000000000000, -1.000000000000000000 ) ) ;
#3204 = VERTEX_POINT ( 'NONE', #1572 ) ;
#3205 = ADVANCED_FACE ( 'NONE', ( #3101 ), #477, .T. ) ;
#3206 = DIRECTION ( 'NONE',  ( -1.000000000000000000, -0.000000000000000000, 3.872150616019658341E-16 ) ) ;
#3207 = CARTESIAN_POINT ( 'NONE',  ( -0.7499999999999998890, 0.6482622246293484602, -0.7500000000000000000 ) ) ;
#3208 = VECTOR ( 'NONE', #1785, 1000.000000000000000 ) ;
#3209 = DIRECTION ( 'NONE',  ( 0.000000000000000000, -1.000000000000000000, 0.000000000000000000 ) ) ;
#3210 = DIRECTION ( 'NONE',  ( -0.000000000000000000, -1.000000000000000000, -0.000000000000000000 ) ) ;
#3211 = EDGE_CURVE ( 'NONE', #4403, #4256, #1301, .T. ) ;
#3212 = EDGE_CURVE ( 'NONE', #4423, #2983, #526, .T. ) ;
#3213 = LINE ( 'NONE', #4746, #2581 ) ;
#3214 = DIRECTION ( 'NONE',  ( -1.000000000000000000, 0.000000000000000000, -7.744301232039315695E-16 ) ) ;
#3215 = VERTEX_POINT ( 'NONE', #3907 ) ;
#3216 = VECTOR ( 'NONE', #3696, 1000.000000000000000 ) ;
#3217 = DIRECTION ( 'NONE',  ( 1.000000000000000000, 0.000000000000000000, 7.744301232039313723E-16 ) ) ;
#3218 = VERTEX_POINT ( 'NONE', #2008 ) ;
#3219 = COLOUR_RGB ( '',0.7921568627450980005, 0.8196078431372548767, 0.9333333333333333481 ) ;
#3220 = CARTESIAN_POINT ( 'NONE',  ( -0.1400000000000000966, 0.1600000000000000033, 0.9000000000000029088 ) ) ;
#3221 = EDGE_CURVE ( 'NONE', #1454, #3953, #3525, .T. ) ;
#3222 = AXIS2_PLACEMENT_3D ( 'NONE', #3997, #259, #1687 ) ;
#3223 = VERTEX_POINT ( 'NONE', #2825 ) ;
#3224 = EDGE_CURVE ( 'NONE', #854, #1245, #934, .T. ) ;
#3225 = PLANE ( 'NONE',  #1804 ) ;
#3226 = LINE ( 'NONE', #3935, #3669 ) ;
#3227 = ORIENTED_EDGE ( 'NONE', *, *, #2346, .T. ) ;
#3228 = DIRECTION ( 'NONE',  ( -1.000000000000000000, 0.000000000000000000, -0.000000000000000000 ) ) ;
#3229 = EDGE_LOOP ( 'NONE', ( #3675, #538, #1445, #1111 ) ) ;
#3230 = DIRECTION ( 'NONE',  ( -1.000000000000000000, 0.000000000000000000, -7.744301232039315695E-16 ) ) ;
#3231 = DIRECTION ( 'NONE',  ( 0.000000000000000000, 0.000000000000000000, -1.000000000000000000 ) ) ;
#3232 = AXIS2_PLACEMENT_3D ( 'NONE', #1931, #3452, #17 ) ;
#3233 = DIRECTION ( 'NONE',  ( 0.000000000000000000, -1.000000000000000000, 0.000000000000000000 ) ) ;
#3234 = DIRECTION ( 'NONE',  ( 0.000000000000000000, -1.000000000000000000, 0.000000000000000000 ) ) ;
#3235 = EDGE_CURVE ( 'NONE', #4020, #4011, #138, .T. ) ;
#3236 = VECTOR ( 'NONE', #66, 1000.000000000000000 ) ;
#3237 = DIRECTION ( 'NONE',  ( 0.000000000000000000, -1.000000000000000000, 0.000000000000000000 ) ) ;
#3238 = PLANE ( 'NONE',  #301 ) ;
#3239 = EDGE_LOOP ( 'NONE', ( #480, #693, #1004, #2181 ) ) ;
#3240 = CARTESIAN_POINT ( 'NONE',  ( -0.9499999999999948486, 0.1600000000000000033, 0.8900000000000000133 ) ) ;
#3241 = SURFACE_SIDE_STYLE ('',( #3621 ) ) ;
#3242 = EDGE_LOOP ( 'NONE', ( #3389, #2038, #1952, #2435 ) ) ;
#3243 =( NAMED_UNIT ( * ) PLANE_ANGLE_UNIT ( ) SI_UNIT ( $, .RADIAN. ) );
#3244 = CARTESIAN_POINT ( 'NONE',  ( -0.1400000000000000411, 0.000000000000000000, -1.300000000000003153 ) ) ;
#3245 = COLOUR_RGB ( '',1.000000000000000000, 1.000000000000000000, 1.000000000000000000 ) ;
#3246 = AXIS2_PLACEMENT_3D ( 'NONE', #860, #1253, #3149 ) ;
#3247 = ORIENTED_EDGE ( 'NONE', *, *, #238, .F. ) ;
#3248 = EDGE_CURVE ( 'NONE', #2784, #4505, #61, .T. ) ;
#3249 = DIRECTION ( 'NONE',  ( 1.000000000000000000, 0.000000000000000000, 3.872150616019658341E-16 ) ) ;
#3250 = DIRECTION ( 'NONE',  ( 0.000000000000000000, -1.000000000000000000, 0.000000000000000000 ) ) ;
#3251 = VERTEX_POINT ( 'NONE', #2439 ) ;
#3252 = ADVANCED_FACE ( 'NONE', ( #548 ), #836, .T. ) ;
#3253 = DIRECTION ( 'NONE',  ( 0.000000000000000000, 0.000000000000000000, -1.000000000000000000 ) ) ;
#3254 =( LENGTH_UNIT ( ) NAMED_UNIT ( * ) SI_UNIT ( .MILLI., .METRE. ) );
#3255 = EDGE_LOOP ( 'NONE', ( #3765, #572, #2126, #1742 ) ) ;
#3256 = CARTESIAN_POINT ( 'NONE',  ( 1.449999999999999956, 0.1600000000000000033, 1.400000000000000133 ) ) ;
#3257 = CARTESIAN_POINT ( 'NONE',  ( 0.9499999999999998446, 0.6482622246293484602, -0.8900000000000000133 ) ) ;
#3258 = EDGE_CURVE ( 'NONE', #4874, #4396, #3880, .T. ) ;
#3259 = CARTESIAN_POINT ( 'NONE',  ( -0.7499999999999998890, 0.000000000000000000, -0.7500000000000000000 ) ) ;
#3260 = LINE ( 'NONE', #1429, #4633 ) ;
#3261 = VECTOR ( 'NONE', #4190, 1000.000000000000000 ) ;
#3262 = LINE ( 'NONE', #4040, #660 ) ;
#3263 = DIRECTION ( 'NONE',  ( -0.000000000000000000, -1.000000000000000000, -0.000000000000000000 ) ) ;
#3264 = CARTESIAN_POINT ( 'NONE',  ( 0.9499999999999964029, 0.1600000000000000033, 0.3900000000000000688 ) ) ;
#3265 = EDGE_LOOP ( 'NONE', ( #4749, #1497, #2201, #1024 ) ) ;
#3266 = LINE ( 'NONE', #3356, #1865 ) ;
#3267 = DIRECTION ( 'NONE',  ( 0.000000000000000000, 0.000000000000000000, 1.000000000000000000 ) ) ;
#3268 = ORIENTED_EDGE ( 'NONE', *, *, #3956, .F. ) ;
#3269 = CARTESIAN_POINT ( 'NONE',  ( 1.349999999999994760, 0.6482622246293484602, 0.6099999999999999867 ) ) ;
#3270 = VECTOR ( 'NONE', #1310, 1000.000000000000000 ) ;
#3271 = EDGE_CURVE ( 'NONE', #1562, #2358, #1229, .T. ) ;
#3272 = VECTOR ( 'NONE', #4351, 1000.000000000000000 ) ;
#3273 = ORIENTED_EDGE ( 'NONE', *, *, #701, .F. ) ;
#3274 = CARTESIAN_POINT ( 'NONE',  ( -0.1400000000000000966, 0.6482622246293484602, -0.9000000000000029088 ) ) ;
#3275 = VECTOR ( 'NONE', #1361, 1000.000000000000000 ) ;
#3276 = CARTESIAN_POINT ( 'NONE',  ( -0.9499999999999948486, 0.6482622246293484602, 0.8900000000000000133 ) ) ;
#3277 = ORIENTED_EDGE ( 'NONE', *, *, #4292, .F. ) ;
#3278 = FACE_OUTER_BOUND ( 'NONE', #436, .T. ) ;
#3279 = VERTEX_POINT ( 'NONE', #1980 ) ;
#3280 = CARTESIAN_POINT ( 'NONE',  ( 1.349999999999996314, 0.6482622246293484602, 0.1099999999999999589 ) ) ;
#3281 = DIRECTION ( 'NONE',  ( 7.744301232039315695E-16, 0.000000000000000000, 1.000000000000000000 ) ) ;
#3282 = EDGE_CURVE ( 'NONE', #4861, #1043, #86, .T. ) ;
#3283 = EDGE_CURVE ( 'NONE', #3140, #4835, #1418, .T. ) ;
#3284 = LINE ( 'NONE', #2093, #100 ) ;
#3285 = LINE ( 'NONE', #1381, #1756 ) ;
#3286 = AXIS2_PLACEMENT_3D ( 'NONE', #1191, #2716, #4241 ) ;
#3287 = CARTESIAN_POINT ( 'NONE',  ( -1.349999999999994760, 0.000000000000000000, 0.8900000000000000133 ) ) ;
#3288 = LINE ( 'NONE', #2070, #2955 ) ;
#3289 = DIRECTION ( 'NONE',  ( -0.000000000000000000, -1.000000000000000000, -0.000000000000000000 ) ) ;
#3290 = DIRECTION ( 'NONE',  ( -2.710505431213761578E-16, 0.000000000000000000, -1.000000000000000000 ) ) ;
#3291 = CARTESIAN_POINT ( 'NONE',  ( 1.349999999999999867, 0.1600000000000000033, -0.8900000000000000133 ) ) ;
#3292 = ORIENTED_EDGE ( 'NONE', *, *, #4450, .T. ) ;
#3293 = PRESENTATION_LAYER_ASSIGNMENT (  '', '', ( #1369 ) ) ;
#3294 = ORIENTED_EDGE ( 'NONE', *, *, #3271, .T. ) ;
#3295 = EDGE_LOOP ( 'NONE', ( #750, #4042, #3804, #59 ) ) ;
#3296 = CARTESIAN_POINT ( 'NONE',  ( 0.1399999999999999301, 0.000000000000000000, 0.9000000000000030198 ) ) ;
#3297 = CARTESIAN_POINT ( 'NONE',  ( -1.349999999999994760, 0.000000000000000000, 0.6099999999999999867 ) ) ;
#3298 = ORIENTED_EDGE ( 'NONE', *, *, #1973, .F. ) ;
#3299 = DIRECTION ( 'NONE',  ( -1.000000000000000000, -0.000000000000000000, 7.744301232039313723E-16 ) ) ;
#3300 = ORIENTED_EDGE ( 'NONE', *, *, #2613, .F. ) ;
#3301 = PRESENTATION_STYLE_ASSIGNMENT (( #1013 ) ) ;
#3302 = DIRECTION ( 'NONE',  ( -1.355252715606879556E-16, 0.000000000000000000, -1.000000000000000000 ) ) ;
#3303 = DIRECTION ( 'NONE',  ( 1.000000000000000000, 0.000000000000000000, -3.872150616019658834E-16 ) ) ;
#3304 = CARTESIAN_POINT ( 'NONE',  ( -0.9499999999999964029, 0.6482622246293484602, 0.3900000000000000688 ) ) ;
#3305 = ORIENTED_EDGE ( 'NONE', *, *, #1461, .T. ) ;
#3306 = PLANE ( 'NONE',  #3747 ) ;
#3307 = CARTESIAN_POINT ( 'NONE',  ( -0.9499999999999998446, 0.000000000000000000, -0.6099999999999999867 ) ) ;
#3308 = CARTESIAN_POINT ( 'NONE',  ( -0.9499999999999964029, 0.1600000000000000033, 0.3900000000000000688 ) ) ;
#3309 = EDGE_CURVE ( 'NONE', #4753, #3279, #1391, .T. ) ;
#3310 = ORIENTED_EDGE ( 'NONE', *, *, #196, .F. ) ;
#3311 = CARTESIAN_POINT ( 'NONE',  ( 0.9499999999999981792, 0.1599999999999999756, -0.1099999999999999589 ) ) ;
#3312 = LINE ( 'NONE', #2125, #1974 ) ;
#3313 = EDGE_LOOP ( 'NONE', ( #668, #1816, #4245, #3446 ) ) ;
#3314 = LINE ( 'NONE', #1412, #2400 ) ;
#3315 = AXIS2_PLACEMENT_3D ( 'NONE', #3996, #588, #328 ) ;
#3316 = VERTEX_POINT ( 'NONE', #4850 ) ;
#3317 = COLOUR_RGB ( '',0.7921568627450980005, 0.8196078431372548767, 0.9333333333333333481 ) ;
#3318 = ORIENTED_EDGE ( 'NONE', *, *, #271, .F. ) ;
#3319 = PLANE ( 'NONE',  #936 ) ;
#3320 = VECTOR ( 'NONE', #3249, 1000.000000000000000 ) ;
#3321 = EDGE_LOOP ( 'NONE', ( #1137, #1135, #2937, #1009 ) ) ;
#3322 = VECTOR ( 'NONE', #4260, 1000.000000000000000 ) ;
#3323 = ORIENTED_EDGE ( 'NONE', *, *, #3702, .T. ) ;
#3324 = FACE_OUTER_BOUND ( 'NONE', #937, .T. ) ;
#3325 = DIRECTION ( 'NONE',  ( -0.000000000000000000, 1.000000000000000000, -0.000000000000000000 ) ) ;
#3326 = EDGE_CURVE ( 'NONE', #141, #4530, #2942, .T. ) ;
#3327 = ORIENTED_EDGE ( 'NONE', *, *, #4743, .T. ) ;
#3328 = LINE ( 'NONE', #4788, #2790 ) ;
#3329 = CARTESIAN_POINT ( 'NONE',  ( 0.000000000000000000, 0.000000000000000000, 0.000000000000000000 ) ) ;
#3330 = DIRECTION ( 'NONE',  ( -0.000000000000000000, -0.000000000000000000, 1.000000000000000000 ) ) ;
#3331 = DIRECTION ( 'NONE',  ( -0.000000000000000000, -0.000000000000000000, 1.000000000000000000 ) ) ;
#3332 = VERTEX_POINT ( 'NONE', #2528 ) ;
#3333 = CARTESIAN_POINT ( 'NONE',  ( 1.449999999999999956, 0.1600000000000000033, -1.399999999999999689 ) ) ;
#3334 = ADVANCED_FACE ( 'NONE', ( #4404 ), #3225, .F. ) ;
#3335 = EDGE_CURVE ( 'NONE', #3358, #2796, #4799, .T. ) ;
#3336 = ORIENTED_EDGE ( 'NONE', *, *, #914, .F. ) ;
#3337 = ADVANCED_FACE ( 'NONE', ( #266 ), #595, .T. ) ;
#3338 = ORIENTED_EDGE ( 'NONE', *, *, #4072, .T. ) ;
#3339 = CARTESIAN_POINT ( 'NONE',  ( 0.9499999999999981792, 0.1599999999999999756, -0.1099999999999999589 ) ) ;
#3340 = VERTEX_POINT ( 'NONE', #618 ) ;
#3341 = AXIS2_PLACEMENT_3D ( 'NONE', #4014, #3944, #3231 ) ;
#3342 = VECTOR ( 'NONE', #427, 1000.000000000000000 ) ;
#3343 =( NAMED_UNIT ( * ) SI_UNIT ( $, .STERADIAN. ) SOLID_ANGLE_UNIT ( ) );
#3344 = VERTEX_POINT ( 'NONE', #4449 ) ;
#3345 = DIRECTION ( 'NONE',  ( 1.495451272393799296E-16, -0.000000000000000000, 1.000000000000000000 ) ) ;
#3346 = PLANE ( 'NONE',  #3565 ) ;
#3347 = CARTESIAN_POINT ( 'NONE',  ( -0.1400000000000000966, 0.1599999999999999756, 0.9000000000000029088 ) ) ;
#3348 = VECTOR ( 'NONE', #4809, 1000.000000000000000 ) ;
#3349 = ORIENTED_EDGE ( 'NONE', *, *, #4387, .T. ) ;
#3350 = EDGE_CURVE ( 'NONE', #2796, #4009, #4425, .T. ) ;
#3351 = ORIENTED_EDGE ( 'NONE', *, *, #2701, .F. ) ;
#3352 = CARTESIAN_POINT ( 'NONE',  ( 1.349999999999998090, 0.1600000000000000033, -0.3900000000000000688 ) ) ;
#3353 = PLANE ( 'NONE',  #1088 ) ;
#3354 = PLANE ( 'NONE',  #2367 ) ;
#3355 = ORIENTED_EDGE ( 'NONE', *, *, #4817, .F. ) ;
#3356 = CARTESIAN_POINT ( 'NONE',  ( -0.9499999999999981792, 0.1599999999999999756, -0.3900000000000000688 ) ) ;
#3357 = LINE ( 'NONE', #21, #1746 ) ;
#3358 = VERTEX_POINT ( 'NONE', #1724 ) ;
#3359 = ADVANCED_FACE ( 'NONE', ( #1006 ), #2504, .F. ) ;
#3360 = PLANE ( 'NONE',  #4713 ) ;
#3361 = EDGE_CURVE ( 'NONE', #2450, #1296, #4078, .T. ) ;
#3362 = VECTOR ( 'NONE', #2437, 1000.000000000000000 ) ;
#3363 = ORIENTED_EDGE ( 'NONE', *, *, #403, .T. ) ;
#3364 = VERTEX_POINT ( 'NONE', #1050 ) ;
#3365 = CARTESIAN_POINT ( 'NONE',  ( -1.349999999999998090, 0.1600000000000000033, -0.1099999999999999589 ) ) ;
#3366 = EDGE_CURVE ( 'NONE', #3872, #712, #3980, .T. ) ;
#3367 = ORIENTED_EDGE ( 'NONE', *, *, #1385, .F. ) ;
#3368 = EDGE_CURVE ( 'NONE', #2941, #3687, #4051, .T. ) ;
#3369 = DIRECTION ( 'NONE',  ( 3.872150616019657848E-16, 0.000000000000000000, 1.000000000000000000 ) ) ;
#3370 = CARTESIAN_POINT ( 'NONE',  ( -0.9499999999999981792, 0.1600000000000000033, -0.1099999999999999589 ) ) ;
#3371 = VERTEX_POINT ( 'NONE', #1769 ) ;
#3372 = CARTESIAN_POINT ( 'NONE',  ( 1.349999999999999867, 0.000000000000000000, -0.6099999999999999867 ) ) ;
#3373 = CARTESIAN_POINT ( 'NONE',  ( 0.9499999999999948486, 0.1599999999999999756, 0.6099999999999998757 ) ) ;
#3374 = VECTOR ( 'NONE', #245, 1000.000000000000000 ) ;
#3375 = DIRECTION ( 'NONE',  ( -1.000000000000000000, 0.000000000000000000, -0.000000000000000000 ) ) ;
#3376 = CARTESIAN_POINT ( 'NONE',  ( -0.9499999999999964029, 0.6482622246293484602, 0.1099999999999999589 ) ) ;
#3377 = ORIENTED_EDGE ( 'NONE', *, *, #4450, .F. ) ;
#3378 = VERTEX_POINT ( 'NONE', #664 ) ;
#3379 = VECTOR ( 'NONE', #4094, 1000.000000000000000 ) ;
#3380 = CARTESIAN_POINT ( 'NONE',  ( -0.9499999999999998446, 0.1599999999999999756, -0.8900000000000000133 ) ) ;
#3381 = CARTESIAN_POINT ( 'NONE',  ( -1.449999999999999956, 0.9700000000000004174, 1.400000000000000577 ) ) ;
#3382 = ADVANCED_FACE ( 'NONE', ( #241 ), #3319, .T. ) ;
#3383 = VERTEX_POINT ( 'NONE', #1325 ) ;
#3384 = DIRECTION ( 'NONE',  ( 0.000000000000000000, -1.000000000000000000, 0.000000000000000000 ) ) ;
#3385 = LINE ( 'NONE', #2590, #2230 ) ;
#3386 = VERTEX_POINT ( 'NONE', #2151 ) ;
#3387 = ORIENTED_EDGE ( 'NONE', *, *, #3548, .T. ) ;
#3388 = AXIS2_PLACEMENT_3D ( 'NONE', #1244, #152, #539 ) ;
#3389 = ORIENTED_EDGE ( 'NONE', *, *, #1188, .T. ) ;
#3390 = LINE ( 'NONE', #3815, #2766 ) ;
#3391 = EDGE_CURVE ( 'NONE', #4006, #3383, #3671, .T. ) ;
#3392 = VERTEX_POINT ( 'NONE', #3693 ) ;
#3393 = UNCERTAINTY_MEASURE_WITH_UNIT (LENGTH_MEASURE( 1.000000000000000082E-05 ), #1387, 'distance_accuracy_value', 'NONE');
#3394 = PLANE ( 'NONE',  #4102 ) ;
#3395 = FACE_OUTER_BOUND ( 'NONE', #424, .T. ) ;
#3396 = ORIENTED_EDGE ( 'NONE', *, *, #3653, .F. ) ;
#3397 = FILL_AREA_STYLE_COLOUR ( '', #3689 ) ;
#3398 = CARTESIAN_POINT ( 'NONE',  ( -0.9499999999999998446, 0.1600000000000000033, -0.6099999999999999867 ) ) ;
#3399 = LINE ( 'NONE', #1546, #1434 ) ;
#3400 = CARTESIAN_POINT ( 'NONE',  ( 0.3599999999999999312, 0.000000000000000000, 0.8999999999999994671 ) ) ;
#3401 = EDGE_CURVE ( 'NONE', #3788, #4921, #573, .T. ) ;
#3402 = ORIENTED_EDGE ( 'NONE', *, *, #1591, .T. ) ;
#3403 = ORIENTED_EDGE ( 'NONE', *, *, #381, .T. ) ;
#3404 = CARTESIAN_POINT ( 'NONE',  ( -0.1400000000000000411, 0.1600000000000000033, 1.300000000000003153 ) ) ;
#3405 = EDGE_CURVE ( 'NONE', #3386, #4710, #1696, .T. ) ;
#3406 =( GEOMETRIC_REPRESENTATION_CONTEXT ( 3 ) GLOBAL_UNCERTAINTY_ASSIGNED_CONTEXT ( ( #1498 ) ) GLOBAL_UNIT_ASSIGNED_CONTEXT ( ( #2465, #2136, #667 ) ) REPRESENTATION_CONTEXT ( 'NONE', 'WORKASPACE' ) );
#3407 = FACE_OUTER_BOUND ( 'NONE', #1676, .T. ) ;
#3408 = DIRECTION ( 'NONE',  ( -0.000000000000000000, -1.000000000000000000, -0.000000000000000000 ) ) ;
#3409 = CARTESIAN_POINT ( 'NONE',  ( -0.6400000000000001243, 0.1600000000000000033, 0.9000000000000063505 ) ) ;
#3410 = ORIENTED_EDGE ( 'NONE', *, *, #641, .F. ) ;
#3411 = ORIENTED_EDGE ( 'NONE', *, *, #894, .T. ) ;
#3412 = ORIENTED_EDGE ( 'NONE', *, *, #3420, .T. ) ;
#3413 = ORIENTED_EDGE ( 'NONE', *, *, #3258, .T. ) ;
#3414 = DIRECTION ( 'NONE',  ( 0.000000000000000000, 0.000000000000000000, -1.000000000000000000 ) ) ;
#3415 = DIRECTION ( 'NONE',  ( 0.000000000000000000, 1.000000000000000000, -0.000000000000000000 ) ) ;
#3416 = EDGE_LOOP ( 'NONE', ( #4823, #278, #3677, #439 ) ) ;
#3417 = LINE ( 'NONE', #3049, #3479 ) ;
#3418 = DIRECTION ( 'NONE',  ( 1.355252715606879556E-16, 0.000000000000000000, -1.000000000000000000 ) ) ;
#3419 = VECTOR ( 'NONE', #1579, 1000.000000000000000 ) ;
#3420 = EDGE_CURVE ( 'NONE', #862, #1870, #3769, .T. ) ;
#3421 = VECTOR ( 'NONE', #3839, 1000.000000000000000 ) ;
#3422 = ORIENTED_EDGE ( 'NONE', *, *, #1414, .T. ) ;
#3423 = CARTESIAN_POINT ( 'NONE',  ( 0.9499999999999981792, 0.000000000000000000, -0.1099999999999999589 ) ) ;
#3424 = VERTEX_POINT ( 'NONE', #1917 ) ;
#3425 = LINE ( 'NONE', #4138, #4230 ) ;
#3426 = CIRCLE ( 'NONE', #4472, 0.07499999999999998335 ) ;
#3427 = ADVANCED_FACE ( 'NONE', ( #1840 ), #4595, .F. ) ;
#3428 = VECTOR ( 'NONE', #121, 1000.000000000000000 ) ;
#3429 = VECTOR ( 'NONE', #462, 1000.000000000000000 ) ;
#3430 = FACE_OUTER_BOUND ( 'NONE', #3295, .T. ) ;
#3431 = CARTESIAN_POINT ( 'NONE',  ( -0.1400000000000000411, 0.000000000000000000, 1.300000000000003153 ) ) ;
#3432 = FACE_OUTER_BOUND ( 'NONE', #2166, .T. ) ;
#3433 =( NAMED_UNIT ( * ) PLANE_ANGLE_UNIT ( ) SI_UNIT ( $, .RADIAN. ) );
#3434 = ORIENTED_EDGE ( 'NONE', *, *, #3405, .F. ) ;
#3435 = VERTEX_POINT ( 'NONE', #1869 ) ;
#3436 = ORIENTED_EDGE ( 'NONE', *, *, #1237, .F. ) ;
#3437 = LINE ( 'NONE', #4871, #2208 ) ;
#3438 = DIRECTION ( 'NONE',  ( -0.000000000000000000, 0.000000000000000000, 1.000000000000000000 ) ) ;
#3439 = DIRECTION ( 'NONE',  ( 0.000000000000000000, 1.000000000000000000, -0.000000000000000000 ) ) ;
#3440 = CARTESIAN_POINT ( 'NONE',  ( -1.449999999999999956, 0.9700000000000004174, -1.399999999999999245 ) ) ;
#3441 = DIRECTION ( 'NONE',  ( 1.000000000000000000, 0.000000000000000000, 0.000000000000000000 ) ) ;
#3442 = VERTEX_POINT ( 'NONE', #3339 ) ;
#3443 = LINE ( 'NONE', #3798, #1698 ) ;
#3444 = DIRECTION ( 'NONE',  ( 7.744301232039316681E-16, -0.000000000000000000, 1.000000000000000000 ) ) ;
#3445 = DIRECTION ( 'NONE',  ( -1.000000000000000000, 0.000000000000000000, 3.872150616019658834E-16 ) ) ;
#3446 = ORIENTED_EDGE ( 'NONE', *, *, #2011, .T. ) ;
#3447 = CARTESIAN_POINT ( 'NONE',  ( 0.000000000000000000, 0.000000000000000000, 0.000000000000000000 ) ) ;
#3448 = ORIENTED_EDGE ( 'NONE', *, *, #2011, .F. ) ;
#3449 = DIRECTION ( 'NONE',  ( 0.000000000000000000, 0.000000000000000000, 1.000000000000000000 ) ) ;
#3450 = FACE_OUTER_BOUND ( 'NONE', #1535, .T. ) ;
#3451 = AXIS2_PLACEMENT_3D ( 'NONE', #3091, #1559, #4698 ) ;
#3452 = DIRECTION ( 'NONE',  ( 0.000000000000000000, 1.000000000000000000, -0.000000000000000000 ) ) ;
#3453 = DIRECTION ( 'NONE',  ( 2.710505431213761578E-16, 0.000000000000000000, -1.000000000000000000 ) ) ;
#3454 = CARTESIAN_POINT ( 'NONE',  ( -0.6400000000000001243, 0.1599999999999999756, -0.9000000000000063505 ) ) ;
#3455 = EDGE_CURVE ( 'NONE', #658, #632, #3390, .T. ) ;
#3456 = CARTESIAN_POINT ( 'NONE',  ( 0.9499999999999964029, 0.6482622246293484602, 0.1099999999999999589 ) ) ;
#3457 = ORIENTED_EDGE ( 'NONE', *, *, #615, .T. ) ;
#3458 = EDGE_CURVE ( 'NONE', #2453, #1790, #685, .T. ) ;
#3459 = VERTEX_POINT ( 'NONE', #2967 ) ;
#3460 = VERTEX_POINT ( 'NONE', #1127 ) ;
#3461 =( NAMED_UNIT ( * ) SI_UNIT ( $, .STERADIAN. ) SOLID_ANGLE_UNIT ( ) );
#3462 = ADVANCED_FACE ( 'NONE', ( #2296 ), #3716, .F. ) ;
#3463 = EDGE_CURVE ( 'NONE', #2963, #4179, #2646, .T. ) ;
#3464 = CARTESIAN_POINT ( 'NONE',  ( 0.9499999999999948486, 0.000000000000000000, 0.8900000000000000133 ) ) ;
#3465 = DIRECTION ( 'NONE',  ( 1.000000000000000000, 0.000000000000000000, -3.872150616019658341E-16 ) ) ;
#3466 = ORIENTED_EDGE ( 'NONE', *, *, #4614, .T. ) ;
#3467 = LINE ( 'NONE', #85, #4099 ) ;
#3468 = PLANE ( 'NONE',  #3246 ) ;
#3469 = DIRECTION ( 'NONE',  ( -0.000000000000000000, -0.000000000000000000, 1.000000000000000000 ) ) ;
#3470 = VECTOR ( 'NONE', #3776, 1000.000000000000000 ) ;
#3471 = AXIS2_PLACEMENT_3D ( 'NONE', #1384, #4116, #4488 ) ;
#3472 = VERTEX_POINT ( 'NONE', #3365 ) ;
#3473 = CARTESIAN_POINT ( 'NONE',  ( 1.449999999999999956, 0.1600000000000000033, 1.400000000000000133 ) ) ;
#3474 = SURFACE_STYLE_FILL_AREA ( #4738 ) ;
#3475 = VERTEX_POINT ( 'NONE', #1539 ) ;
#3476 = LINE ( 'NONE', #1187, #506 ) ;
#3477 = STYLED_ITEM ( 'NONE', ( #3094 ), #3553 ) ;
#3478 = FACE_OUTER_BOUND ( 'NONE', #3775, .T. ) ;
#3479 = VECTOR ( 'NONE', #8, 1000.000000000000000 ) ;
#3480 = DIRECTION ( 'NONE',  ( 0.000000000000000000, -0.000000000000000000, -1.000000000000000000 ) ) ;
#3481 = PLANE ( 'NONE',  #2648 ) ;
#3482 = DIRECTION ( 'NONE',  ( 2.710505431213761578E-16, 0.000000000000000000, -1.000000000000000000 ) ) ;
#3483 = LINE ( 'NONE', #3840, #422 ) ;
#3484 = PLANE ( 'NONE',  #4745 ) ;
#3485 = ORIENTED_EDGE ( 'NONE', *, *, #1326, .F. ) ;
#3486 = VERTEX_POINT ( 'NONE', #4939 ) ;
#3487 = CARTESIAN_POINT ( 'NONE',  ( 0.9499999999999948486, 0.000000000000000000, 0.8900000000000000133 ) ) ;
#3488 = EDGE_CURVE ( 'NONE', #2725, #4135, #3437, .T. ) ;
#3489 = ADVANCED_FACE ( 'NONE', ( #4125 ), #3045, .T. ) ;
#3490 = CARTESIAN_POINT ( 'NONE',  ( -0.1400000000000000966, 0.1600000000000000033, 0.9000000000000029088 ) ) ;
#3491 = EDGE_CURVE ( 'NONE', #2996, #2007, #3019, .T. ) ;
#3492 = DIRECTION ( 'NONE',  ( -1.000000000000000000, 0.000000000000000000, -0.000000000000000000 ) ) ;
#3493 = CARTESIAN_POINT ( 'NONE',  ( 1.349999999999996314, 0.000000000000000000, 0.3900000000000000688 ) ) ;
#3494 = CARTESIAN_POINT ( 'NONE',  ( 1.449999999999999956, 0.000000000000000000, -1.399999999999999689 ) ) ;
#3495 = EDGE_LOOP ( 'NONE', ( #2749, #2627, #3517, #661 ) ) ;
#3496 = FACE_OUTER_BOUND ( 'NONE', #3573, .T. ) ;
#3497 = LINE ( 'NONE', #549, #1432 ) ;
#3498 = VECTOR ( 'NONE', #706, 1000.000000000000000 ) ;
#3499 = ORIENTED_EDGE ( 'NONE', *, *, #3587, .F. ) ;
#3500 = PLANE ( 'NONE',  #1960 ) ;
#3501 = LINE ( 'NONE', #1576, #2538 ) ;
#3502 = ORIENTED_EDGE ( 'NONE', *, *, #4143, .F. ) ;
#3503 = LINE ( 'NONE', #3942, #3114 ) ;
#3504 = PLANE ( 'NONE',  #2551 ) ;
#3505 = APPLICATION_CONTEXT ( 'automotive_design' ) ;
#3506 = AXIS2_PLACEMENT_3D ( 'NONE', #3207, #556, #2065 ) ;
#3507 = CARTESIAN_POINT ( 'NONE',  ( 0.000000000000000000, 0.000000000000000000, 0.000000000000000000 ) ) ;
#3508 = LINE ( 'NONE', #2448, #338 ) ;
#3509 = AXIS2_PLACEMENT_3D ( 'NONE', #3859, #1162, #1881 ) ;
#3510 = MANIFOLD_SOLID_BREP ( 'Boss-Extrude4[6]', #4402 ) ;
#3511 = CARTESIAN_POINT ( 'NONE',  ( -0.1400000000000000966, 0.6482622246293484602, 0.9000000000000029088 ) ) ;
#3512 = ORIENTED_EDGE ( 'NONE', *, *, #458, .T. ) ;
#3513 = CARTESIAN_POINT ( 'NONE',  ( -0.6400000000000001243, 0.000000000000000000, 0.9000000000000063505 ) ) ;
#3514 = DIRECTION ( 'NONE',  ( -1.000000000000000000, 0.000000000000000000, -0.000000000000000000 ) ) ;
#3515 = VERTEX_POINT ( 'NONE', #1149 ) ;
#3516 = CLOSED_SHELL ( 'NONE', ( #3027, #734, #207, #1289, #4757, #1877 ) ) ;
#3517 = ORIENTED_EDGE ( 'NONE', *, *, #4350, .T. ) ;
#3518 = SURFACE_STYLE_USAGE ( .BOTH. , #2723 ) ;
#3519 = DIRECTION ( 'NONE',  ( -0.000000000000000000, 0.000000000000000000, 1.000000000000000000 ) ) ;
#3520 = DIRECTION ( 'NONE',  ( -0.000000000000000000, -1.000000000000000000, -0.000000000000000000 ) ) ;
#3521 = MECHANICAL_DESIGN_GEOMETRIC_PRESENTATION_REPRESENTATION (  '', ( #2252 ), #4165 ) ;
#3522 = COLOUR_RGB ( '',0.7921568627450980005, 0.8196078431372548767, 0.9333333333333333481 ) ;
#3523 = FACE_OUTER_BOUND ( 'NONE', #3972, .T. ) ;
#3524 = ORIENTED_EDGE ( 'NONE', *, *, #527, .T. ) ;
#3525 = LINE ( 'NONE', #4706, #1334 ) ;
#3526 = ADVANCED_FACE ( 'NONE', ( #4150 ), #4195, .T. ) ;
#3527 = LINE ( 'NONE', #4654, #1514 ) ;
#3528 = ORIENTED_EDGE ( 'NONE', *, *, #683, .T. ) ;
#3529 = CARTESIAN_POINT ( 'NONE',  ( -0.9499999999999998446, 0.1599999999999999756, -0.6099999999999999867 ) ) ;
#3530 = CARTESIAN_POINT ( 'NONE',  ( -1.449999999999999956, 0.1600000000000000033, 1.400000000000000577 ) ) ;
#3531 = ORIENTED_EDGE ( 'NONE', *, *, #3728, .F. ) ;
#3532 = DIRECTION ( 'NONE',  ( 1.000000000000000000, 0.000000000000000000, -2.710505431213761578E-16 ) ) ;
#3533 = STYLED_ITEM ( 'NONE', ( #4180 ), #277 ) ;
#3534 = CARTESIAN_POINT ( 'NONE',  ( 0.3599999999999999312, 0.6482622246293484602, -0.8999999999999994671 ) ) ;
#3535 = AXIS2_PLACEMENT_3D ( 'NONE', #347, #2651, #1053 ) ;
#3536 = LINE ( 'NONE', #3431, #1766 ) ;
#3537 = CARTESIAN_POINT ( 'NONE',  ( -1.349999999999999867, 0.000000000000000000, -0.6099999999999999867 ) ) ;
#3538 = DIRECTION ( 'NONE',  ( 0.000000000000000000, 0.000000000000000000, -1.000000000000000000 ) ) ;
#3539 = VERTEX_POINT ( 'NONE', #877 ) ;
#3540 = CARTESIAN_POINT ( 'NONE',  ( -0.7499999999999998890, 0.1599999999999999756, -0.7500000000000000000 ) ) ;
#3541 = DIRECTION ( 'NONE',  ( -1.355252715606879803E-16, 0.000000000000000000, 1.000000000000000000 ) ) ;
#3542 = EDGE_LOOP ( 'NONE', ( #4170, #3355, #3141, #2781 ) ) ;
#3543 =( NAMED_UNIT ( * ) SI_UNIT ( $, .STERADIAN. ) SOLID_ANGLE_UNIT ( ) );
#3544 = ORIENTED_EDGE ( 'NONE', *, *, #1486, .T. ) ;
#3545 = DIRECTION ( 'NONE',  ( 7.744301232039315695E-16, 0.000000000000000000, 1.000000000000000000 ) ) ;
#3546 = CARTESIAN_POINT ( 'NONE',  ( -0.9499999999999981792, 0.000000000000000000, -0.1099999999999999589 ) ) ;
#3547 = UNCERTAINTY_MEASURE_WITH_UNIT (LENGTH_MEASURE( 1.000000000000000082E-05 ), #2329, 'distance_accuracy_value', 'NONE');
#3548 = EDGE_CURVE ( 'NONE', #3161, #3755, #3160, .T. ) ;
#3549 = ORIENTED_EDGE ( 'NONE', *, *, #2730, .F. ) ;
#3550 = CARTESIAN_POINT ( 'NONE',  ( -0.9499999999999964029, 0.000000000000000000, 0.3900000000000000688 ) ) ;
#3551 = DIRECTION ( 'NONE',  ( 1.000000000000000000, 0.000000000000000000, 7.744301232039315695E-16 ) ) ;
#3552 = VERTEX_POINT ( 'NONE', #3143 ) ;
#3553 = MANIFOLD_SOLID_BREP ( 'Boss-Extrude4[7]', #739 ) ;
#3554 = ORIENTED_EDGE ( 'NONE', *, *, #1416, .F. ) ;
#3555 = CARTESIAN_POINT ( 'NONE',  ( -1.212966224413917438, 0.9199999999999999289, -1.166255723846428172 ) ) ;
#3556 = VECTOR ( 'NONE', #611, 1000.000000000000000 ) ;
#3557 = CARTESIAN_POINT ( 'NONE',  ( 1.349999999999994760, 0.1600000000000000033, 0.8900000000000000133 ) ) ;
#3558 = EDGE_CURVE ( 'NONE', #2191, #1842, #54, .T. ) ;
#3559 = CARTESIAN_POINT ( 'NONE',  ( -0.9499999999999948486, 0.000000000000000000, 0.6099999999999999867 ) ) ;
#3560 =( GEOMETRIC_REPRESENTATION_CONTEXT ( 3 ) GLOBAL_UNCERTAINTY_ASSIGNED_CONTEXT ( ( #1249 ) ) GLOBAL_UNIT_ASSIGNED_CONTEXT ( ( #2053, #2408, #3461 ) ) REPRESENTATION_CONTEXT ( 'NONE', 'WORKASPACE' ) );
#3561 = EDGE_CURVE ( 'NONE', #4194, #4659, #3120, .T. ) ;
#3562 = DIRECTION ( 'NONE',  ( -1.000000000000000000, 0.000000000000000000, 0.000000000000000000 ) ) ;
#3563 = FACE_OUTER_BOUND ( 'NONE', #3768, .T. ) ;
#3564 = EDGE_CURVE ( 'NONE', #492, #2960, #3846, .T. ) ;
#3565 = AXIS2_PLACEMENT_3D ( 'NONE', #4879, #4182, #2234 ) ;
#3566 = VECTOR ( 'NONE', #499, 1000.000000000000000 ) ;
#3567 = ORIENTED_EDGE ( 'NONE', *, *, #4768, .T. ) ;
#3568 = CARTESIAN_POINT ( 'NONE',  ( -0.6400000000000001243, 0.000000000000000000, 0.9000000000000063505 ) ) ;
#3569 = CARTESIAN_POINT ( 'NONE',  ( -1.212966224413917438, 0.9199999999999999289, -1.060823459926482748 ) ) ;
#3570 = CARTESIAN_POINT ( 'NONE',  ( -0.1400000000000000966, 0.000000000000000000, -0.9000000000000029088 ) ) ;
#3571 = ORIENTED_EDGE ( 'NONE', *, *, #165, .T. ) ;
#3572 = SURFACE_SIDE_STYLE ('',( #2406 ) ) ;
#3573 = EDGE_LOOP ( 'NONE', ( #1818, #285, #672, #3048 ) ) ;
#3574 = DIRECTION ( 'NONE',  ( 1.000000000000000000, 0.000000000000000000, -7.744301232039315695E-16 ) ) ;
#3575 = FACE_OUTER_BOUND ( 'NONE', #4151, .T. ) ;
#3576 = VECTOR ( 'NONE', #1208, 1000.000000000000000 ) ;
#3577 = ORIENTED_EDGE ( 'NONE', *, *, #2918, .F. ) ;
#3578 = CARTESIAN_POINT ( 'NONE',  ( -0.9499999999999981792, 0.1600000000000000033, -0.3900000000000000688 ) ) ;
#3579 = CARTESIAN_POINT ( 'NONE',  ( 0.6399999999999999023, 0.1600000000000000033, -0.8999999999999995781 ) ) ;
#3580 = VERTEX_POINT ( 'NONE', #4222 ) ;
#3581 = DIRECTION ( 'NONE',  ( 0.000000000000000000, -1.000000000000000000, 0.000000000000000000 ) ) ;
#3582 = LINE ( 'NONE', #2421, #4695 ) ;
#3583 = VERTEX_POINT ( 'NONE', #2775 ) ;
#3584 = EDGE_CURVE ( 'NONE', #632, #2941, #829, .T. ) ;
#3585 = DIRECTION ( 'NONE',  ( 0.000000000000000000, -1.000000000000000000, 0.000000000000000000 ) ) ;
#3586 = LINE ( 'NONE', #4386, #3270 ) ;
#3587 = EDGE_CURVE ( 'NONE', #1243, #3583, #3874, .T. ) ;
#3588 = DIRECTION ( 'NONE',  ( 0.000000000000000000, 0.000000000000000000, 1.000000000000000000 ) ) ;
#3589 = EDGE_CURVE ( 'NONE', #127, #2769, #1223, .T. ) ;
#3590 = AXIS2_PLACEMENT_3D ( 'NONE', #845, #2964, #428 ) ;
#3591 = VECTOR ( 'NONE', #4235, 1000.000000000000000 ) ;
#3592 = DIRECTION ( 'NONE',  ( 7.744301232039316681E-16, -0.000000000000000000, 1.000000000000000000 ) ) ;
#3593 = ORIENTED_EDGE ( 'NONE', *, *, #3006, .F. ) ;
#3594 = LINE ( 'NONE', #591, #3908 ) ;
#3595 = VERTEX_POINT ( 'NONE', #1998 ) ;
#3596 = PRESENTATION_STYLE_ASSIGNMENT (( #2522 ) ) ;
#3597 = DIRECTION ( 'NONE',  ( 0.000000000000000000, 0.000000000000000000, -1.000000000000000000 ) ) ;
#3598 = VECTOR ( 'NONE', #2059, 1000.000000000000000 ) ;
#3599 = VECTOR ( 'NONE', #579, 1000.000000000000000 ) ;
#3600 = DIRECTION ( 'NONE',  ( -0.000000000000000000, 0.000000000000000000, 1.000000000000000000 ) ) ;
#3601 = EDGE_LOOP ( 'NONE', ( #53, #644 ) ) ;
#3602 = CARTESIAN_POINT ( 'NONE',  ( 0.9499999999999948486, 0.000000000000000000, 0.6099999999999999867 ) ) ;
#3603 = DIRECTION ( 'NONE',  ( -2.710505431213759113E-16, 0.000000000000000000, -1.000000000000000000 ) ) ;
#3604 = ORIENTED_EDGE ( 'NONE', *, *, #2469, .F. ) ;
#3605 = FACE_OUTER_BOUND ( 'NONE', #493, .T. ) ;
#3606 = SURFACE_STYLE_USAGE ( .BOTH. , #2364 ) ;
#3607 = ORIENTED_EDGE ( 'NONE', *, *, #1807, .T. ) ;
#3608 = PLANE ( 'NONE',  #2953 ) ;
#3609 = LINE ( 'NONE', #1260, #4229 ) ;
#3610 = AXIS2_PLACEMENT_3D ( 'NONE', #209, #1712, #4771 ) ;
#3611 = CARTESIAN_POINT ( 'NONE',  ( 1.349999999999996314, 0.1600000000000000033, 0.3900000000000000688 ) ) ;
#3612 = CARTESIAN_POINT ( 'NONE',  ( -0.9499999999999948486, 0.1599999999999999756, 0.6099999999999999867 ) ) ;
#3613 = PLANE ( 'NONE',  #1828 ) ;
#3614 = MANIFOLD_SOLID_BREP ( 'Boss-Extrude3', #3118 ) ;
#3615 = EDGE_CURVE ( 'NONE', #1245, #1797, #2104, .T. ) ;
#3616 = EDGE_CURVE ( 'NONE', #183, #2841, #441, .T. ) ;
#3617 = DIRECTION ( 'NONE',  ( 0.000000000000000000, 0.000000000000000000, -1.000000000000000000 ) ) ;
#3618 = LINE ( 'NONE', #1994, #52 ) ;
#3619 = ORIENTED_EDGE ( 'NONE', *, *, #1080, .F. ) ;
#3620 = VECTOR ( 'NONE', #223, 1000.000000000000000 ) ;
#3621 = SURFACE_STYLE_FILL_AREA ( #2100 ) ;
#3622 = ORIENTED_EDGE ( 'NONE', *, *, #1657, .F. ) ;
#3623 =( NAMED_UNIT ( * ) SI_UNIT ( $, .STERADIAN. ) SOLID_ANGLE_UNIT ( ) );
#3624 = AXIS2_PLACEMENT_3D ( 'NONE', #2005, #113, #1714 ) ;
#3625 = LINE ( 'NONE', #2054, #597 ) ;
#3626 = EDGE_CURVE ( 'NONE', #1935, #2272, #4824, .T. ) ;
#3627 = MANIFOLD_SOLID_BREP ( 'Boss-Extrude4[8]', #97 ) ;
#3628 = AXIS2_PLACEMENT_3D ( 'NONE', #518, #2025, #3541 ) ;
#3629 = AXIS2_PLACEMENT_3D ( 'NONE', #4464, #1067, #729 ) ;
#3630 = EDGE_CURVE ( 'NONE', #4484, #2948, #955, .T. ) ;
#3631 = ORIENTED_EDGE ( 'NONE', *, *, #3865, .T. ) ;
#3632 = DIRECTION ( 'NONE',  ( 1.000000000000000000, 0.000000000000000000, 7.744301232039313723E-16 ) ) ;
#3633 = CARTESIAN_POINT ( 'NONE',  ( 0.9499999999999998446, 0.1600000000000000033, -0.8900000000000000133 ) ) ;
#3634 = EDGE_CURVE ( 'NONE', #1455, #2103, #2175, .T. ) ;
#3635 = ORIENTED_EDGE ( 'NONE', *, *, #4389, .F. ) ;
#3636 = MANIFOLD_SOLID_BREP ( 'Boss-Extrude4[13]', #4797 ) ;
#3637 = PLANE ( 'NONE',  #2975 ) ;
#3638 = CARTESIAN_POINT ( 'NONE',  ( 1.349999999999994760, 0.1600000000000000033, 0.8900000000000000133 ) ) ;
#3639 = VERTEX_POINT ( 'NONE', #237 ) ;
#3640 = CARTESIAN_POINT ( 'NONE',  ( -0.9499999999999964029, 0.1600000000000000033, 0.1099999999999999589 ) ) ;
#3641 = CARTESIAN_POINT ( 'NONE',  ( 0.9499999999999948486, 0.1600000000000000033, 0.6099999999999999867 ) ) ;
#3642 = VECTOR ( 'NONE', #4315, 1000.000000000000000 ) ;
#3643 = CARTESIAN_POINT ( 'NONE',  ( -0.6400000000000001243, 0.1600000000000000033, 0.9000000000000063505 ) ) ;
#3644 = FACE_OUTER_BOUND ( 'NONE', #4825, .T. ) ;
#3645 = EDGE_CURVE ( 'NONE', #4419, #749, #2127, .T. ) ;
#3646 = CARTESIAN_POINT ( 'NONE',  ( 1.449999999999999956, 0.000000000000000000, 1.400000000000000133 ) ) ;
#3647 = EDGE_LOOP ( 'NONE', ( #2593, #681, #2750, #4551 ) ) ;
#3648 = EDGE_LOOP ( 'NONE', ( #2441, #377, #4336, #2521 ) ) ;
#3649 = DIRECTION ( 'NONE',  ( 2.710505431213759113E-16, 0.000000000000000000, -1.000000000000000000 ) ) ;
#3650 = EDGE_LOOP ( 'NONE', ( #195, #864, #2061, #4221 ) ) ;
#3651 = CARTESIAN_POINT ( 'NONE',  ( -0.6400000000000001243, 0.1600000000000000033, -0.9000000000000063505 ) ) ;
#3652 = DIRECTION ( 'NONE',  ( 0.000000000000000000, 0.000000000000000000, 1.000000000000000000 ) ) ;
#3653 = EDGE_CURVE ( 'NONE', #376, #872, #4046, .T. ) ;
#3654 = ORIENTED_EDGE ( 'NONE', *, *, #4447, .T. ) ;
#3655 = CARTESIAN_POINT ( 'NONE',  ( -0.6400000000000000133, 0.1600000000000000033, 1.300000000000006706 ) ) ;
#3656 = DIRECTION ( 'NONE',  ( 0.000000000000000000, 0.000000000000000000, -1.000000000000000000 ) ) ;
#3657 = ORIENTED_EDGE ( 'NONE', *, *, #1550, .F. ) ;
#3658 = PLANE ( 'NONE',  #4004 ) ;
#3659 = CARTESIAN_POINT ( 'NONE',  ( 0.1399999999999999301, 0.1599999999999999756, 0.9000000000000030198 ) ) ;
#3660 = UNCERTAINTY_MEASURE_WITH_UNIT (LENGTH_MEASURE( 1.000000000000000082E-05 ), #2478, 'distance_accuracy_value', 'NONE');
#3661 = DIRECTION ( 'NONE',  ( 0.000000000000000000, 0.000000000000000000, 1.000000000000000000 ) ) ;
#3662 = LINE ( 'NONE', #3352, #3826 ) ;
#3663 = VECTOR ( 'NONE', #360, 1000.000000000000000 ) ;
#3664 = CARTESIAN_POINT ( 'NONE',  ( 0.9499999999999964029, 0.1600000000000000033, 0.1099999999999999589 ) ) ;
#3665 = PLANE ( 'NONE',  #2354 ) ;
#3666 = ORIENTED_EDGE ( 'NONE', *, *, #4529, .T. ) ;
#3667 = CARTESIAN_POINT ( 'NONE',  ( -1.349999999999994760, 0.1600000000000000033, 0.6099999999999999867 ) ) ;
#3668 = VERTEX_POINT ( 'NONE', #4002 ) ;
#3669 = VECTOR ( 'NONE', #3958, 1000.000000000000000 ) ;
#3670 = ORIENTED_EDGE ( 'NONE', *, *, #1142, .T. ) ;
#3671 = LINE ( 'NONE', #3296, #1645 ) ;
#3672 = VECTOR ( 'NONE', #2664, 1000.000000000000000 ) ;
#3673 = CARTESIAN_POINT ( 'NONE',  ( -1.349999999999996314, 0.000000000000000000, 0.1099999999999999589 ) ) ;
#3674 = VECTOR ( 'NONE', #4276, 1000.000000000000000 ) ;
#3675 = ORIENTED_EDGE ( 'NONE', *, *, #4024, .F. ) ;
#3676 = LINE ( 'NONE', #270, #2926 ) ;
#3677 = ORIENTED_EDGE ( 'NONE', *, *, #3645, .F. ) ;
#3678 = PLANE ( 'NONE',  #4719 ) ;
#3679 = DIRECTION ( 'NONE',  ( 0.000000000000000000, -1.000000000000000000, 0.000000000000000000 ) ) ;
#3680 = EDGE_CURVE ( 'NONE', #3340, #790, #2896, .T. ) ;
#3681 = ORIENTED_EDGE ( 'NONE', *, *, #88, .F. ) ;
#3682 = DIRECTION ( 'NONE',  ( -0.000000000000000000, -1.000000000000000000, -0.000000000000000000 ) ) ;
#3683 = DIRECTION ( 'NONE',  ( 0.000000000000000000, 0.000000000000000000, -1.000000000000000000 ) ) ;
#3684 = CARTESIAN_POINT ( 'NONE',  ( 0.3599999999999999312, 0.1599999999999999756, 0.8999999999999994671 ) ) ;
#3685 = DIRECTION ( 'NONE',  ( 0.000000000000000000, 0.000000000000000000, -1.000000000000000000 ) ) ;
#3686 = CARTESIAN_POINT ( 'NONE',  ( -1.349999999999996314, 0.1600000000000000033, 0.3900000000000000688 ) ) ;
#3687 = VERTEX_POINT ( 'NONE', #1765 ) ;
#3688 = CARTESIAN_POINT ( 'NONE',  ( -0.6400000000000001243, 0.000000000000000000, -0.9000000000000063505 ) ) ;
#3689 = COLOUR_RGB ( '',0.7921568627450980005, 0.8196078431372548767, 0.9333333333333333481 ) ;
#3690 = EDGE_CURVE ( 'NONE', #1401, #3580, #1389, .T. ) ;
#3691 = VERTEX_POINT ( 'NONE', #4120 ) ;
#3692 = ORIENTED_EDGE ( 'NONE', *, *, #1060, .F. ) ;
#3693 = CARTESIAN_POINT ( 'NONE',  ( -0.1400000000000000966, 0.000000000000000000, -0.9000000000000029088 ) ) ;
#3694 = EDGE_LOOP ( 'NONE', ( #1343, #1887, #2499, #1839 ) ) ;
#3695 = ORIENTED_EDGE ( 'NONE', *, *, #24, .F. ) ;
#3696 = DIRECTION ( 'NONE',  ( -1.355252715606879556E-16, -0.000000000000000000, -1.000000000000000000 ) ) ;
#3697 = DIRECTION ( 'NONE',  ( 7.744301232039315695E-16, 0.000000000000000000, -1.000000000000000000 ) ) ;
#3698 = LINE ( 'NONE', #3257, #1118 ) ;
#3699 = ORIENTED_EDGE ( 'NONE', *, *, #1102, .F. ) ;
#3700 = CARTESIAN_POINT ( 'NONE',  ( 0.9499999999999998446, 0.1600000000000000033, -0.6099999999999999867 ) ) ;
#3701 = ADVANCED_FACE ( 'NONE', ( #3450 ), #3890, .F. ) ;
#3702 = EDGE_CURVE ( 'NONE', #3424, #2271, #1189, .T. ) ;
#3703 = LINE ( 'NONE', #702, #2501 ) ;
#3704 = DIRECTION ( 'NONE',  ( 0.000000000000000000, -1.000000000000000000, 0.000000000000000000 ) ) ;
#3705 = ORIENTED_EDGE ( 'NONE', *, *, #4013, .T. ) ;
#3706 = ADVANCED_FACE ( 'NONE', ( #4467 ), #3360, .F. ) ;
#3707 = FACE_OUTER_BOUND ( 'NONE', #3648, .T. ) ;
#3708 = CARTESIAN_POINT ( 'NONE',  ( 1.449999999999999956, 0.1600000000000000033, 1.400000000000000133 ) ) ;
#3709 = ORIENTED_EDGE ( 'NONE', *, *, #2128, .T. ) ;
#3710 = CARTESIAN_POINT ( 'NONE',  ( 0.3599999999999999312, 0.1600000000000000033, 0.8999999999999994671 ) ) ;
#3711 = VECTOR ( 'NONE', #3080, 1000.000000000000000 ) ;
#3712 = VECTOR ( 'NONE', #2217, 1000.000000000000000 ) ;
#3713 = ORIENTED_EDGE ( 'NONE', *, *, #4541, .T. ) ;
#3714 = STYLED_ITEM ( 'NONE', ( #3743 ), #3510 ) ;
#3715 = ORIENTED_EDGE ( 'NONE', *, *, #662, .T. ) ;
#3716 = PLANE ( 'NONE',  #387 ) ;
#3717 = EDGE_CURVE ( 'NONE', #2735, #2050, #4523, .T. ) ;
#3718 = AXIS2_PLACEMENT_3D ( 'NONE', #4779, #2874, #2131 ) ;
#3719 = ORIENTED_EDGE ( 'NONE', *, *, #560, .T. ) ;
#3720 = VECTOR ( 'NONE', #524, 1000.000000000000000 ) ;
#3721 = CARTESIAN_POINT ( 'NONE',  ( 1.349999999999996314, 0.1600000000000000033, 0.3900000000000000688 ) ) ;
#3722 = VERTEX_POINT ( 'NONE', #3739 ) ;
#3723 =( NAMED_UNIT ( * ) SI_UNIT ( $, .STERADIAN. ) SOLID_ANGLE_UNIT ( ) );
#3724 = FACE_OUTER_BOUND ( 'NONE', #761, .T. ) ;
#3725 = FACE_OUTER_BOUND ( 'NONE', #2824, .T. ) ;
#3726 = DIRECTION ( 'NONE',  ( -2.710505431213761578E-16, 0.000000000000000000, -1.000000000000000000 ) ) ;
#3727 = ORIENTED_EDGE ( 'NONE', *, *, #1580, .T. ) ;
#3728 = EDGE_CURVE ( 'NONE', #3486, #2582, #486, .T. ) ;
#3729 = ORIENTED_EDGE ( 'NONE', *, *, #1237, .T. ) ;
#3730 = DIRECTION ( 'NONE',  ( -1.000000000000000000, 0.000000000000000000, -1.355252715606879556E-16 ) ) ;
#3731 = ADVANCED_FACE ( 'NONE', ( #334 ), #2592, .T. ) ;
#3732 = DIRECTION ( 'NONE',  ( -0.000000000000000000, -0.000000000000000000, 1.000000000000000000 ) ) ;
#3733 = LINE ( 'NONE', #2564, #771 ) ;
#3734 = EDGE_LOOP ( 'NONE', ( #2819, #132, #4784, #3191 ) ) ;
#3735 = CARTESIAN_POINT ( 'NONE',  ( -1.212966224413917438, 0.9199999999999999289, -1.166255723846428172 ) ) ;
#3736 = EDGE_CURVE ( 'NONE', #1790, #3344, #3314, .T. ) ;
#3737 = DIRECTION ( 'NONE',  ( -0.000000000000000000, 0.000000000000000000, 1.000000000000000000 ) ) ;
#3738 = ORIENTED_EDGE ( 'NONE', *, *, #2154, .T. ) ;
#3739 = CARTESIAN_POINT ( 'NONE',  ( 0.9499999999999964029, 0.000000000000000000, 0.3900000000000000688 ) ) ;
#3740 = ADVANCED_FACE ( 'NONE', ( #3861 ), #3084, .T. ) ;
#3741 = ORIENTED_EDGE ( 'NONE', *, *, #4140, .T. ) ;
#3742 = ORIENTED_EDGE ( 'NONE', *, *, #421, .F. ) ;
#3743 = PRESENTATION_STYLE_ASSIGNMENT (( #2228 ) ) ;
#3744 = ORIENTED_EDGE ( 'NONE', *, *, #2729, .F. ) ;
#3745 = VECTOR ( 'NONE', #3004, 1000.000000000000000 ) ;
#3746 = CARTESIAN_POINT ( 'NONE',  ( -0.6400000000000000133, 0.000000000000000000, -1.300000000000006706 ) ) ;
#3747 = AXIS2_PLACEMENT_3D ( 'NONE', #1035, #3730, #2212 ) ;
#3748 = VERTEX_POINT ( 'NONE', #1467 ) ;
#3749 = CARTESIAN_POINT ( 'NONE',  ( -1.212966224413917438, 0.9699999999999999734, -1.166255723846428172 ) ) ;
#3750 = CARTESIAN_POINT ( 'NONE',  ( 1.449999999999999956, 5.971128874149274957, -1.399999999999999689 ) ) ;
#3751 = DIRECTION ( 'NONE',  ( 0.000000000000000000, -0.000000000000000000, 1.000000000000000000 ) ) ;
#3752 = PLANE ( 'NONE',  #652 ) ;
#3753 = VECTOR ( 'NONE', #917, 1000.000000000000000 ) ;
#3754 = ADVANCED_FACE ( 'NONE', ( #2993 ), #2688, .F. ) ;
#3755 = VERTEX_POINT ( 'NONE', #4212 ) ;
#3756 = CLOSED_SHELL ( 'NONE', ( #4265, #1179, #1205, #3193, #599, #3205 ) ) ;
#3757 = ORIENTED_EDGE ( 'NONE', *, *, #2343, .F. ) ;
#3758 = LINE ( 'NONE', #3380, #2635 ) ;
#3759 = DIRECTION ( 'NONE',  ( -2.710505431213761578E-16, -0.000000000000000000, 1.000000000000000000 ) ) ;
#3760 = AXIS2_PLACEMENT_3D ( 'NONE', #1338, #3562, #3661 ) ;
#3761 = LINE ( 'NONE', #2637, #2594 ) ;
#3762 = VERTEX_POINT ( 'NONE', #1552 ) ;
#3763 = DIRECTION ( 'NONE',  ( 0.000000000000000000, 1.000000000000000000, 0.000000000000000000 ) ) ;
#3764 = DIRECTION ( 'NONE',  ( 3.872150616019658834E-16, 0.000000000000000000, -1.000000000000000000 ) ) ;
#3765 = ORIENTED_EDGE ( 'NONE', *, *, #4146, .F. ) ;
#3766 = ADVANCED_FACE ( 'NONE', ( #4638 ), #2568, .T. ) ;
#3767 = ORIENTED_EDGE ( 'NONE', *, *, #430, .F. ) ;
#3768 = EDGE_LOOP ( 'NONE', ( #1616, #3466, #2487, #1368 ) ) ;
#3769 = LINE ( 'NONE', #27, #700 ) ;
#3770 = ADVANCED_FACE ( 'NONE', ( #682 ), #2368, .F. ) ;
#3771 = EDGE_LOOP ( 'NONE', ( #4857, #3790, #2698, #815 ) ) ;
#3772 = ADVANCED_FACE ( 'NONE', ( #3478 ), #3833, .T. ) ;
#3773 = LINE ( 'NONE', #3022, #4247 ) ;
#3774 = PRESENTATION_STYLE_ASSIGNMENT (( #2674 ) ) ;
#3775 = EDGE_LOOP ( 'NONE', ( #1469, #2774, #1023, #4687 ) ) ;
#3776 = DIRECTION ( 'NONE',  ( -2.710505431213761578E-16, 0.000000000000000000, 1.000000000000000000 ) ) ;
#3777 = DIRECTION ( 'NONE',  ( -1.000000000000000000, 0.000000000000000000, -2.710505431213759606E-16 ) ) ;
#3778 = CARTESIAN_POINT ( 'NONE',  ( -0.1400000000000000966, 0.1599999999999999756, -0.9000000000000029088 ) ) ;
#3779 = PLANE ( 'NONE',  #1047 ) ;
#3780 = VERTEX_POINT ( 'NONE', #2713 ) ;
#3781 = ORIENTED_EDGE ( 'NONE', *, *, #429, .F. ) ;
#3782 =( GEOMETRIC_REPRESENTATION_CONTEXT ( 3 ) GLOBAL_UNCERTAINTY_ASSIGNED_CONTEXT ( ( #3144 ) ) GLOBAL_UNIT_ASSIGNED_CONTEXT ( ( #4679, #1201, #1570 ) ) REPRESENTATION_CONTEXT ( 'NONE', 'WORKASPACE' ) );
#3783 = LINE ( 'NONE', #1529, #2081 ) ;
#3784 = DIRECTION ( 'NONE',  ( -0.000000000000000000, -1.000000000000000000, -0.000000000000000000 ) ) ;
#3785 = ORIENTED_EDGE ( 'NONE', *, *, #2165, .T. ) ;
#3786 = CARTESIAN_POINT ( 'NONE',  ( 0.9499999999999964029, 0.000000000000000000, 0.3900000000000000688 ) ) ;
#3787 = CARTESIAN_POINT ( 'NONE',  ( 1.349999999999994760, 0.1599999999999999756, 0.6099999999999998757 ) ) ;
#3788 = VERTEX_POINT ( 'NONE', #819 ) ;
#3789 = EDGE_CURVE ( 'NONE', #1168, #790, #2342, .T. ) ;
#3790 = ORIENTED_EDGE ( 'NONE', *, *, #1612, .T. ) ;
#3791 = ORIENTED_EDGE ( 'NONE', *, *, #3869, .F. ) ;
#3792 = CARTESIAN_POINT ( 'NONE',  ( -1.349999999999998090, 0.1600000000000000033, -0.1099999999999999589 ) ) ;
#3793 = ORIENTED_EDGE ( 'NONE', *, *, #2442, .T. ) ;
#3794 = VECTOR ( 'NONE', #4400, 1000.000000000000000 ) ;
#3795 = EDGE_CURVE ( 'NONE', #759, #4726, #2834, .T. ) ;
#3796 = CARTESIAN_POINT ( 'NONE',  ( -1.349999999999998090, 0.1599999999999999756, -0.1099999999999999589 ) ) ;
#3797 = ORIENTED_EDGE ( 'NONE', *, *, #3690, .T. ) ;
#3798 = CARTESIAN_POINT ( 'NONE',  ( -0.6400000000000001243, 0.6482622246293484602, 0.9000000000000063505 ) ) ;
#3799 = DIRECTION ( 'NONE',  ( 0.000000000000000000, -1.000000000000000000, 0.000000000000000000 ) ) ;
#3800 = FACE_OUTER_BOUND ( 'NONE', #1283, .T. ) ;
#3801 = VECTOR ( 'NONE', #4776, 1000.000000000000000 ) ;
#3802 = ADVANCED_FACE ( 'NONE', ( #4662 ), #171, .F. ) ;
#3803 = PLANE ( 'NONE',  #3034 ) ;
#3804 = ORIENTED_EDGE ( 'NONE', *, *, #3626, .F. ) ;
#3805 = ORIENTED_EDGE ( 'NONE', *, *, #2610, .F. ) ;
#3806 = CARTESIAN_POINT ( 'NONE',  ( 0.9499999999999998446, 0.000000000000000000, -0.8900000000000000133 ) ) ;
#3807 = VECTOR ( 'NONE', #1282, 1000.000000000000000 ) ;
#3808 = PLANE ( 'NONE',  #1956 ) ;
#3809 = DIRECTION ( 'NONE',  ( -1.000000000000000000, 0.000000000000000000, -3.872150616019657848E-16 ) ) ;
#3810 = LINE ( 'NONE', #3786, #366 ) ;
#3811 = LINE ( 'NONE', #332, #879 ) ;
#3812 = ORIENTED_EDGE ( 'NONE', *, *, #4517, .T. ) ;
#3813 = ORIENTED_EDGE ( 'NONE', *, *, #4330, .T. ) ;
#3814 = ORIENTED_EDGE ( 'NONE', *, *, #4783, .T. ) ;
#3815 = CARTESIAN_POINT ( 'NONE',  ( 0.9499999999999981792, 0.1600000000000000033, -0.1099999999999999589 ) ) ;
#3816 = EDGE_CURVE ( 'NONE', #3029, #4194, #1707, .T. ) ;
#3817 = LINE ( 'NONE', #3440, #4266 ) ;
#3818 = FACE_OUTER_BOUND ( 'NONE', #4899, .T. ) ;
#3819 = FACE_BOUND ( 'NONE', #4721, .T. ) ;
#3820 = ORIENTED_EDGE ( 'NONE', *, *, #336, .T. ) ;
#3821 = DIRECTION ( 'NONE',  ( -1.000000000000000000, -0.000000000000000000, 3.872150616019658341E-16 ) ) ;
#3822 = DIRECTION ( 'NONE',  ( -0.000000000000000000, -0.000000000000000000, 1.000000000000000000 ) ) ;
#3823 = CARTESIAN_POINT ( 'NONE',  ( 0.3599999999999999312, 0.1600000000000000033, 0.8999999999999994671 ) ) ;
#3824 = LINE ( 'NONE', #1850, #2558 ) ;
#3825 = VECTOR ( 'NONE', #993, 1000.000000000000000 ) ;
#3826 = VECTOR ( 'NONE', #252, 1000.000000000000000 ) ;
#3827 = PLANE ( 'NONE',  #813 ) ;
#3828 = ORIENTED_EDGE ( 'NONE', *, *, #4064, .F. ) ;
#3829 = FACE_BOUND ( 'NONE', #290, .T. ) ;
#3830 = ORIENTED_EDGE ( 'NONE', *, *, #3936, .T. ) ;
#3831 = PLANE ( 'NONE',  #4470 ) ;
#3832 = VECTOR ( 'NONE', #4755, 1000.000000000000000 ) ;
#3833 = PLANE ( 'NONE',  #2789 ) ;
#3834 = VECTOR ( 'NONE', #3799, 1000.000000000000000 ) ;
#3835 = EDGE_CURVE ( 'NONE', #340, #1030, #1987, .T. ) ;
#3836 = VECTOR ( 'NONE', #2031, 1000.000000000000000 ) ;
#3837 = CARTESIAN_POINT ( 'NONE',  ( -0.1400000000000000966, 0.6482622246293484602, 0.9000000000000029088 ) ) ;
#3838 = CARTESIAN_POINT ( 'NONE',  ( -1.349999999999999867, 0.1599999999999999756, -0.6099999999999999867 ) ) ;
#3839 = DIRECTION ( 'NONE',  ( 1.355252715606879556E-16, 0.000000000000000000, -1.000000000000000000 ) ) ;
#3840 = CARTESIAN_POINT ( 'NONE',  ( -0.6400000000000000133, 0.6482622246293484602, 1.300000000000006706 ) ) ;
#3841 = EDGE_LOOP ( 'NONE', ( #3166, #3887, #210, #3037 ) ) ;
#3842 = EDGE_CURVE ( 'NONE', #3223, #1356, #2042, .T. ) ;
#3843 = DIRECTION ( 'NONE',  ( -1.000000000000000000, 0.000000000000000000, 0.000000000000000000 ) ) ;
#3844 = ORIENTED_EDGE ( 'NONE', *, *, #81, .F. ) ;
#3845 = VERTEX_POINT ( 'NONE', #198 ) ;
#3846 = LINE ( 'NONE', #3192, #2605 ) ;
#3847 = AXIS2_PLACEMENT_3D ( 'NONE', #134, #3167, #3597 ) ;
#3848 = EDGE_CURVE ( 'NONE', #2283, #1701, #4764, .T. ) ;
#3849 = DIRECTION ( 'NONE',  ( 0.000000000000000000, 0.000000000000000000, 1.000000000000000000 ) ) ;
#3850 = ORIENTED_EDGE ( 'NONE', *, *, #2455, .F. ) ;
#3851 = LINE ( 'NONE', #2726, #3856 ) ;
#3852 = FACE_OUTER_BOUND ( 'NONE', #2642, .T. ) ;
#3853 = FACE_OUTER_BOUND ( 'NONE', #3960, .T. ) ;
#3854 = ORIENTED_EDGE ( 'NONE', *, *, #2573, .T. ) ;
#3855 = DIRECTION ( 'NONE',  ( -1.000000000000000000, 0.000000000000000000, 0.000000000000000000 ) ) ;
#3856 = VECTOR ( 'NONE', #446, 1000.000000000000000 ) ;
#3857 = LINE ( 'NONE', #915, #558 ) ;
#3858 = EDGE_LOOP ( 'NONE', ( #4778, #4870, #4533, #2928 ) ) ;
#3859 = CARTESIAN_POINT ( 'NONE',  ( -1.349999999999999867, 0.6482622246293484602, -0.6099999999999999867 ) ) ;
#3860 = COLOUR_RGB ( '',0.7921568627450980005, 0.8196078431372548767, 0.9333333333333333481 ) ;
#3861 = FACE_OUTER_BOUND ( 'NONE', #940, .T. ) ;
#3862 = VECTOR ( 'NONE', #3973, 1000.000000000000000 ) ;
#3863 = VECTOR ( 'NONE', #2892, 1000.000000000000000 ) ;
#3864 = LINE ( 'NONE', #2243, #2839 ) ;
#3865 = EDGE_CURVE ( 'NONE', #1030, #1107, #534, .T. ) ;
#3866 = DIRECTION ( 'NONE',  ( -0.000000000000000000, -1.000000000000000000, -0.000000000000000000 ) ) ;
#3867 = DIRECTION ( 'NONE',  ( 0.000000000000000000, 1.000000000000000000, 0.000000000000000000 ) ) ;
#3868 = LINE ( 'NONE', #1217, #4720 ) ;
#3869 = EDGE_CURVE ( 'NONE', #1300, #4452, #146, .T. ) ;
#3870 = ADVANCED_FACE ( 'NONE', ( #2424 ), #3504, .F. ) ;
#3871 = LINE ( 'NONE', #3950, #203 ) ;
#3872 = VERTEX_POINT ( 'NONE', #2859 ) ;
#3873 = ORIENTED_EDGE ( 'NONE', *, *, #2496, .T. ) ;
#3874 = LINE ( 'NONE', #3487, #472 ) ;
#3875 = DIRECTION ( 'NONE',  ( 1.355252715606879803E-16, 0.000000000000000000, 1.000000000000000000 ) ) ;
#3876 = VECTOR ( 'NONE', #220, 1000.000000000000000 ) ;
#3877 = CARTESIAN_POINT ( 'NONE',  ( 0.3599999999999999867, 0.1599999999999999756, 1.299999999999999822 ) ) ;
#3878 = CARTESIAN_POINT ( 'NONE',  ( -0.9499999999999964029, 0.1599999999999999756, 0.3900000000000000688 ) ) ;
#3879 = EDGE_LOOP ( 'NONE', ( #2591, #3402, #1601, #2176 ) ) ;
#3880 = LINE ( 'NONE', #2058, #779 ) ;
#3881 = DIRECTION ( 'NONE',  ( 0.000000000000000000, 1.000000000000000000, 0.000000000000000000 ) ) ;
#3882 = EDGE_CURVE ( 'NONE', #3897, #529, #1335, .T. ) ;
#3883 = VECTOR ( 'NONE', #1459, 1000.000000000000000 ) ;
#3884 = ORIENTED_EDGE ( 'NONE', *, *, #3702, .F. ) ;
#3885 = LINE ( 'NONE', #3423, #3711 ) ;
#3886 = FILL_AREA_STYLE ('',( #4284 ) ) ;
#3887 = ORIENTED_EDGE ( 'NONE', *, *, #1905, .F. ) ;
#3888 = DIRECTION ( 'NONE',  ( 1.000000000000000000, 0.000000000000000000, 0.000000000000000000 ) ) ;
#3889 = PRESENTATION_LAYER_ASSIGNMENT (  '', '', ( #4047 ) ) ;
#3890 = PLANE ( 'NONE',  #2634 ) ;
#3891 = FILL_AREA_STYLE_COLOUR ( '', #2762 ) ;
#3892 = FACE_OUTER_BOUND ( 'NONE', #2365, .T. ) ;
#3893 = PLANE ( 'NONE',  #2875 ) ;
#3894 = PRESENTATION_LAYER_ASSIGNMENT (  '', '', ( #4375 ) ) ;
#3895 = DIRECTION ( 'NONE',  ( 0.000000000000000000, 0.000000000000000000, -1.000000000000000000 ) ) ;
#3896 = EDGE_CURVE ( 'NONE', #712, #4564, #2394, .T. ) ;
#3897 = VERTEX_POINT ( 'NONE', #2763 ) ;
#3898 = DIRECTION ( 'NONE',  ( 0.000000000000000000, 1.000000000000000000, -0.000000000000000000 ) ) ;
#3899 = PLANE ( 'NONE',  #3628 ) ;
#3900 = ORIENTED_EDGE ( 'NONE', *, *, #4258, .T. ) ;
#3901 = ORIENTED_EDGE ( 'NONE', *, *, #2585, .F. ) ;
#3902 = CARTESIAN_POINT ( 'NONE',  ( 0.9499999999999964029, 0.1600000000000000033, 0.1099999999999999589 ) ) ;
#3903 = ADVANCED_FACE ( 'NONE', ( #3914 ), #1681, .F. ) ;
#3904 = CARTESIAN_POINT ( 'NONE',  ( 1.349999999999998090, 0.1600000000000000033, -0.1099999999999999589 ) ) ;
#3905 = SURFACE_STYLE_FILL_AREA ( #2703 ) ;
#3906 = VERTEX_POINT ( 'NONE', #4690 ) ;
#3907 = CARTESIAN_POINT ( 'NONE',  ( -0.9499999999999981792, 0.1600000000000000033, -0.1099999999999999589 ) ) ;
#3908 = VECTOR ( 'NONE', #3217, 1000.000000000000000 ) ;
#3909 = DIRECTION ( 'NONE',  ( -0.000000000000000000, -1.000000000000000000, -0.000000000000000000 ) ) ;
#3910 = MECHANICAL_DESIGN_GEOMETRIC_PRESENTATION_REPRESENTATION (  '', ( #1114 ), #2625 ) ;
#3911 = VERTEX_POINT ( 'NONE', #4338 ) ;
#3912 = EDGE_LOOP ( 'NONE', ( #91, #4378, #4459, #2266 ) ) ;
#3913 = FACE_OUTER_BOUND ( 'NONE', #300, .T. ) ;
#3914 = FACE_OUTER_BOUND ( 'NONE', #1942, .T. ) ;
#3915 = ADVANCED_FACE ( 'NONE', ( #4741 ), #918, .T. ) ;
#3916 = CIRCLE ( 'NONE', #414, 0.1054322639199452849 ) ;
#3917 = DIRECTION ( 'NONE',  ( -1.000000000000000000, 0.000000000000000000, -7.744301232039316681E-16 ) ) ;
#3918 = FACE_OUTER_BOUND ( 'NONE', #2570, .T. ) ;
#3919 = AXIS2_PLACEMENT_3D ( 'NONE', #382, #359, #1581 ) ;
#3920 = EDGE_CURVE ( 'NONE', #4869, #15, #3586, .T. ) ;
#3921 = CARTESIAN_POINT ( 'NONE',  ( -0.9499999999999964029, 0.1600000000000000033, 0.1099999999999999589 ) ) ;
#3922 = ORIENTED_EDGE ( 'NONE', *, *, #1076, .F. ) ;
#3923 = CARTESIAN_POINT ( 'NONE',  ( 0.000000000000000000, 0.1600000000000000033, 0.000000000000000000 ) ) ;
#3924 = FACE_OUTER_BOUND ( 'NONE', #3841, .T. ) ;
#3925 = ORIENTED_EDGE ( 'NONE', *, *, #2203, .T. ) ;
#3926 = CLOSED_SHELL ( 'NONE', ( #3915, #303, #4623, #2371 ) ) ;
#3927 = ORIENTED_EDGE ( 'NONE', *, *, #464, .T. ) ;
#3928 = FILL_AREA_STYLE_COLOUR ( '', #3245 ) ;
#3929 = DIRECTION ( 'NONE',  ( 0.000000000000000000, 0.000000000000000000, 1.000000000000000000 ) ) ;
#3930 = DIRECTION ( 'NONE',  ( 2.710505431213761578E-16, 0.000000000000000000, 1.000000000000000000 ) ) ;
#3931 = VECTOR ( 'NONE', #3866, 1000.000000000000000 ) ;
#3932 = ADVANCED_FACE ( 'NONE', ( #943 ), #511, .F. ) ;
#3933 = EDGE_LOOP ( 'NONE', ( #94, #1462, #3985, #3982 ) ) ;
#3934 = CARTESIAN_POINT ( 'NONE',  ( -0.1400000000000000966, 0.1599999999999999756, 0.9000000000000029088 ) ) ;
#3935 = CARTESIAN_POINT ( 'NONE',  ( -1.212966224413917438, 0.9199999999999999289, -1.060823459926482970 ) ) ;
#3936 = EDGE_CURVE ( 'NONE', #1526, #4634, #3609, .T. ) ;
#3937 = PRODUCT_DEFINITION ( 'UNKNOWN', '', #2370, #2168 ) ;
#3938 = EDGE_LOOP ( 'NONE', ( #1667, #2013, #384, #2869 ) ) ;
#3939 = ADVANCED_FACE ( 'NONE', ( #4288 ), #1734, .T. ) ;
#3940 = PLANE ( 'NONE',  #150 ) ;
#3941 = ORIENTED_EDGE ( 'NONE', *, *, #4171, .F. ) ;
#3942 = CARTESIAN_POINT ( 'NONE',  ( -1.349999999999999867, 0.6482622246293484602, -0.8900000000000000133 ) ) ;
#3943 = VECTOR ( 'NONE', #4431, 1000.000000000000000 ) ;
#3944 = DIRECTION ( 'NONE',  ( 1.000000000000000000, -0.000000000000000000, 0.000000000000000000 ) ) ;
#3945 = CARTESIAN_POINT ( 'NONE',  ( 0.9499999999999964029, 0.1600000000000000033, 0.1099999999999999589 ) ) ;
#3946 = CARTESIAN_POINT ( 'NONE',  ( 0.3599999999999999867, 0.1600000000000000033, -1.299999999999999822 ) ) ;
#3947 = ORIENTED_EDGE ( 'NONE', *, *, #3865, .F. ) ;
#3948 = CARTESIAN_POINT ( 'NONE',  ( 0.9499999999999948486, 0.6482622246293484602, 0.8900000000000000133 ) ) ;
#3949 = CARTESIAN_POINT ( 'NONE',  ( 1.349999999999996314, 0.1600000000000000033, 0.1099999999999999589 ) ) ;
#3950 = CARTESIAN_POINT ( 'NONE',  ( -1.449999999999999956, 0.1600000000000000033, 1.400000000000000577 ) ) ;
#3951 = ORIENTED_EDGE ( 'NONE', *, *, #4729, .F. ) ;
#3952 = SURFACE_STYLE_USAGE ( .BOTH. , #3073 ) ;
#3953 = VERTEX_POINT ( 'NONE', #670 ) ;
#3954 = DIRECTION ( 'NONE',  ( 0.000000000000000000, -0.000000000000000000, 1.000000000000000000 ) ) ;
#3955 = ORIENTED_EDGE ( 'NONE', *, *, #1959, .F. ) ;
#3956 = EDGE_CURVE ( 'NONE', #835, #3788, #2117, .T. ) ;
#3957 = DIRECTION ( 'NONE',  ( 1.000000000000000000, 0.000000000000000000, 3.872150616019658834E-16 ) ) ;
#3958 = DIRECTION ( 'NONE',  ( -0.000000000000000000, 1.000000000000000000, -0.000000000000000000 ) ) ;
#3959 = EDGE_CURVE ( 'NONE', #4137, #1168, #1800, .T. ) ;
#3960 = EDGE_LOOP ( 'NONE', ( #4891, #1374, #2572, #130 ) ) ;
#3961 = PLANE ( 'NONE',  #1259 ) ;
#3962 = ORIENTED_EDGE ( 'NONE', *, *, #3992, .F. ) ;
#3963 = CARTESIAN_POINT ( 'NONE',  ( -1.212966224413917438, 0.9699999999999999734, -1.166255723846428172 ) ) ;
#3964 = CIRCLE ( 'NONE', #4122, 0.07499999999999998335 ) ;
#3965 = DIRECTION ( 'NONE',  ( -1.000000000000000000, 0.000000000000000000, 1.495451272393799296E-16 ) ) ;
#3966 =( LENGTH_UNIT ( ) NAMED_UNIT ( * ) SI_UNIT ( .MILLI., .METRE. ) );
#3967 = MECHANICAL_DESIGN_GEOMETRIC_PRESENTATION_REPRESENTATION (  '', ( #1169 ), #1801 ) ;
#3968 = CARTESIAN_POINT ( 'NONE',  ( 0.9499999999999998446, 0.1600000000000000033, -0.8900000000000000133 ) ) ;
#3969 = LINE ( 'NONE', #1610, #1590 ) ;
#3970 = VECTOR ( 'NONE', #2483, 1000.000000000000000 ) ;
#3971 = VECTOR ( 'NONE', #3895, 1000.000000000000000 ) ;
#3972 = EDGE_LOOP ( 'NONE', ( #1889, #1110, #2402, #3631 ) ) ;
#3973 = DIRECTION ( 'NONE',  ( -2.710505431213761578E-16, -0.000000000000000000, 1.000000000000000000 ) ) ;
#3974 = DIRECTION ( 'NONE',  ( 0.000000000000000000, 0.000000000000000000, -1.000000000000000000 ) ) ;
#3975 = ORIENTED_EDGE ( 'NONE', *, *, #3271, .F. ) ;
#3976 = EDGE_LOOP ( 'NONE', ( #3092, #715, #3705, #2291 ) ) ;
#3977 =( LENGTH_UNIT ( ) NAMED_UNIT ( * ) SI_UNIT ( .MILLI., .METRE. ) );
#3978 = CARTESIAN_POINT ( 'NONE',  ( -0.3600000000000000977, 0.1600000000000000033, 0.9000000000000064615 ) ) ;
#3979 = ORIENTED_EDGE ( 'NONE', *, *, #3283, .T. ) ;
#3980 = LINE ( 'NONE', #1745, #1400 ) ;
#3981 = DIRECTION ( 'NONE',  ( 1.000000000000000000, 0.000000000000000000, 7.744301232039315695E-16 ) ) ;
#3982 = ORIENTED_EDGE ( 'NONE', *, *, #1899, .F. ) ;
#3983 = LINE ( 'NONE', #1702, #3374 ) ;
#3984 = SURFACE_STYLE_USAGE ( .BOTH. , #2904 ) ;
#3985 = ORIENTED_EDGE ( 'NONE', *, *, #2186, .T. ) ;
#3986 = LINE ( 'NONE', #2064, #4872 ) ;
#3987 = DIRECTION ( 'NONE',  ( -1.495451272393799296E-16, 0.000000000000000000, -1.000000000000000000 ) ) ;
#3988 = ADVANCED_FACE ( 'NONE', ( #4413 ), #2139, .F. ) ;
#3989 = SURFACE_SIDE_STYLE ('',( #892 ) ) ;
#3990 = CARTESIAN_POINT ( 'NONE',  ( 0.9499999999999948486, 0.6482622246293484602, 0.6099999999999999867 ) ) ;
#3991 = FACE_OUTER_BOUND ( 'NONE', #2672, .T. ) ;
#3992 = EDGE_CURVE ( 'NONE', #4471, #1126, #1780, .T. ) ;
#3993 = EDGE_CURVE ( 'NONE', #2899, #2821, #2977, .T. ) ;
#3994 = VECTOR ( 'NONE', #4087, 1000.000000000000000 ) ;
#3995 = VECTOR ( 'NONE', #1861, 1000.000000000000000 ) ;
#3996 = CARTESIAN_POINT ( 'NONE',  ( -0.7499999999999998890, 0.000000000000000000, -0.7500000000000000000 ) ) ;
#3997 = CARTESIAN_POINT ( 'NONE',  ( -0.9499999999999964029, 0.1600000000000000033, 0.3900000000000000688 ) ) ;
#3998 = ORIENTED_EDGE ( 'NONE', *, *, #2729, .T. ) ;
#3999 = CARTESIAN_POINT ( 'NONE',  ( 0.6400000000000000133, 0.6482622246293484602, 1.299999999999999600 ) ) ;
#4000 =( NAMED_UNIT ( * ) SI_UNIT ( $, .STERADIAN. ) SOLID_ANGLE_UNIT ( ) );
#4001 = EDGE_LOOP ( 'NONE', ( #2667, #489, #3310, #3227 ) ) ;
#4002 = CARTESIAN_POINT ( 'NONE',  ( 1.349999999999998090, 0.000000000000000000, -0.1099999999999999589 ) ) ;
#4003 = CARTESIAN_POINT ( 'NONE',  ( -0.6400000000000000133, 0.1600000000000000033, 1.300000000000006706 ) ) ;
#4004 = AXIS2_PLACEMENT_3D ( 'NONE', #4785, #226, #1379 ) ;
#4005 = LINE ( 'NONE', #101, #3971 ) ;
#4006 = VERTEX_POINT ( 'NONE', #2604 ) ;
#4007 = DIRECTION ( 'NONE',  ( 0.000000000000000000, -1.000000000000000000, 0.000000000000000000 ) ) ;
#4008 = CARTESIAN_POINT ( 'NONE',  ( -0.6400000000000000133, 0.1599999999999999756, 1.300000000000006706 ) ) ;
#4009 = VERTEX_POINT ( 'NONE', #1754 ) ;
#4010 = LINE ( 'NONE', #4429, #1303 ) ;
#4011 = VERTEX_POINT ( 'NONE', #297 ) ;
#4012 = DIRECTION ( 'NONE',  ( 0.000000000000000000, 0.000000000000000000, -1.000000000000000000 ) ) ;
#4013 = EDGE_CURVE ( 'NONE', #2450, #2600, #3698, .T. ) ;
#4014 = CARTESIAN_POINT ( 'NONE',  ( 1.349999999999999867, 0.1600000000000000033, -0.6099999999999999867 ) ) ;
#4015 = AXIS2_PLACEMENT_3D ( 'NONE', #282, #1829, #753 ) ;
#4016 = FACE_OUTER_BOUND ( 'NONE', #2123, .T. ) ;
#4017 = LINE ( 'NONE', #1403, #1515 ) ;
#4018 = CARTESIAN_POINT ( 'NONE',  ( 0.1399999999999999301, 0.1600000000000000033, -0.9000000000000030198 ) ) ;
#4019 = CARTESIAN_POINT ( 'NONE',  ( -0.7499999999999998890, 0.000000000000000000, -0.6750000000000000444 ) ) ;
#4020 = VERTEX_POINT ( 'NONE', #3347 ) ;
#4021 = PLANE ( 'NONE',  #3624 ) ;
#4022 = AXIS2_PLACEMENT_3D ( 'NONE', #1375, #2087, #4737 ) ;
#4023 = CARTESIAN_POINT ( 'NONE',  ( 1.449999999999999956, 0.1600000000000000033, 1.400000000000000133 ) ) ;
#4024 = EDGE_CURVE ( 'NONE', #3748, #1574, #275, .T. ) ;
#4025 = ORIENTED_EDGE ( 'NONE', *, *, #2001, .F. ) ;
#4026 = PRESENTATION_LAYER_ASSIGNMENT (  '', '', ( #1699 ) ) ;
#4027 = EDGE_CURVE ( 'NONE', #1126, #3383, #4834, .T. ) ;
#4028 = VECTOR ( 'NONE', #2192, 1000.000000000000000 ) ;
#4029 = EDGE_LOOP ( 'NONE', ( #3567, #2711, #1528, #363 ) ) ;
#4030 = DIRECTION ( 'NONE',  ( -0.000000000000000000, -0.000000000000000000, 1.000000000000000000 ) ) ;
#4031 = CARTESIAN_POINT ( 'NONE',  ( -0.9499999999999948486, 0.1600000000000000033, 0.8900000000000000133 ) ) ;
#4032 = ORIENTED_EDGE ( 'NONE', *, *, #3848, .F. ) ;
#4033 = DIRECTION ( 'NONE',  ( 1.355252715606879556E-16, 0.000000000000000000, -1.000000000000000000 ) ) ;
#4034 = VERTEX_POINT ( 'NONE', #1084 ) ;
#4035 = CARTESIAN_POINT ( 'NONE',  ( 0.6399999999999999023, 0.1599999999999999756, -0.8999999999999995781 ) ) ;
#4036 = DIRECTION ( 'NONE',  ( 0.000000000000000000, 1.000000000000000000, 0.000000000000000000 ) ) ;
#4037 = VECTOR ( 'NONE', #2901, 1000.000000000000000 ) ;
#4038 = SURFACE_SIDE_STYLE ('',( #2514 ) ) ;
#4039 = DIRECTION ( 'NONE',  ( 0.000000000000000000, 0.000000000000000000, 1.000000000000000000 ) ) ;
#4040 = CARTESIAN_POINT ( 'NONE',  ( 0.1399999999999999301, 0.6482622246293484602, 0.9000000000000030198 ) ) ;
#4041 = CARTESIAN_POINT ( 'NONE',  ( -0.3600000000000000977, 0.1599999999999999756, -0.9000000000000064615 ) ) ;
#4042 = ORIENTED_EDGE ( 'NONE', *, *, #122, .F. ) ;
#4043 = DIRECTION ( 'NONE',  ( -0.000000000000000000, -1.000000000000000000, -0.000000000000000000 ) ) ;
#4044 =( NAMED_UNIT ( * ) PLANE_ANGLE_UNIT ( ) SI_UNIT ( $, .RADIAN. ) );
#4045 = ORIENTED_EDGE ( 'NONE', *, *, #3842, .T. ) ;
#4046 = LINE ( 'NONE', #3269, #337 ) ;
#4047 = STYLED_ITEM ( 'NONE', ( #133 ), #3614 ) ;
#4048 = ADVANCED_FACE ( 'NONE', ( #4110 ), #2512, .F. ) ;
#4049 = ORIENTED_EDGE ( 'NONE', *, *, #4787, .T. ) ;
#4050 = EDGE_LOOP ( 'NONE', ( #1537, #4356, #2475, #217 ) ) ;
#4051 = LINE ( 'NONE', #292, #4920 ) ;
#4052 = LINE ( 'NONE', #4800, #2951 ) ;
#4053 = VECTOR ( 'NONE', #1704, 1000.000000000000000 ) ;
#4054 = ORIENTED_EDGE ( 'NONE', *, *, #2343, .T. ) ;
#4055 = LINE ( 'NONE', #643, #3620 ) ;
#4056 = SURFACE_STYLE_FILL_AREA ( #4806 ) ;
#4057 = ORIENTED_EDGE ( 'NONE', *, *, #2823, .F. ) ;
#4058 = PLANE ( 'NONE',  #2429 ) ;
#4059 = DIRECTION ( 'NONE',  ( 0.000000000000000000, 1.000000000000000000, 0.000000000000000000 ) ) ;
#4060 = CARTESIAN_POINT ( 'NONE',  ( -0.9499999999999948486, 0.000000000000000000, 0.8900000000000000133 ) ) ;
#4061 = EDGE_LOOP ( 'NONE', ( #1268, #1993, #4652, #3377 ) ) ;
#4062 = UNCERTAINTY_MEASURE_WITH_UNIT (LENGTH_MEASURE( 1.000000000000000082E-05 ), #2426, 'distance_accuracy_value', 'NONE');
#4063 = LINE ( 'NONE', #4416, #651 ) ;
#4064 = EDGE_CURVE ( 'NONE', #4826, #3251, #4786, .T. ) ;
#4065 = DIRECTION ( 'NONE',  ( -1.000000000000000000, 0.000000000000000000, -7.744301232039315695E-16 ) ) ;
#4066 = PLANE ( 'NONE',  #3471 ) ;
#4067 = DIRECTION ( 'NONE',  ( -1.000000000000000000, 0.000000000000000000, -3.872150616019658834E-16 ) ) ;
#4068 = PLANE ( 'NONE',  #1708 ) ;
#4069 = CARTESIAN_POINT ( 'NONE',  ( -1.349999999999996314, 0.000000000000000000, 0.3900000000000000688 ) ) ;
#4070 = ORIENTED_EDGE ( 'NONE', *, *, #3992, .T. ) ;
#4071 = PRESENTATION_STYLE_ASSIGNMENT (( #980 ) ) ;
#4072 = EDGE_CURVE ( 'NONE', #3583, #872, #249, .T. ) ;
#4073 = VECTOR ( 'NONE', #708, 1000.000000000000000 ) ;
#4074 = VECTOR ( 'NONE', #4168, 1000.000000000000000 ) ;
#4075 = ORIENTED_EDGE ( 'NONE', *, *, #2130, .T. ) ;
#4076 = VECTOR ( 'NONE', #721, 1000.000000000000000 ) ;
#4077 = EDGE_LOOP ( 'NONE', ( #2282, #361, #4341, #3812 ) ) ;
#4078 = LINE ( 'NONE', #1793, #4126 ) ;
#4079 = AXIS2_PLACEMENT_3D ( 'NONE', #4855, #296, #4012 ) ;
#4080 = VECTOR ( 'NONE', #4618, 1000.000000000000000 ) ;
#4081 = ORIENTED_EDGE ( 'NONE', *, *, #4476, .T. ) ;
#4082 = EDGE_CURVE ( 'NONE', #1562, #835, #2950, .T. ) ;
#4083 = DIRECTION ( 'NONE',  ( 0.000000000000000000, -1.000000000000000000, 0.000000000000000000 ) ) ;
#4084 = ORIENTED_EDGE ( 'NONE', *, *, #3558, .T. ) ;
#4085 = LINE ( 'NONE', #4131, #1139 ) ;
#4086 = DIRECTION ( 'NONE',  ( 0.000000000000000000, 0.000000000000000000, 1.000000000000000000 ) ) ;
#4087 = DIRECTION ( 'NONE',  ( 0.000000000000000000, -1.000000000000000000, 0.000000000000000000 ) ) ;
#4088 = EDGE_CURVE ( 'NONE', #1323, #162, #2579, .T. ) ;
#4089 = ADVANCED_FACE ( 'NONE', ( #1015 ), #2537, .F. ) ;
#4090 = ORIENTED_EDGE ( 'NONE', *, *, #399, .F. ) ;
#4091 = CARTESIAN_POINT ( 'NONE',  ( -1.212966224413917438, 0.9199999999999999289, -1.166255723846428172 ) ) ;
#4092 = LINE ( 'NONE', #1460, #931 ) ;
#4093 = ORIENTED_EDGE ( 'NONE', *, *, #1399, .T. ) ;
#4094 = DIRECTION ( 'NONE',  ( -1.000000000000000000, 0.000000000000000000, 0.000000000000000000 ) ) ;
#4095 = LINE ( 'NONE', #2193, #3663 ) ;
#4096 = ORIENTED_EDGE ( 'NONE', *, *, #4840, .T. ) ;
#4097 = EDGE_CURVE ( 'NONE', #3119, #3583, #4509, .T. ) ;
#4098 = CARTESIAN_POINT ( 'NONE',  ( 0.000000000000000000, 0.1600000000000000033, 0.000000000000000000 ) ) ;
#4099 = VECTOR ( 'NONE', #1155, 1000.000000000000000 ) ;
#4100 = VERTEX_POINT ( 'NONE', #4880 ) ;
#4101 =( LENGTH_UNIT ( ) NAMED_UNIT ( * ) SI_UNIT ( .MILLI., .METRE. ) );
#4102 = AXIS2_PLACEMENT_3D ( 'NONE', #1078, #1891, #4553 ) ;
#4103 = EDGE_CURVE ( 'NONE', #1716, #1641, #322, .T. ) ;
#4104 = EDGE_LOOP ( 'NONE', ( #4696, #2459, #77, #1186 ) ) ;
#4105 = EDGE_CURVE ( 'NONE', #3279, #3580, #4557, .T. ) ;
#4106 = LINE ( 'NONE', #2231, #1373 ) ;
#4107 = EDGE_LOOP ( 'NONE', ( #1723, #3901, #2352, #4261 ) ) ;
#4108 = PLANE ( 'NONE',  #695 ) ;
#4109 = CARTESIAN_POINT ( 'NONE',  ( -1.349999999999994760, 0.000000000000000000, 0.8900000000000000133 ) ) ;
#4110 = FACE_OUTER_BOUND ( 'NONE', #2477, .T. ) ;
#4111 = EDGE_CURVE ( 'NONE', #4427, #1752, #2656, .T. ) ;
#4112 = VERTEX_POINT ( 'NONE', #4606 ) ;
#4113 = CARTESIAN_POINT ( 'NONE',  ( -0.6400000000000001243, 0.000000000000000000, -0.9000000000000063505 ) ) ;
#4114 = EDGE_CURVE ( 'NONE', #1705, #325, #4928, .T. ) ;
#4115 = VECTOR ( 'NONE', #357, 1000.000000000000000 ) ;
#4116 = DIRECTION ( 'NONE',  ( -1.000000000000000000, 0.000000000000000000, -0.000000000000000000 ) ) ;
#4117 = FACE_OUTER_BOUND ( 'NONE', #2047, .T. ) ;
#4118 = DIRECTION ( 'NONE',  ( -1.000000000000000000, -0.000000000000000000, -0.000000000000000000 ) ) ;
#4119 = EDGE_LOOP ( 'NONE', ( #1234, #370, #2851, #476 ) ) ;
#4120 = CARTESIAN_POINT ( 'NONE',  ( 0.3599999999999999312, 0.000000000000000000, 0.8999999999999994671 ) ) ;
#4121 = AXIS2_PLACEMENT_3D ( 'NONE', #3054, #4610, #4685 ) ;
#4122 = AXIS2_PLACEMENT_3D ( 'NONE', #3540, #103, #4342 ) ;
#4123 = VECTOR ( 'NONE', #2197, 1000.000000000000000 ) ;
#4124 = ORIENTED_EDGE ( 'NONE', *, *, #4445, .T. ) ;
#4125 = FACE_OUTER_BOUND ( 'NONE', #3694, .T. ) ;
#4126 = VECTOR ( 'NONE', #1025, 1000.000000000000000 ) ;
#4127 = EDGE_LOOP ( 'NONE', ( #4054, #3268, #2310, #3294 ) ) ;
#4128 = PLANE ( 'NONE',  #2822 ) ;
#4129 = FACE_BOUND ( 'NONE', #1206, .T. ) ;
#4130 = EDGE_LOOP ( 'NONE', ( #4217, #137, #4188, #1308 ) ) ;
#4131 = CARTESIAN_POINT ( 'NONE',  ( -1.349999999999994760, 0.6482622246293484602, 0.6099999999999999867 ) ) ;
#4132 = CARTESIAN_POINT ( 'NONE',  ( 1.349999999999999867, 0.1600000000000000033, -0.6099999999999999867 ) ) ;
#4133 = CARTESIAN_POINT ( 'NONE',  ( 0.000000000000000000, 0.1600000000000000033, 0.000000000000000000 ) ) ;
#4134 = DIRECTION ( 'NONE',  ( -0.000000000000000000, -1.000000000000000000, -0.000000000000000000 ) ) ;
#4135 = VERTEX_POINT ( 'NONE', #3050 ) ;
#4136 = PRODUCT_DEFINITION_SHAPE ( 'NONE', 'NONE',  #3937 ) ;
#4137 = VERTEX_POINT ( 'NONE', #1157 ) ;
#4138 = CARTESIAN_POINT ( 'NONE',  ( -1.449999999999999956, 0.1600000000000000033, -1.399999999999999245 ) ) ;
#4139 = EDGE_CURVE ( 'NONE', #663, #4256, #2260, .T. ) ;
#4140 = EDGE_CURVE ( 'NONE', #1100, #1653, #767, .T. ) ;
#4141 = DIRECTION ( 'NONE',  ( -1.000000000000000000, 0.000000000000000000, -0.000000000000000000 ) ) ;
#4142 = CARTESIAN_POINT ( 'NONE',  ( 0.9499999999999948486, 0.000000000000000000, 0.8900000000000000133 ) ) ;
#4143 = EDGE_CURVE ( 'NONE', #1421, #3668, #1898, .T. ) ;
#4144 = DIRECTION ( 'NONE',  ( -1.355252715606879556E-16, -0.000000000000000000, -1.000000000000000000 ) ) ;
#4145 = EDGE_LOOP ( 'NONE', ( #3300, #4497, #2905, #888 ) ) ;
#4146 = EDGE_CURVE ( 'NONE', #3872, #1346, #2235, .T. ) ;
#4147 = AXIS2_PLACEMENT_3D ( 'NONE', #3409, #1491, #3039 ) ;
#4148 = ORIENTED_EDGE ( 'NONE', *, *, #3183, .T. ) ;
#4149 = ORIENTED_EDGE ( 'NONE', *, *, #4428, .T. ) ;
#4150 = FACE_OUTER_BOUND ( 'NONE', #1791, .T. ) ;
#4151 = EDGE_LOOP ( 'NONE', ( #2968, #3975, #2257, #293 ) ) ;
#4152 = UNCERTAINTY_MEASURE_WITH_UNIT (LENGTH_MEASURE( 1.000000000000000082E-05 ), #4372, 'distance_accuracy_value', 'NONE');
#4153 = VECTOR ( 'NONE', #626, 1000.000000000000000 ) ;
#4154 = FILL_AREA_STYLE ('',( #4575 ) ) ;
#4155 = ORIENTED_EDGE ( 'NONE', *, *, #2957, .F. ) ;
#4156 = PLANE ( 'NONE',  #177 ) ;
#4157 = CARTESIAN_POINT ( 'NONE',  ( -0.9499999999999948486, 0.1600000000000000033, 0.6099999999999999867 ) ) ;
#4158 = DIRECTION ( 'NONE',  ( 1.000000000000000000, 0.000000000000000000, -0.000000000000000000 ) ) ;
#4159 = ORIENTED_EDGE ( 'NONE', *, *, #4111, .T. ) ;
#4160 = EDGE_CURVE ( 'NONE', #4505, #2381, #4579, .T. ) ;
#4161 = AXIS2_PLACEMENT_3D ( 'NONE', #3507, #1532, #1963 ) ;
#4162 = ORIENTED_EDGE ( 'NONE', *, *, #2662, .F. ) ;
#4163 = FACE_OUTER_BOUND ( 'NONE', #4104, .T. ) ;
#4164 = LINE ( 'NONE', #2934, #4524 ) ;
#4165 =( GEOMETRIC_REPRESENTATION_CONTEXT ( 3 ) GLOBAL_UNCERTAINTY_ASSIGNED_CONTEXT ( ( #4552 ) ) GLOBAL_UNIT_ASSIGNED_CONTEXT ( ( #418, #1923, #3543 ) ) REPRESENTATION_CONTEXT ( 'NONE', 'WORKASPACE' ) );
#4166 = VECTOR ( 'NONE', #2764, 1000.000000000000000 ) ;
#4167 = CARTESIAN_POINT ( 'NONE',  ( 0.9499999999999981792, 0.1600000000000000033, -0.1099999999999999589 ) ) ;
#4168 = DIRECTION ( 'NONE',  ( 0.000000000000000000, 0.000000000000000000, -1.000000000000000000 ) ) ;
#4169 = CARTESIAN_POINT ( 'NONE',  ( 1.349999999999999867, 0.1600000000000000033, -0.6099999999999999867 ) ) ;
#4170 = ORIENTED_EDGE ( 'NONE', *, *, #3645, .T. ) ;
#4171 = EDGE_CURVE ( 'NONE', #2272, #1243, #3102, .T. ) ;
#4172 = COLOUR_RGB ( '',0.2509803921568627416, 0.2509803921568627416, 0.2509803921568627416 ) ;
#4173 = ORIENTED_EDGE ( 'NONE', *, *, #3584, .T. ) ;
#4174 = EDGE_CURVE ( 'NONE', #2454, #4936, #1547, .T. ) ;
#4175 = ORIENTED_EDGE ( 'NONE', *, *, #4735, .T. ) ;
#4176 = STYLED_ITEM ( 'NONE', ( #1029 ), #1866 ) ;
#4177 = ORIENTED_EDGE ( 'NONE', *, *, #4289, .F. ) ;
#4178 = CARTESIAN_POINT ( 'NONE',  ( 1.449999999999999956, 5.971128874149274957, 1.400000000000000133 ) ) ;
#4179 = VERTEX_POINT ( 'NONE', #449 ) ;
#4180 = PRESENTATION_STYLE_ASSIGNMENT (( #3952 ) ) ;
#4181 = CARTESIAN_POINT ( 'NONE',  ( 0.3599999999999999312, 0.1600000000000000033, -0.8999999999999994671 ) ) ;
#4182 = DIRECTION ( 'NONE',  ( -1.000000000000000000, 0.000000000000000000, 0.000000000000000000 ) ) ;
#4183 = CARTESIAN_POINT ( 'NONE',  ( 1.349999999999994760, 0.1600000000000000033, 0.8900000000000000133 ) ) ;
#4184 = EDGE_LOOP ( 'NONE', ( #1879, #1130, #3176, #1518 ) ) ;
#4185 = ORIENTED_EDGE ( 'NONE', *, *, #2524, .T. ) ;
#4186 = DIRECTION ( 'NONE',  ( 0.000000000000000000, -1.000000000000000000, 0.000000000000000000 ) ) ;
#4187 = PLANE ( 'NONE',  #2995 ) ;
#4188 = ORIENTED_EDGE ( 'NONE', *, *, #1496, .T. ) ;
#4189 = DIRECTION ( 'NONE',  ( 0.000000000000000000, 0.000000000000000000, 1.000000000000000000 ) ) ;
#4190 = DIRECTION ( 'NONE',  ( -1.000000000000000000, 0.000000000000000000, 0.000000000000000000 ) ) ;
#4191 = ORIENTED_EDGE ( 'NONE', *, *, #4389, .T. ) ;
#4192 = ORIENTED_EDGE ( 'NONE', *, *, #1080, .T. ) ;
#4193 = VECTOR ( 'NONE', #4747, 1000.000000000000000 ) ;
#4194 = VERTEX_POINT ( 'NONE', #4183 ) ;
#4195 = PLANE ( 'NONE',  #4765 ) ;
#4196 = ORIENTED_EDGE ( 'NONE', *, *, #3717, .F. ) ;
#4197 = AXIS2_PLACEMENT_3D ( 'NONE', #2669, #713, #4572 ) ;
#4198 = LINE ( 'NONE', #1152, #362 ) ;
#4199 = EDGE_CURVE ( 'NONE', #3218, #3424, #4204, .T. ) ;
#4200 = ORIENTED_EDGE ( 'NONE', *, *, #2237, .T. ) ;
#4201 = LINE ( 'NONE', #4577, #905 ) ;
#4202 = CARTESIAN_POINT ( 'NONE',  ( 0.6399999999999999023, 0.1599999999999999756, 0.8999999999999995781 ) ) ;
#4203 = DIRECTION ( 'NONE',  ( -2.710505431213759606E-16, 0.000000000000000000, 1.000000000000000000 ) ) ;
#4204 = LINE ( 'NONE', #3778, #2410 ) ;
#4205 = VECTOR ( 'NONE', #2807, 1000.000000000000000 ) ;
#4206 = AXIS2_PLACEMENT_3D ( 'NONE', #2724, #4650, #3492 ) ;
#4207 = CARTESIAN_POINT ( 'NONE',  ( 0.000000000000000000, 0.000000000000000000, 0.000000000000000000 ) ) ;
#4208 = ORIENTED_EDGE ( 'NONE', *, *, #2077, .F. ) ;
#4209 = FACE_BOUND ( 'NONE', #4708, .T. ) ;
#4210 = VERTEX_POINT ( 'NONE', #789 ) ;
#4211 = LINE ( 'NONE', #3404, #3591 ) ;
#4212 = CARTESIAN_POINT ( 'NONE',  ( -1.212966224413917438, 0.9699999999999999734, -1.060823459926482970 ) ) ;
#4213 = COLOUR_RGB ( '',1.000000000000000000, 1.000000000000000000, 1.000000000000000000 ) ;
#4214 = CARTESIAN_POINT ( 'NONE',  ( -1.212966224413917438, 0.9699999999999999734, -1.271687987766373595 ) ) ;
#4215 = PLANE ( 'NONE',  #3919 ) ;
#4216 = CARTESIAN_POINT ( 'NONE',  ( -0.6400000000000001243, 0.1599999999999999756, -0.9000000000000063505 ) ) ;
#4217 = ORIENTED_EDGE ( 'NONE', *, *, #2180, .T. ) ;
#4218 = ADVANCED_FACE ( 'NONE', ( #3853 ), #420, .T. ) ;
#4219 = CARTESIAN_POINT ( 'NONE',  ( -1.349999999999994760, 0.000000000000000000, 0.6099999999999999867 ) ) ;
#4220 = EDGE_LOOP ( 'NONE', ( #2880, #3619, #1824, #737 ) ) ;
#4221 = ORIENTED_EDGE ( 'NONE', *, *, #2697, .T. ) ;
#4222 = CARTESIAN_POINT ( 'NONE',  ( 0.6399999999999999023, 0.000000000000000000, 0.8999999999999995781 ) ) ;
#4223 =( LENGTH_UNIT ( ) NAMED_UNIT ( * ) SI_UNIT ( .MILLI., .METRE. ) );
#4224 = ORIENTED_EDGE ( 'NONE', *, *, #2249, .T. ) ;
#4225 = CARTESIAN_POINT ( 'NONE',  ( 0.3599999999999999867, 0.000000000000000000, -1.299999999999999822 ) ) ;
#4226 = FACE_OUTER_BOUND ( 'NONE', #900, .T. ) ;
#4227 = DIRECTION ( 'NONE',  ( 0.000000000000000000, -1.000000000000000000, 0.000000000000000000 ) ) ;
#4228 = EDGE_CURVE ( 'NONE', #1356, #3392, #3824, .T. ) ;
#4229 = VECTOR ( 'NONE', #965, 1000.000000000000000 ) ;
#4230 = VECTOR ( 'NONE', #3082, 1000.000000000000000 ) ;
#4231 = ORIENTED_EDGE ( 'NONE', *, *, #1170, .T. ) ;
#4232 = DIRECTION ( 'NONE',  ( -0.000000000000000000, 0.000000000000000000, 1.000000000000000000 ) ) ;
#4233 = EDGE_CURVE ( 'NONE', #2996, #2283, #1925, .T. ) ;
#4234 = ORIENTED_EDGE ( 'NONE', *, *, #2066, .T. ) ;
#4235 = DIRECTION ( 'NONE',  ( -1.000000000000000000, -0.000000000000000000, 7.744301232039313723E-16 ) ) ;
#4236 = ADVANCED_FACE ( 'NONE', ( #3800 ), #1133, .F. ) ;
#4237 = VECTOR ( 'NONE', #2629, 1000.000000000000000 ) ;
#4238 = DIRECTION ( 'NONE',  ( 0.000000000000000000, 0.000000000000000000, -1.000000000000000000 ) ) ;
#4239 = VECTOR ( 'NONE', #2712, 1000.000000000000000 ) ;
#4240 = CARTESIAN_POINT ( 'NONE',  ( -0.1400000000000000966, 0.000000000000000000, -0.9000000000000029088 ) ) ;
#4241 = DIRECTION ( 'NONE',  ( 0.000000000000000000, 0.000000000000000000, 1.000000000000000000 ) ) ;
#4242 = DIRECTION ( 'NONE',  ( 0.000000000000000000, 0.000000000000000000, 1.000000000000000000 ) ) ;
#4243 = CARTESIAN_POINT ( 'NONE',  ( -0.3599999999999999867, 0.1600000000000000033, -1.300000000000006484 ) ) ;
#4244 = EDGE_CURVE ( 'NONE', #4710, #1985, #4630, .T. ) ;
#4245 = ORIENTED_EDGE ( 'NONE', *, *, #4503, .F. ) ;
#4246 = ORIENTED_EDGE ( 'NONE', *, *, #216, .F. ) ;
#4247 = VECTOR ( 'NONE', #764, 1000.000000000000000 ) ;
#4248 = LINE ( 'NONE', #443, #890 ) ;
#4249 = LINE ( 'NONE', #2752, #2458 ) ;
#4250 = LINE ( 'NONE', #3240, #2984 ) ;
#4251 = ORIENTED_EDGE ( 'NONE', *, *, #3248, .F. ) ;
#4252 = DIRECTION ( 'NONE',  ( 1.000000000000000000, -0.000000000000000000, 0.000000000000000000 ) ) ;
#4253 = DIRECTION ( 'NONE',  ( 0.000000000000000000, -1.000000000000000000, 0.000000000000000000 ) ) ;
#4254 = LINE ( 'NONE', #1651, #3598 ) ;
#4255 = ADVANCED_FACE ( 'NONE', ( #812 ), #3752, .T. ) ;
#4256 = VERTEX_POINT ( 'NONE', #2461 ) ;
#4257 = FACE_BOUND ( 'NONE', #859, .T. ) ;
#4258 = EDGE_CURVE ( 'NONE', #1195, #4384, #3126, .T. ) ;
#4259 = VECTOR ( 'NONE', #3822, 1000.000000000000000 ) ;
#4260 = DIRECTION ( 'NONE',  ( -0.000000000000000000, -1.000000000000000000, -0.000000000000000000 ) ) ;
#4261 = ORIENTED_EDGE ( 'NONE', *, *, #4629, .T. ) ;
#4262 = CARTESIAN_POINT ( 'NONE',  ( -0.9499999999999964029, 0.6482622246293484602, 0.1099999999999999589 ) ) ;
#4263 = PRESENTATION_LAYER_ASSIGNMENT (  '', '', ( #994 ) ) ;
#4264 = CARTESIAN_POINT ( 'NONE',  ( -0.9499999999999981792, 0.6482622246293484602, -0.1099999999999999589 ) ) ;
#4265 = ADVANCED_FACE ( 'NONE', ( #1230 ), #478, .T. ) ;
#4266 = VECTOR ( 'NONE', #1542, 1000.000000000000000 ) ;
#4267 = APPLICATION_PROTOCOL_DEFINITION ( 'draft international standard', 'automotive_design', 1998, #434 ) ;
#4268 = PLANE ( 'NONE',  #4161 ) ;
#4269 = ADVANCED_FACE ( 'NONE', ( #1626 ), #883, .F. ) ;
#4270 = PLANE ( 'NONE',  #2319 ) ;
#4271 = DIRECTION ( 'NONE',  ( 0.000000000000000000, 0.000000000000000000, -1.000000000000000000 ) ) ;
#4272 = DIRECTION ( 'NONE',  ( -1.000000000000000000, 0.000000000000000000, -0.000000000000000000 ) ) ;
#4273 = DIRECTION ( 'NONE',  ( 1.000000000000000000, 0.000000000000000000, 0.000000000000000000 ) ) ;
#4274 = EDGE_LOOP ( 'NONE', ( #4173, #1571, #2721, #1860 ) ) ;
#4275 = ORIENTED_EDGE ( 'NONE', *, *, #3882, .F. ) ;
#4276 = DIRECTION ( 'NONE',  ( 1.355252715606879556E-16, 0.000000000000000000, -1.000000000000000000 ) ) ;
#4277 = CARTESIAN_POINT ( 'NONE',  ( 0.9499999999999998446, 0.6482622246293484602, -0.6099999999999999867 ) ) ;
#4278 = FACE_BOUND ( 'NONE', #1922, .T. ) ;
#4279 = EDGE_CURVE ( 'NONE', #3691, #2998, #1697, .T. ) ;
#4280 = ORIENTED_EDGE ( 'NONE', *, *, #1263, .T. ) ;
#4281 = DIRECTION ( 'NONE',  ( -1.000000000000000000, 0.000000000000000000, -0.000000000000000000 ) ) ;
#4282 = CARTESIAN_POINT ( 'NONE',  ( -1.349999999999998090, 0.1600000000000000033, -0.1099999999999999589 ) ) ;
#4283 = ORIENTED_EDGE ( 'NONE', *, *, #368, .T. ) ;
#4284 = FILL_AREA_STYLE_COLOUR ( '', #4213 ) ;
#4285 = EDGE_LOOP ( 'NONE', ( #3062, #2232, #2506, #1777 ) ) ;
#4286 = PLANE ( 'NONE',  #807 ) ;
#4287 = STYLED_ITEM ( 'NONE', ( #3596 ), #3636 ) ;
#4288 = FACE_OUTER_BOUND ( 'NONE', #1577, .T. ) ;
#4289 = EDGE_CURVE ( 'NONE', #2769, #1323, #3497, .T. ) ;
#4290 = EDGE_CURVE ( 'NONE', #951, #262, #2036, .T. ) ;
#4291 = CARTESIAN_POINT ( 'NONE',  ( -1.349999999999994760, 0.1600000000000000033, 0.8900000000000000133 ) ) ;
#4292 = EDGE_CURVE ( 'NONE', #3223, #3218, #1981, .T. ) ;
#4293 = DIRECTION ( 'NONE',  ( 3.872150616019658834E-16, 0.000000000000000000, -1.000000000000000000 ) ) ;
#4294 = ORIENTED_EDGE ( 'NONE', *, *, #1773, .F. ) ;
#4295 = DIRECTION ( 'NONE',  ( 0.000000000000000000, 0.000000000000000000, 1.000000000000000000 ) ) ;
#4296 = LINE ( 'NONE', #2696, #2350 ) ;
#4297 = ORIENTED_EDGE ( 'NONE', *, *, #4908, .T. ) ;
#4298 = FILL_AREA_STYLE ('',( #3397 ) ) ;
#4299 = ORIENTED_EDGE ( 'NONE', *, *, #458, .F. ) ;
#4300 = LINE ( 'NONE', #4346, #1059 ) ;
#4301 = EDGE_CURVE ( 'NONE', #3472, #3332, #574, .T. ) ;
#4302 = DIRECTION ( 'NONE',  ( 1.000000000000000000, 0.000000000000000000, 0.000000000000000000 ) ) ;
#4303 = ORIENTED_EDGE ( 'NONE', *, *, #461, .T. ) ;
#4304 = CARTESIAN_POINT ( 'NONE',  ( -0.1400000000000000966, 0.000000000000000000, 0.9000000000000029088 ) ) ;
#4305 = LINE ( 'NONE', #911, #3832 ) ;
#4306 = VECTOR ( 'NONE', #1862, 1000.000000000000000 ) ;
#4307 = EDGE_LOOP ( 'NONE', ( #4455, #1916, #4200, #1466 ) ) ;
#4308 = FACE_BOUND ( 'NONE', #2362, .T. ) ;
#4309 = CARTESIAN_POINT ( 'NONE',  ( 0.9499999999999998446, 0.1599999999999999756, -0.6099999999999999867 ) ) ;
#4310 = EDGE_LOOP ( 'NONE', ( #1328, #2857, #1045, #4798 ) ) ;
#4311 = DIRECTION ( 'NONE',  ( 3.872150616019658834E-16, -0.000000000000000000, 1.000000000000000000 ) ) ;
#4312 = CARTESIAN_POINT ( 'NONE',  ( 0.1399999999999999301, 0.6482622246293484602, -0.9000000000000030198 ) ) ;
#4313 = VECTOR ( 'NONE', #891, 1000.000000000000000 ) ;
#4314 = CIRCLE ( 'NONE', #4714, 0.07499999999999998335 ) ;
#4315 = DIRECTION ( 'NONE',  ( -1.000000000000000000, -0.000000000000000000, -0.000000000000000000 ) ) ;
#4316 = VECTOR ( 'NONE', #3603, 1000.000000000000000 ) ;
#4317 = DIRECTION ( 'NONE',  ( 1.000000000000000000, 0.000000000000000000, 2.710505431213761578E-16 ) ) ;
#4318 = DIRECTION ( 'NONE',  ( 2.710505431213761578E-16, 0.000000000000000000, 1.000000000000000000 ) ) ;
#4319 = VECTOR ( 'NONE', #4318, 1000.000000000000000 ) ;
#4320 = CIRCLE ( 'NONE', #1306, 0.07499999999999998335 ) ;
#4321 = EDGE_CURVE ( 'NONE', #1484, #4501, #4305, .T. ) ;
#4322 = EDGE_LOOP ( 'NONE', ( #1825, #3363, #2177, #4343 ) ) ;
#4323 = LINE ( 'NONE', #1292, #1517 ) ;
#4324 = CARTESIAN_POINT ( 'NONE',  ( -1.349999999999999867, 0.1599999999999999756, -0.6099999999999999867 ) ) ;
#4325 = DIRECTION ( 'NONE',  ( 0.000000000000000000, 0.000000000000000000, -1.000000000000000000 ) ) ;
#4326 = VERTEX_POINT ( 'NONE', #4682 ) ;
#4327 =( NAMED_UNIT ( * ) SI_UNIT ( $, .STERADIAN. ) SOLID_ANGLE_UNIT ( ) );
#4328 = ORIENTED_EDGE ( 'NONE', *, *, #1685, .T. ) ;
#4329 = CARTESIAN_POINT ( 'NONE',  ( -0.3600000000000000977, 0.000000000000000000, 0.9000000000000064615 ) ) ;
#4330 = EDGE_CURVE ( 'NONE', #3424, #1454, #2440, .T. ) ;
#4331 = EDGE_LOOP ( 'NONE', ( #1408, #665, #3528, #1103 ) ) ;
#4332 = CARTESIAN_POINT ( 'NONE',  ( -0.9499999999999998446, 0.000000000000000000, -0.6099999999999999867 ) ) ;
#4333 = CARTESIAN_POINT ( 'NONE',  ( -0.6400000000000001243, 0.1599999999999999756, 0.9000000000000063505 ) ) ;
#4334 = EDGE_LOOP ( 'NONE', ( #520, #1411, #2772, #3744 ) ) ;
#4335 = CARTESIAN_POINT ( 'NONE',  ( 0.3599999999999999867, 0.1600000000000000033, -1.299999999999999822 ) ) ;
#4336 = ORIENTED_EDGE ( 'NONE', *, *, #1660, .F. ) ;
#4337 = LINE ( 'NONE', #1309, #3753 ) ;
#4338 = CARTESIAN_POINT ( 'NONE',  ( 0.1399999999999999301, 0.1600000000000000033, 0.9000000000000031308 ) ) ;
#4339 = CARTESIAN_POINT ( 'NONE',  ( -0.1400000000000000411, 0.6482622246293484602, 1.300000000000003153 ) ) ;
#4340 = FACE_OUTER_BOUND ( 'NONE', #3153, .T. ) ;
#4341 = ORIENTED_EDGE ( 'NONE', *, *, #2471, .F. ) ;
#4342 = DIRECTION ( 'NONE',  ( 0.000000000000000000, 0.000000000000000000, 1.000000000000000000 ) ) ;
#4343 = ORIENTED_EDGE ( 'NONE', *, *, #820, .F. ) ;
#4344 = ORIENTED_EDGE ( 'NONE', *, *, #4875, .T. ) ;
#4345 = FILL_AREA_STYLE ('',( #4727 ) ) ;
#4346 = CARTESIAN_POINT ( 'NONE',  ( -0.9499999999999948486, 0.000000000000000000, 0.8900000000000000133 ) ) ;
#4347 = EDGE_CURVE ( 'NONE', #3472, #1653, #2082, .T. ) ;
#4348 = VERTEX_POINT ( 'NONE', #2780 ) ;
#4349 = CARTESIAN_POINT ( 'NONE',  ( -1.212966224413917438, 0.9699999999999999734, -1.271687987766373817 ) ) ;
#4350 = EDGE_CURVE ( 'NONE', #592, #3755, #3226, .T. ) ;
#4351 = DIRECTION ( 'NONE',  ( 1.000000000000000000, 0.000000000000000000, 7.744301232039313723E-16 ) ) ;
#4352 = ORIENTED_EDGE ( 'NONE', *, *, #1360, .F. ) ;
#4353 = EDGE_CURVE ( 'NONE', #4571, #1526, #1598, .T. ) ;
#4354 = CARTESIAN_POINT ( 'NONE',  ( -1.349999999999996314, 0.1599999999999999756, 0.3900000000000000688 ) ) ;
#4355 =( NAMED_UNIT ( * ) SI_UNIT ( $, .STERADIAN. ) SOLID_ANGLE_UNIT ( ) );
#4356 = ORIENTED_EDGE ( 'NONE', *, *, #2730, .T. ) ;
#4357 = DIRECTION ( 'NONE',  ( 1.000000000000000000, 0.000000000000000000, 0.000000000000000000 ) ) ;
#4358 = VECTOR ( 'NONE', #1160, 1000.000000000000000 ) ;
#4359 = VECTOR ( 'NONE', #4887, 1000.000000000000000 ) ;
#4360 = DIRECTION ( 'NONE',  ( 0.000000000000000000, -1.000000000000000000, 0.000000000000000000 ) ) ;
#4361 = EDGE_CURVE ( 'NONE', #519, #4571, #3527, .T. ) ;
#4362 = CARTESIAN_POINT ( 'NONE',  ( 0.000000000000000000, 0.000000000000000000, 0.000000000000000000 ) ) ;
#4363 = VECTOR ( 'NONE', #494, 1000.000000000000000 ) ;
#4364 = EDGE_CURVE ( 'NONE', #4384, #3116, #4254, .T. ) ;
#4365 = LINE ( 'NONE', #201, #2425 ) ;
#4366 = CYLINDRICAL_SURFACE ( 'NONE', #735, 0.07499999999999998335 ) ;
#4367 = VECTOR ( 'NONE', #3172, 1000.000000000000000 ) ;
#4368 = VECTOR ( 'NONE', #3600, 1000.000000000000000 ) ;
#4369 = PLANE ( 'NONE',  #4516 ) ;
#4370 = CARTESIAN_POINT ( 'NONE',  ( -0.6400000000000000133, 0.1600000000000000033, -1.300000000000006706 ) ) ;
#4371 = ORIENTED_EDGE ( 'NONE', *, *, #2888, .F. ) ;
#4372 =( LENGTH_UNIT ( ) NAMED_UNIT ( * ) SI_UNIT ( .MILLI., .METRE. ) );
#4373 = EDGE_LOOP ( 'NONE', ( #4371, #909 ) ) ;
#4374 = DIRECTION ( 'NONE',  ( 0.000000000000000000, -1.000000000000000000, 0.000000000000000000 ) ) ;
#4375 = STYLED_ITEM ( 'NONE', ( #657 ), #329 ) ;
#4376 = CARTESIAN_POINT ( 'NONE',  ( 0.9499999999999948486, 0.1600000000000000033, 0.8900000000000000133 ) ) ;
#4377 = CARTESIAN_POINT ( 'NONE',  ( 0.3599999999999999312, 0.000000000000000000, -0.8999999999999994671 ) ) ;
#4378 = ORIENTED_EDGE ( 'NONE', *, *, #3006, .T. ) ;
#4379 = CARTESIAN_POINT ( 'NONE',  ( 0.3599999999999999312, 0.6482622246293484602, 0.8999999999999994671 ) ) ;
#4380 = DIRECTION ( 'NONE',  ( 0.000000000000000000, 0.000000000000000000, -1.000000000000000000 ) ) ;
#4381 = ORIENTED_EDGE ( 'NONE', *, *, #403, .F. ) ;
#4382 = DIRECTION ( 'NONE',  ( 1.000000000000000000, 0.000000000000000000, -0.000000000000000000 ) ) ;
#4383 = SURFACE_SIDE_STYLE ('',( #939 ) ) ;
#4384 = VERTEX_POINT ( 'NONE', #3579 ) ;
#4385 = LINE ( 'NONE', #964, #3834 ) ;
#4386 = CARTESIAN_POINT ( 'NONE',  ( -0.9499999999999998446, 0.1600000000000000033, -0.6099999999999999867 ) ) ;
#4387 = EDGE_CURVE ( 'NONE', #1077, #1168, #3200, .T. ) ;
#4388 = VECTOR ( 'NONE', #1438, 1000.000000000000000 ) ;
#4389 = EDGE_CURVE ( 'NONE', #2271, #3953, #504, .T. ) ;
#4390 = EDGE_CURVE ( 'NONE', #4570, #577, #3916, .T. ) ;
#4391 = CARTESIAN_POINT ( 'NONE',  ( 1.349999999999994760, 0.1599999999999999756, 0.8900000000000000133 ) ) ;
#4392 = LINE ( 'NONE', #971, #2157 ) ;
#4393 = VECTOR ( 'NONE', #3469, 1000.000000000000000 ) ;
#4394 = VECTOR ( 'NONE', #2341, 1000.000000000000000 ) ;
#4395 = LINE ( 'NONE', #2498, #3712 ) ;
#4396 = VERTEX_POINT ( 'NONE', #935 ) ;
#4397 = FACE_BOUND ( 'NONE', #4496, .T. ) ;
#4398 = CARTESIAN_POINT ( 'NONE',  ( -0.9499999999999981792, 0.1599999999999999756, -0.1099999999999999589 ) ) ;
#4399 = ORIENTED_EDGE ( 'NONE', *, *, #2346, .F. ) ;
#4400 = DIRECTION ( 'NONE',  ( 1.000000000000000000, -0.000000000000000000, -0.000000000000000000 ) ) ;
#4401 = DIRECTION ( 'NONE',  ( 1.000000000000000000, 0.000000000000000000, -0.000000000000000000 ) ) ;
#4402 = CLOSED_SHELL ( 'NONE', ( #1951, #3870, #3766, #969, #2831, #2106 ) ) ;
#4403 = VERTEX_POINT ( 'NONE', #2361 ) ;
#4404 = FACE_OUTER_BOUND ( 'NONE', #3321, .T. ) ;
#4405 = CARTESIAN_POINT ( 'NONE',  ( -0.6400000000000001243, 0.000000000000000000, -0.9000000000000063505 ) ) ;
#4406 = PRESENTATION_LAYER_ASSIGNMENT (  '', '', ( #2252 ) ) ;
#4407 = VECTOR ( 'NONE', #2119, 1000.000000000000000 ) ;
#4408 = EDGE_LOOP ( 'NONE', ( #4093, #3171, #1012, #1227 ) ) ;
#4409 = PLANE ( 'NONE',  #4494 ) ;
#4410 = PRESENTATION_STYLE_ASSIGNMENT (( #962 ) ) ;
#4411 = ORIENTED_EDGE ( 'NONE', *, *, #88, .T. ) ;
#4412 = CARTESIAN_POINT ( 'NONE',  ( 0.9499999999999981792, 0.1599999999999999756, -0.1099999999999999589 ) ) ;
#4413 = FACE_OUTER_BOUND ( 'NONE', #265, .T. ) ;
#4414 = FILL_AREA_STYLE ('',( #2884 ) ) ;
#4415 = MECHANICAL_DESIGN_GEOMETRIC_PRESENTATION_REPRESENTATION (  '', ( #4176 ), #2022 ) ;
#4416 = CARTESIAN_POINT ( 'NONE',  ( 1.449999999999999956, 0.1600000000000000033, 1.400000000000000133 ) ) ;
#4417 = EDGE_CURVE ( 'NONE', #2196, #2940, #1770, .T. ) ;
#4418 = DIRECTION ( 'NONE',  ( 0.000000000000000000, 1.000000000000000000, 0.000000000000000000 ) ) ;
#4419 = VERTEX_POINT ( 'NONE', #4405 ) ;
#4420 = DIRECTION ( 'NONE',  ( 1.000000000000000000, 0.000000000000000000, -0.000000000000000000 ) ) ;
#4421 = DIRECTION ( 'NONE',  ( -1.000000000000000000, 0.000000000000000000, 0.000000000000000000 ) ) ;
#4422 = ORIENTED_EDGE ( 'NONE', *, *, #4693, .T. ) ;
#4423 = VERTEX_POINT ( 'NONE', #1353 ) ;
#4424 = ORIENTED_EDGE ( 'NONE', *, *, #4787, .F. ) ;
#4425 = LINE ( 'NONE', #983, #942 ) ;
#4426 = DIRECTION ( 'NONE',  ( -0.000000000000000000, -1.000000000000000000, -0.000000000000000000 ) ) ;
#4427 = VERTEX_POINT ( 'NONE', #3297 ) ;
#4428 = EDGE_CURVE ( 'NONE', #757, #4137, #4828, .T. ) ;
#4429 = CARTESIAN_POINT ( 'NONE',  ( 1.349999999999994760, 0.6482622246293484602, 0.8900000000000000133 ) ) ;
#4430 = ORIENTED_EDGE ( 'NONE', *, *, #2673, .T. ) ;
#4431 = DIRECTION ( 'NONE',  ( -0.000000000000000000, -1.000000000000000000, -0.000000000000000000 ) ) ;
#4432 = CARTESIAN_POINT ( 'NONE',  ( 0.3599999999999999867, 0.000000000000000000, -1.299999999999999822 ) ) ;
#4433 = DIRECTION ( 'NONE',  ( -0.000000000000000000, -1.000000000000000000, -0.000000000000000000 ) ) ;
#4434 = VECTOR ( 'NONE', #283, 1000.000000000000000 ) ;
#4435 = LINE ( 'NONE', #3181, #981 ) ;
#4436 = DIRECTION ( 'NONE',  ( 1.000000000000000000, -0.000000000000000000, -0.000000000000000000 ) ) ;
#4437 = EDGE_CURVE ( 'NONE', #183, #3595, #3426, .T. ) ;
#4438 = VECTOR ( 'NONE', #190, 1000.000000000000000 ) ;
#4439 = FACE_OUTER_BOUND ( 'NONE', #3734, .T. ) ;
#4440 = FACE_OUTER_BOUND ( 'NONE', #2274, .T. ) ;
#4441 = DIRECTION ( 'NONE',  ( -1.000000000000000000, 0.000000000000000000, 7.744301232039315695E-16 ) ) ;
#4442 = EDGE_LOOP ( 'NONE', ( #3079, #1081, #1377, #4208 ) ) ;
#4443 = FILL_AREA_STYLE ('',( #1347 ) ) ;
#4444 = VECTOR ( 'NONE', #503, 1000.000000000000000 ) ;
#4445 = EDGE_CURVE ( 'NONE', #143, #1195, #1747, .T. ) ;
#4446 = ORIENTED_EDGE ( 'NONE', *, *, #4584, .T. ) ;
#4447 = EDGE_CURVE ( 'NONE', #809, #854, #4052, .T. ) ;
#4448 = ORIENTED_EDGE ( 'NONE', *, *, #3842, .F. ) ;
#4449 = CARTESIAN_POINT ( 'NONE',  ( 0.9499999999999998446, 0.000000000000000000, -0.8900000000000000133 ) ) ;
#4450 = EDGE_CURVE ( 'NONE', #1870, #2582, #596, .T. ) ;
#4451 = PRESENTATION_LAYER_ASSIGNMENT (  '', '', ( #3169 ) ) ;
#4452 = VERTEX_POINT ( 'NONE', #1372 ) ;
#4453 = CARTESIAN_POINT ( 'NONE',  ( 0.1400000000000000411, 0.1599999999999999756, -1.300000000000002931 ) ) ;
#4454 = LINE ( 'NONE', #1376, #4053 ) ;
#4455 = ORIENTED_EDGE ( 'NONE', *, *, #381, .F. ) ;
#4456 = CARTESIAN_POINT ( 'NONE',  ( -0.6400000000000001243, 0.6482622246293484602, 0.9000000000000063505 ) ) ;
#4457 = CARTESIAN_POINT ( 'NONE',  ( 0.6399999999999999023, 0.000000000000000000, 0.8999999999999995781 ) ) ;
#4458 = CARTESIAN_POINT ( 'NONE',  ( 0.6399999999999999023, 0.1600000000000000033, 0.8999999999999995781 ) ) ;
#4459 = ORIENTED_EDGE ( 'NONE', *, *, #639, .T. ) ;
#4460 = DIRECTION ( 'NONE',  ( 1.000000000000000000, 0.000000000000000000, -0.000000000000000000 ) ) ;
#4461 = CARTESIAN_POINT ( 'NONE',  ( -0.9499999999999998446, 0.000000000000000000, -0.8900000000000000133 ) ) ;
#4462 = LINE ( 'NONE', #2121, #2281 ) ;
#4463 = ORIENTED_EDGE ( 'NONE', *, *, #2083, .F. ) ;
#4464 = CARTESIAN_POINT ( 'NONE',  ( -0.9499999999999964029, 0.6482622246293484602, 0.3900000000000000688 ) ) ;
#4465 = ORIENTED_EDGE ( 'NONE', *, *, #2480, .T. ) ;
#4466 = EDGE_CURVE ( 'NONE', #2735, #2221, #2853, .T. ) ;
#4467 = FACE_OUTER_BOUND ( 'NONE', #881, .T. ) ;
#4468 = VECTOR ( 'NONE', #2883, 1000.000000000000000 ) ;
#4469 = ADVANCED_FACE ( 'NONE', ( #2485 ), #619, .F. ) ;
#4470 = AXIS2_PLACEMENT_3D ( 'NONE', #1090, #2609, #378 ) ;
#4471 = VERTEX_POINT ( 'NONE', #640 ) ;
#4472 = AXIS2_PLACEMENT_3D ( 'NONE', #2876, #2505, #3652 ) ;
#4473 = EDGE_LOOP ( 'NONE', ( #1471, #2616, #3757, #614 ) ) ;
#4474 = CARTESIAN_POINT ( 'NONE',  ( 0.9499999999999948486, 0.6482622246293484602, 0.8900000000000000133 ) ) ;
#4475 = AXIS2_PLACEMENT_3D ( 'NONE', #2929, #4762, #2511 ) ;
#4476 = EDGE_CURVE ( 'NONE', #712, #951, #959, .T. ) ;
#4477 = VECTOR ( 'NONE', #904, 1000.000000000000000 ) ;
#4478 = ORIENTED_EDGE ( 'NONE', *, *, #4097, .T. ) ;
#4479 = CARTESIAN_POINT ( 'NONE',  ( 0.9499999999999948486, 0.1600000000000000033, 0.8900000000000000133 ) ) ;
#4480 = ORIENTED_EDGE ( 'NONE', *, *, #451, .F. ) ;
#4481 = PLANE ( 'NONE',  #51 ) ;
#4482 = DIRECTION ( 'NONE',  ( -0.000000000000000000, 0.000000000000000000, 1.000000000000000000 ) ) ;
#4483 = CARTESIAN_POINT ( 'NONE',  ( 0.9499999999999948486, 0.1600000000000000033, 0.8900000000000000133 ) ) ;
#4484 = VERTEX_POINT ( 'NONE', #2132 ) ;
#4485 = CARTESIAN_POINT ( 'NONE',  ( -0.6400000000000001243, 0.1600000000000000033, -0.9000000000000063505 ) ) ;
#4486 = AXIS2_PLACEMENT_3D ( 'NONE', #3001, #58, #3414 ) ;
#4487 = FACE_OUTER_BOUND ( 'NONE', #4307, .T. ) ;
#4488 = DIRECTION ( 'NONE',  ( -0.000000000000000000, 0.000000000000000000, 1.000000000000000000 ) ) ;
#4489 = ORIENTED_EDGE ( 'NONE', *, *, #1836, .T. ) ;
#4490 = FACE_OUTER_BOUND ( 'NONE', #2832, .T. ) ;
#4491 = CARTESIAN_POINT ( 'NONE',  ( -0.9499999999999948486, 0.1599999999999999756, 0.8900000000000000133 ) ) ;
#4492 = ORIENTED_EDGE ( 'NONE', *, *, #3309, .F. ) ;
#4493 = DIRECTION ( 'NONE',  ( 0.000000000000000000, 1.000000000000000000, -0.000000000000000000 ) ) ;
#4494 = AXIS2_PLACEMENT_3D ( 'NONE', #988, #2464, #2508 ) ;
#4495 =( GEOMETRIC_REPRESENTATION_CONTEXT ( 3 ) GLOBAL_UNCERTAINTY_ASSIGNED_CONTEXT ( ( #903 ) ) GLOBAL_UNIT_ASSIGNED_CONTEXT ( ( #1872, #1543, #3343 ) ) REPRESENTATION_CONTEXT ( 'NONE', 'WORKASPACE' ) );
#4496 = EDGE_LOOP ( 'NONE', ( #1051, #2567, #2988, #400 ) ) ;
#4497 = ORIENTED_EDGE ( 'NONE', *, *, #3463, .T. ) ;
#4498 = FILL_AREA_STYLE ('',( #411 ) ) ;
#4499 = VECTOR ( 'NONE', #1919, 1000.000000000000000 ) ;
#4500 = VECTOR ( 'NONE', #4144, 1000.000000000000000 ) ;
#4501 = VERTEX_POINT ( 'NONE', #3673 ) ;
#4502 = EDGE_CURVE ( 'NONE', #1087, #2963, #1241, .T. ) ;
#4503 = EDGE_CURVE ( 'NONE', #1073, #2922, #4670, .T. ) ;
#4504 = PLANE ( 'NONE',  #907 ) ;
#4505 = VERTEX_POINT ( 'NONE', #565 ) ;
#4506 = DIRECTION ( 'NONE',  ( 1.000000000000000000, -0.000000000000000000, -0.000000000000000000 ) ) ;
#4507 = LINE ( 'NONE', #1396, #2838 ) ;
#4508 = DIRECTION ( 'NONE',  ( -0.000000000000000000, -1.000000000000000000, -0.000000000000000000 ) ) ;
#4509 = LINE ( 'NONE', #228, #3994 ) ;
#4510 = ADVANCED_FACE ( 'NONE', ( #1711 ), #206, .F. ) ;
#4511 = DIRECTION ( 'NONE',  ( 1.000000000000000000, 0.000000000000000000, 0.000000000000000000 ) ) ;
#4512 = ORIENTED_EDGE ( 'NONE', *, *, #1700, .T. ) ;
#4513 = ORIENTED_EDGE ( 'NONE', *, *, #3458, .T. ) ;
#4514 = DIRECTION ( 'NONE',  ( 0.000000000000000000, 0.000000000000000000, -1.000000000000000000 ) ) ;
#4515 = ADVANCED_FACE ( 'NONE', ( #3138 ), #3238, .T. ) ;
#4516 = AXIS2_PLACEMENT_3D ( 'NONE', #3923, #1265, #4295 ) ;
#4517 = EDGE_CURVE ( 'NONE', #3332, #663, #3618, .T. ) ;
#4518 = DIRECTION ( 'NONE',  ( 7.744301232039315695E-16, 0.000000000000000000, -1.000000000000000000 ) ) ;
#4519 = DIRECTION ( 'NONE',  ( 1.355252715606879556E-16, 0.000000000000000000, 1.000000000000000000 ) ) ;
#4520 = PLANE ( 'NONE',  #3629 ) ;
#4521 = LINE ( 'NONE', #1833, #2863 ) ;
#4522 = EDGE_LOOP ( 'NONE', ( #1665, #3927, #2891, #1184 ) ) ;
#4523 = LINE ( 'NONE', #1814, #1197 ) ;
#4524 = VECTOR ( 'NONE', #2170, 1000.000000000000000 ) ;
#4525 = AXIS2_PLACEMENT_3D ( 'NONE', #4362, #1214, #867 ) ;
#4526 = ORIENTED_EDGE ( 'NONE', *, *, #610, .T. ) ;
#4527 = ORIENTED_EDGE ( 'NONE', *, *, #2496, .F. ) ;
#4528 = DIRECTION ( 'NONE',  ( 0.000000000000000000, 0.000000000000000000, 1.000000000000000000 ) ) ;
#4529 = EDGE_CURVE ( 'NONE', #790, #4936, #2818, .T. ) ;
#4530 = VERTEX_POINT ( 'NONE', #4324 ) ;
#4531 = CARTESIAN_POINT ( 'NONE',  ( -1.212966224413917438, 0.9699999999999999734, -1.060823459926482748 ) ) ;
#4532 = DIRECTION ( 'NONE',  ( 0.000000000000000000, 0.000000000000000000, 1.000000000000000000 ) ) ;
#4533 = ORIENTED_EDGE ( 'NONE', *, *, #4445, .F. ) ;
#4534 = LINE ( 'NONE', #3124, #2349 ) ;
#4535 = DIRECTION ( 'NONE',  ( 0.000000000000000000, 0.000000000000000000, 1.000000000000000000 ) ) ;
#4536 = DIRECTION ( 'NONE',  ( -1.000000000000000000, 0.000000000000000000, 0.000000000000000000 ) ) ;
#4537 = FACE_OUTER_BOUND ( 'NONE', #4538, .T. ) ;
#4538 = EDGE_LOOP ( 'NONE', ( #2795, #2809, #3593, #2658 ) ) ;
#4539 = ORIENTED_EDGE ( 'NONE', *, *, #4655, .F. ) ;
#4540 = LINE ( 'NONE', #4561, #4239 ) ;
#4541 = EDGE_CURVE ( 'NONE', #3953, #1356, #2403, .T. ) ;
#4542 = CARTESIAN_POINT ( 'NONE',  ( -0.1400000000000000966, 0.1600000000000000033, 0.9000000000000029088 ) ) ;
#4543 = CARTESIAN_POINT ( 'NONE',  ( -0.1400000000000000966, 0.1600000000000000033, 0.9000000000000029088 ) ) ;
#4544 = CARTESIAN_POINT ( 'NONE',  ( -1.349999999999999867, 0.1599999999999999756, -0.8900000000000001243 ) ) ;
#4545 = DIRECTION ( 'NONE',  ( -0.000000000000000000, -1.000000000000000000, -0.000000000000000000 ) ) ;
#4546 = VERTEX_POINT ( 'NONE', #1314 ) ;
#4547 = ORIENTED_EDGE ( 'NONE', *, *, #3616, .F. ) ;
#4548 = EDGE_LOOP ( 'NONE', ( #4620, #1159, #2079, #469 ) ) ;
#4549 =( NAMED_UNIT ( * ) PLANE_ANGLE_UNIT ( ) SI_UNIT ( $, .RADIAN. ) );
#4550 = VECTOR ( 'NONE', #4892, 1000.000000000000000 ) ;
#4551 = ORIENTED_EDGE ( 'NONE', *, *, #1633, .F. ) ;
#4552 = UNCERTAINTY_MEASURE_WITH_UNIT (LENGTH_MEASURE( 1.000000000000000082E-05 ), #418, 'distance_accuracy_value', 'NONE');
#4553 = DIRECTION ( 'NONE',  ( 0.000000000000000000, -0.000000000000000000, 1.000000000000000000 ) ) ;
#4554 = AXIS2_PLACEMENT_3D ( 'NONE', #402, #1138, #1112 ) ;
#4555 = ORIENTED_EDGE ( 'NONE', *, *, #1315, .F. ) ;
#4556 = DIRECTION ( 'NONE',  ( 0.000000000000000000, 1.000000000000000000, -0.000000000000000000 ) ) ;
#4557 = LINE ( 'NONE', #3400, #4790 ) ;
#4558 = ORIENTED_EDGE ( 'NONE', *, *, #2662, .T. ) ;
#4559 = VECTOR ( 'NONE', #1990, 1000.000000000000000 ) ;
#4560 = VERTEX_POINT ( 'NONE', #3949 ) ;
#4561 = CARTESIAN_POINT ( 'NONE',  ( 0.9499999999999948486, 0.1600000000000000033, 0.6099999999999999867 ) ) ;
#4562 = VECTOR ( 'NONE', #1165, 1000.000000000000000 ) ;
#4563 = DIRECTION ( 'NONE',  ( -0.000000000000000000, -1.000000000000000000, -0.000000000000000000 ) ) ;
#4564 = VERTEX_POINT ( 'NONE', #3162 ) ;
#4565 = FACE_OUTER_BOUND ( 'NONE', #3023, .T. ) ;
#4566 = EDGE_CURVE ( 'NONE', #577, #4570, #1008, .T. ) ;
#4567 = DIRECTION ( 'NONE',  ( -1.000000000000000000, 0.000000000000000000, -3.872150616019658834E-16 ) ) ;
#4568 = EDGE_LOOP ( 'NONE', ( #1796, #1503, #426, #1172 ) ) ;
#4569 = ADVANCED_FACE ( 'NONE', ( #1663 ), #490, .F. ) ;
#4570 = VERTEX_POINT ( 'NONE', #3569 ) ;
#4571 = VERTEX_POINT ( 'NONE', #2865 ) ;
#4572 = DIRECTION ( 'NONE',  ( 1.000000000000000000, 0.000000000000000000, -7.744301232039315695E-16 ) ) ;
#4573 = VECTOR ( 'NONE', #393, 1000.000000000000000 ) ;
#4574 = EDGE_LOOP ( 'NONE', ( #1492, #977, #3785, #4915 ) ) ;
#4575 = FILL_AREA_STYLE_COLOUR ( '', #3219 ) ;
#4576 = ORIENTED_EDGE ( 'NONE', *, *, #4503, .T. ) ;
#4577 = CARTESIAN_POINT ( 'NONE',  ( -0.1400000000000000966, 0.1600000000000000033, -0.9000000000000029088 ) ) ;
#4578 = DIRECTION ( 'NONE',  ( -2.710505431213761578E-16, 0.000000000000000000, -1.000000000000000000 ) ) ;
#4579 = LINE ( 'NONE', #1502, #4716 ) ;
#4580 = LINE ( 'NONE', #3376, #10 ) ;
#4581 = EDGE_LOOP ( 'NONE', ( #3571, #4489, #4576, #2444 ) ) ;
#4582 = FACE_BOUND ( 'NONE', #2146, .T. ) ;
#4583 = EDGE_LOOP ( 'NONE', ( #1713, #799, #1629, #3129 ) ) ;
#4584 = EDGE_CURVE ( 'NONE', #1653, #663, #1341, .T. ) ;
#4585 = PLANE ( 'NONE',  #2800 ) ;
#4586 = CARTESIAN_POINT ( 'NONE',  ( 1.349999999999994760, 0.000000000000000000, 0.6099999999999999867 ) ) ;
#4587 = CARTESIAN_POINT ( 'NONE',  ( 0.9499999999999964029, 0.1599999999999999756, 0.3900000000000000688 ) ) ;
#4588 = DIRECTION ( 'NONE',  ( 0.000000000000000000, 0.000000000000000000, -1.000000000000000000 ) ) ;
#4589 = CARTESIAN_POINT ( 'NONE',  ( 0.9499999999999948486, 0.1599999999999999756, 0.6099999999999999867 ) ) ;
#4590 = ORIENTED_EDGE ( 'NONE', *, *, #4233, .F. ) ;
#4591 = FACE_OUTER_BOUND ( 'NONE', #3313, .T. ) ;
#4592 = ORIENTED_EDGE ( 'NONE', *, *, #339, .T. ) ;
#4593 = VECTOR ( 'NONE', #3330, 1000.000000000000000 ) ;
#4594 = EDGE_LOOP ( 'NONE', ( #2086, #3781, #3100, #1627 ) ) ;
#4595 = PLANE ( 'NONE',  #4689 ) ;
#4596 = ADVANCED_FACE ( 'NONE', ( #2378 ), #4369, .T. ) ;
#4597 = VECTOR ( 'NONE', #4674, 1000.000000000000000 ) ;
#4598 = ADVANCED_FACE ( 'NONE', ( #4723 ), #2024, .T. ) ;
#4599 = DIRECTION ( 'NONE',  ( -1.000000000000000000, 0.000000000000000000, 0.000000000000000000 ) ) ;
#4600 = CARTESIAN_POINT ( 'NONE',  ( -0.6400000000000001243, 0.1600000000000000033, -0.9000000000000063505 ) ) ;
#4601 = PRESENTATION_STYLE_ASSIGNMENT (( #2331 ) ) ;
#4602 = ORIENTED_EDGE ( 'NONE', *, *, #1939, .F. ) ;
#4603 = CARTESIAN_POINT ( 'NONE',  ( 0.1399999999999999301, 0.1600000000000000033, -0.9000000000000030198 ) ) ;
#4604 = EDGE_CURVE ( 'NONE', #3316, #3780, #1293, .T. ) ;
#4605 = FACE_OUTER_BOUND ( 'NONE', #3542, .T. ) ;
#4606 = CARTESIAN_POINT ( 'NONE',  ( 0.9499999999999964029, 0.000000000000000000, 0.3900000000000000688 ) ) ;
#4607 = VECTOR ( 'NONE', #219, 1000.000000000000000 ) ;
#4608 = VECTOR ( 'NONE', #858, 1000.000000000000000 ) ;
#4609 = EDGE_LOOP ( 'NONE', ( #3436, #3040, #3323, #564 ) ) ;
#4610 = DIRECTION ( 'NONE',  ( 0.000000000000000000, 1.000000000000000000, 0.000000000000000000 ) ) ;
#4611 = EDGE_LOOP ( 'NONE', ( #2685, #2560, #2994, #4185 ) ) ;
#4612 = DIRECTION ( 'NONE',  ( 1.000000000000000000, -0.000000000000000000, -0.000000000000000000 ) ) ;
#4613 = DIRECTION ( 'NONE',  ( 0.000000000000000000, 0.000000000000000000, 1.000000000000000000 ) ) ;
#4614 = EDGE_CURVE ( 'NONE', #3595, #183, #3964, .T. ) ;
#4615 = LINE ( 'NONE', #4167, #463 ) ;
#4616 = LINE ( 'NONE', #2741, #4802 ) ;
#4617 = PLANE ( 'NONE',  #256 ) ;
#4618 = DIRECTION ( 'NONE',  ( 0.000000000000000000, -1.000000000000000000, 0.000000000000000000 ) ) ;
#4619 = EDGE_CURVE ( 'NONE', #895, #2600, #2451, .T. ) ;
#4620 = ORIENTED_EDGE ( 'NONE', *, *, #298, .T. ) ;
#4621 = VERTEX_POINT ( 'NONE', #2840 ) ;
#4622 = FILL_AREA_STYLE_COLOUR ( '', #2374 ) ;
#4623 = ADVANCED_FACE ( 'NONE', ( #949 ), #2474, .T. ) ;
#4624 = PLANE ( 'NONE',  #944 ) ;
#4625 = FILL_AREA_STYLE_COLOUR ( '', #3860 ) ;
#4626 = ORIENTED_EDGE ( 'NONE', *, *, #1836, .F. ) ;
#4627 = FACE_OUTER_BOUND ( 'NONE', #1748, .T. ) ;
#4628 = CARTESIAN_POINT ( 'NONE',  ( 1.349999999999998090, 0.6482622246293484602, -0.1099999999999999589 ) ) ;
#4629 = EDGE_CURVE ( 'NONE', #632, #3204, #4092, .T. ) ;
#4630 = LINE ( 'NONE', #2708, #4076 ) ;
#4631 = VECTOR ( 'NONE', #1204, 1000.000000000000000 ) ;
#4632 = EDGE_CURVE ( 'NONE', #1641, #4726, #1761, .T. ) ;
#4633 = VECTOR ( 'NONE', #4858, 1000.000000000000000 ) ;
#4634 = VERTEX_POINT ( 'NONE', #4041 ) ;
#4635 = SURFACE_SIDE_STYLE ('',( #1233 ) ) ;
#4636 = ORIENTED_EDGE ( 'NONE', *, *, #850, .F. ) ;
#4637 = DIRECTION ( 'NONE',  ( -0.000000000000000000, -1.000000000000000000, -0.000000000000000000 ) ) ;
#4638 = FACE_OUTER_BOUND ( 'NONE', #3229, .T. ) ;
#4639 = VECTOR ( 'NONE', #4482, 1000.000000000000000 ) ;
#4640 = AXIS2_PLACEMENT_3D ( 'NONE', #124, #3088, #3917 ) ;
#4641 =( NAMED_UNIT ( * ) PLANE_ANGLE_UNIT ( ) SI_UNIT ( $, .RADIAN. ) );
#4642 = CARTESIAN_POINT ( 'NONE',  ( -0.6400000000000001243, 0.1599999999999999756, 0.9000000000000063505 ) ) ;
#4643 = CARTESIAN_POINT ( 'NONE',  ( 0.9499999999999964029, 0.000000000000000000, 0.3900000000000000688 ) ) ;
#4644 = EDGE_CURVE ( 'NONE', #1586, #1790, #2913, .T. ) ;
#4645 = CARTESIAN_POINT ( 'NONE',  ( -0.9499999999999981792, 0.000000000000000000, -0.1099999999999999589 ) ) ;
#4646 = DIRECTION ( 'NONE',  ( 1.000000000000000000, 0.000000000000000000, 3.872150616019656862E-16 ) ) ;
#4647 = ORIENTED_EDGE ( 'NONE', *, *, #2237, .F. ) ;
#4648 = ORIENTED_EDGE ( 'NONE', *, *, #1939, .T. ) ;
#4649 = VECTOR ( 'NONE', #2614, 1000.000000000000000 ) ;
#4650 = DIRECTION ( 'NONE',  ( 0.000000000000000000, 0.000000000000000000, -1.000000000000000000 ) ) ;
#4651 = DIRECTION ( 'NONE',  ( -0.000000000000000000, -0.000000000000000000, 1.000000000000000000 ) ) ;
#4652 = ORIENTED_EDGE ( 'NONE', *, *, #3728, .T. ) ;
#4653 = CARTESIAN_POINT ( 'NONE',  ( -1.349999999999999867, 0.1600000000000000033, -0.6099999999999999867 ) ) ;
#4654 = CARTESIAN_POINT ( 'NONE',  ( -0.6400000000000001243, 0.1599999999999999756, -0.9000000000000063505 ) ) ;
#4655 = EDGE_CURVE ( 'NONE', #809, #186, #703, .T. ) ;
#4656 = VERTEX_POINT ( 'NONE', #4841 ) ;
#4657 = LINE ( 'NONE', #1527, #4358 ) ;
#4658 = DIRECTION ( 'NONE',  ( 1.000000000000000000, 0.000000000000000000, -1.495451272393799296E-16 ) ) ;
#4659 = VERTEX_POINT ( 'NONE', #1018 ) ;
#4660 = FACE_OUTER_BOUND ( 'NONE', #2527, .T. ) ;
#4661 = MECHANICAL_DESIGN_GEOMETRIC_PRESENTATION_REPRESENTATION (  '', ( #1857 ), #3782 ) ;
#4662 = FACE_OUTER_BOUND ( 'NONE', #4594, .T. ) ;
#4663 = EDGE_CURVE ( 'NONE', #3911, #4326, #655, .T. ) ;
#4664 = CIRCLE ( 'NONE', #2513, 0.1054322639199452849 ) ;
#4665 = ADVANCED_FACE ( 'NONE', ( #4440 ), #3354, .F. ) ;
#4666 = CARTESIAN_POINT ( 'NONE',  ( -0.6400000000000001243, 0.6482622246293484602, 0.9000000000000063505 ) ) ;
#4667 = DIRECTION ( 'NONE',  ( 0.000000000000000000, 0.000000000000000000, -1.000000000000000000 ) ) ;
#4668 = CARTESIAN_POINT ( 'NONE',  ( -0.3600000000000000977, 0.1600000000000000033, -0.9000000000000064615 ) ) ;
#4669 = ORIENTED_EDGE ( 'NONE', *, *, #3896, .F. ) ;
#4670 = LINE ( 'NONE', #128, #4193 ) ;
#4671 = DIRECTION ( 'NONE',  ( 0.000000000000000000, 0.000000000000000000, -1.000000000000000000 ) ) ;
#4672 = ORIENTED_EDGE ( 'NONE', *, *, #4321, .F. ) ;
#4673 = ORIENTED_EDGE ( 'NONE', *, *, #1722, .T. ) ;
#4674 = DIRECTION ( 'NONE',  ( -0.000000000000000000, -1.000000000000000000, -0.000000000000000000 ) ) ;
#4675 = CARTESIAN_POINT ( 'NONE',  ( 0.9499999999999981792, 0.6482622246293484602, -0.3900000000000000688 ) ) ;
#4676 = LINE ( 'NONE', #2413, #4477 ) ;
#4677 = STYLED_ITEM ( 'NONE', ( #2092 ), #1720 ) ;
#4678 = PLANE ( 'NONE',  #2056 ) ;
#4679 =( LENGTH_UNIT ( ) NAMED_UNIT ( * ) SI_UNIT ( .MILLI., .METRE. ) );
#4680 = EDGE_LOOP ( 'NONE', ( #1482, #2704, #4781, #2595 ) ) ;
#4681 = DIRECTION ( 'NONE',  ( -0.000000000000000000, 0.000000000000000000, 1.000000000000000000 ) ) ;
#4682 = CARTESIAN_POINT ( 'NONE',  ( 0.1400000000000000411, 0.1600000000000000033, 1.300000000000002931 ) ) ;
#4683 = ADVANCED_FACE ( 'NONE', ( #997 ), #2518, .T. ) ;
#4684 = ORIENTED_EDGE ( 'NONE', *, *, #1404, .F. ) ;
#4685 = DIRECTION ( 'NONE',  ( 0.000000000000000000, 0.000000000000000000, 1.000000000000000000 ) ) ;
#4686 = CARTESIAN_POINT ( 'NONE',  ( -1.349999999999996314, 0.000000000000000000, 0.1099999999999999589 ) ) ;
#4687 = ORIENTED_EDGE ( 'NONE', *, *, #2276, .F. ) ;
#4688 = FACE_OUTER_BOUND ( 'NONE', #2503, .T. ) ;
#4689 = AXIS2_PLACEMENT_3D ( 'NONE', #3792, #1101, #364 ) ;
#4690 = CARTESIAN_POINT ( 'NONE',  ( -0.9499999999999998446, 0.000000000000000000, -0.6099999999999999867 ) ) ;
#4691 = LINE ( 'NONE', #513, #3931 ) ;
#4692 = CARTESIAN_POINT ( 'NONE',  ( 0.9499999999999981792, 0.000000000000000000, -0.1099999999999999589 ) ) ;
#4693 = EDGE_CURVE ( 'NONE', #2620, #1870, #4462, .T. ) ;
#4694 = EDGE_CURVE ( 'NONE', #3845, #2899, #4395, .T. ) ;
#4695 = VECTOR ( 'NONE', #3105, 1000.000000000000000 ) ;
#4696 = ORIENTED_EDGE ( 'NONE', *, *, #2165, .F. ) ;
#4697 = DIRECTION ( 'NONE',  ( 0.000000000000000000, 0.000000000000000000, -1.000000000000000000 ) ) ;
#4698 = DIRECTION ( 'NONE',  ( 1.355252715606879556E-16, 0.000000000000000000, 1.000000000000000000 ) ) ;
#4699 = ORIENTED_EDGE ( 'NONE', *, *, #4088, .T. ) ;
#4700 = DIRECTION ( 'NONE',  ( 0.000000000000000000, 0.000000000000000000, -1.000000000000000000 ) ) ;
#4701 = ORIENTED_EDGE ( 'NONE', *, *, #2791, .F. ) ;
#4702 = FACE_OUTER_BOUND ( 'NONE', #1365, .T. ) ;
#4703 = UNCERTAINTY_MEASURE_WITH_UNIT (LENGTH_MEASURE( 1.000000000000000082E-05 ), #4101, 'distance_accuracy_value', 'NONE');
#4704 = DIRECTION ( 'NONE',  ( 0.000000000000000000, 0.000000000000000000, -1.000000000000000000 ) ) ;
#4705 = ORIENTED_EDGE ( 'NONE', *, *, #610, .F. ) ;
#4706 = CARTESIAN_POINT ( 'NONE',  ( 0.1400000000000000411, 0.6482622246293484602, -1.300000000000002931 ) ) ;
#4707 = DIRECTION ( 'NONE',  ( 0.000000000000000000, 0.000000000000000000, 1.000000000000000000 ) ) ;
#4708 = EDGE_LOOP ( 'NONE', ( #4807, #4294, #2991, #307 ) ) ;
#4709 = LINE ( 'NONE', #67, #3807 ) ;
#4710 = VERTEX_POINT ( 'NONE', #3646 ) ;
#4711 = DIRECTION ( 'NONE',  ( 2.710505431213761578E-16, 0.000000000000000000, 1.000000000000000000 ) ) ;
#4712 = DIRECTION ( 'NONE',  ( 1.000000000000000000, 0.000000000000000000, 0.000000000000000000 ) ) ;
#4713 = AXIS2_PLACEMENT_3D ( 'NONE', #4845, #4238, #2222 ) ;
#4714 = AXIS2_PLACEMENT_3D ( 'NONE', #2836, #3234, #4667 ) ;
#4715 = ADVANCED_FACE ( 'NONE', ( #2171 ), #631, .F. ) ;
#4716 = VECTOR ( 'NONE', #2335, 1000.000000000000000 ) ;
#4717 = DIRECTION ( 'NONE',  ( -0.000000000000000000, -1.000000000000000000, -0.000000000000000000 ) ) ;
#4718 = DIRECTION ( 'NONE',  ( -1.000000000000000000, 0.000000000000000000, -7.744301232039316681E-16 ) ) ;
#4719 = AXIS2_PLACEMENT_3D ( 'NONE', #274, #991, #3303 ) ;
#4720 = VECTOR ( 'NONE', #1193, 1000.000000000000000 ) ;
#4721 = EDGE_LOOP ( 'NONE', ( #1121, #780, #4882, #568 ) ) ;
#4722 = CARTESIAN_POINT ( 'NONE',  ( -0.3600000000000000977, 0.000000000000000000, -0.9000000000000064615 ) ) ;
#4723 = FACE_OUTER_BOUND ( 'NONE', #717, .T. ) ;
#4724 = FACE_OUTER_BOUND ( 'NONE', #330, .T. ) ;
#4725 = ORIENTED_EDGE ( 'NONE', *, *, #232, .T. ) ;
#4726 = VERTEX_POINT ( 'NONE', #233 ) ;
#4727 = FILL_AREA_STYLE_COLOUR ( '', #3083 ) ;
#4728 = CARTESIAN_POINT ( 'NONE',  ( -1.349999999999999867, 0.000000000000000000, -0.6099999999999999867 ) ) ;
#4729 = EDGE_CURVE ( 'NONE', #2392, #1574, #2143, .T. ) ;
#4730 = CARTESIAN_POINT ( 'NONE',  ( 0.9499999999999981792, 0.1599999999999999756, -0.3900000000000000688 ) ) ;
#4731 = EDGE_LOOP ( 'NONE', ( #3666, #2302, #4246, #1054 ) ) ;
#4732 = FACE_OUTER_BOUND ( 'NONE', #2519, .T. ) ;
#4733 = CARTESIAN_POINT ( 'NONE',  ( -0.1400000000000000411, 0.000000000000000000, -1.300000000000003153 ) ) ;
#4734 = VECTOR ( 'NONE', #1348, 1000.000000000000000 ) ;
#4735 = EDGE_CURVE ( 'NONE', #1678, #4546, #3733, .T. ) ;
#4736 = ORIENTED_EDGE ( 'NONE', *, *, #3993, .F. ) ;
#4737 = DIRECTION ( 'NONE',  ( 0.000000000000000000, 0.000000000000000000, 1.000000000000000000 ) ) ;
#4738 = FILL_AREA_STYLE ('',( #552 ) ) ;
#4739 = EDGE_LOOP ( 'NONE', ( #1474, #4275, #269, #1970 ) ) ;
#4740 = DIRECTION ( 'NONE',  ( 1.000000000000000000, 0.000000000000000000, -3.872150616019658834E-16 ) ) ;
#4741 = FACE_OUTER_BOUND ( 'NONE', #2531, .T. ) ;
#4742 = VECTOR ( 'NONE', #2602, 1000.000000000000000 ) ;
#4743 = EDGE_CURVE ( 'NONE', #127, #4560, #4860, .T. ) ;
#4744 = PLANE ( 'NONE',  #1198 ) ;
#4745 = AXIS2_PLACEMENT_3D ( 'NONE', #2771, #4671, #3514 ) ;
#4746 = CARTESIAN_POINT ( 'NONE',  ( -1.349999999999999867, 0.000000000000000000, -0.6099999999999999867 ) ) ;
#4747 = DIRECTION ( 'NONE',  ( 2.710505431213761578E-16, 0.000000000000000000, 1.000000000000000000 ) ) ;
#4748 = CARTESIAN_POINT ( 'NONE',  ( -0.6400000000000000133, 0.1599999999999999756, 1.300000000000006706 ) ) ;
#4749 = ORIENTED_EDGE ( 'NONE', *, *, #1837, .F. ) ;
#4750 = ORIENTED_EDGE ( 'NONE', *, *, #3848, .T. ) ;
#4751 = LINE ( 'NONE', #1248, #2102 ) ;
#4752 = EDGE_CURVE ( 'NONE', #4621, #1802, #258, .T. ) ;
#4753 = VERTEX_POINT ( 'NONE', #3684 ) ;
#4754 = CARTESIAN_POINT ( 'NONE',  ( 1.449999999999999956, 0.000000000000000000, 1.400000000000000133 ) ) ;
#4755 = DIRECTION ( 'NONE',  ( 0.000000000000000000, -1.000000000000000000, 0.000000000000000000 ) ) ;
#4756 = EDGE_CURVE ( 'NONE', #4326, #4348, #2541, .T. ) ;
#4757 = ADVANCED_FACE ( 'NONE', ( #2959 ), #4066, .T. ) ;
#4758 = VECTOR ( 'NONE', #795, 1000.000000000000000 ) ;
#4759 = ORIENTED_EDGE ( 'NONE', *, *, #276, .T. ) ;
#4760 = PLANE ( 'NONE',  #1936 ) ;
#4761 = ORIENTED_EDGE ( 'NONE', *, *, #4233, .T. ) ;
#4762 = DIRECTION ( 'NONE',  ( -0.000000000000000000, -1.000000000000000000, -0.000000000000000000 ) ) ;
#4763 = VECTOR ( 'NONE', #2973, 1000.000000000000000 ) ;
#4764 = LINE ( 'NONE', #3534, #3109 ) ;
#4765 = AXIS2_PLACEMENT_3D ( 'NONE', #781, #3545, #3574 ) ;
#4766 = DIRECTION ( 'NONE',  ( -0.000000000000000000, -0.000000000000000000, 1.000000000000000000 ) ) ;
#4767 = CARTESIAN_POINT ( 'NONE',  ( 0.6399999999999999023, 0.1599999999999999756, 0.8999999999999995781 ) ) ;
#4768 = EDGE_CURVE ( 'NONE', #31, #1842, #1066, .T. ) ;
#4769 = VECTOR ( 'NONE', #4253, 1000.000000000000000 ) ;
#4770 = DIRECTION ( 'NONE',  ( 1.000000000000000000, 0.000000000000000000, 3.872150616019656862E-16 ) ) ;
#4771 = DIRECTION ( 'NONE',  ( -0.000000000000000000, 0.000000000000000000, 1.000000000000000000 ) ) ;
#4772 = ORIENTED_EDGE ( 'NONE', *, *, #2314, .F. ) ;
#4773 = CARTESIAN_POINT ( 'NONE',  ( -0.3600000000000000977, 0.1600000000000000033, 0.9000000000000064615 ) ) ;
#4774 = DIRECTION ( 'NONE',  ( -0.000000000000000000, 0.000000000000000000, 1.000000000000000000 ) ) ;
#4775 = ORIENTED_EDGE ( 'NONE', *, *, #3956, .T. ) ;
#4776 = DIRECTION ( 'NONE',  ( 0.000000000000000000, -1.000000000000000000, 0.000000000000000000 ) ) ;
#4777 = PLANE ( 'NONE',  #437 ) ;
#4778 = ORIENTED_EDGE ( 'NONE', *, *, #3993, .T. ) ;
#4779 = CARTESIAN_POINT ( 'NONE',  ( -0.9499999999999981792, 0.1600000000000000033, -0.1099999999999999589 ) ) ;
#4780 = DIRECTION ( 'NONE',  ( 0.000000000000000000, 0.000000000000000000, -1.000000000000000000 ) ) ;
#4781 = ORIENTED_EDGE ( 'NONE', *, *, #3455, .F. ) ;
#4782 = CARTESIAN_POINT ( 'NONE',  ( -0.7499999999999998890, 0.6482622246293484602, -0.6750000000000000444 ) ) ;
#4783 = EDGE_CURVE ( 'NONE', #3668, #3552, #3864, .T. ) ;
#4784 = ORIENTED_EDGE ( 'NONE', *, *, #929, .F. ) ;
#4785 = CARTESIAN_POINT ( 'NONE',  ( 0.000000000000000000, 0.000000000000000000, 0.000000000000000000 ) ) ;
#4786 = LINE ( 'NONE', #2930, #581 ) ;
#4787 = EDGE_CURVE ( 'NONE', #4501, #2392, #457, .T. ) ;
#4788 = CARTESIAN_POINT ( 'NONE',  ( 0.9499999999999964029, 0.1600000000000000033, 0.3900000000000000688 ) ) ;
#4789 = AXIS2_PLACEMENT_3D ( 'NONE', #40, #2195, #2938 ) ;
#4790 = VECTOR ( 'NONE', #397, 1000.000000000000000 ) ;
#4791 = CARTESIAN_POINT ( 'NONE',  ( 1.349999999999998090, 0.6482622246293484602, -0.3900000000000000688 ) ) ;
#4792 = ORIENTED_EDGE ( 'NONE', *, *, #714, .F. ) ;
#4793 = CARTESIAN_POINT ( 'NONE',  ( -0.6400000000000001243, 0.1600000000000000033, 0.9000000000000063505 ) ) ;
#4794 = FILL_AREA_STYLE ('',( #1367 ) ) ;
#4795 = ORIENTED_EDGE ( 'NONE', *, *, #3309, .T. ) ;
#4796 = ADVANCED_FACE ( 'NONE', ( #1859 ), #1962, .T. ) ;
#4797 = CLOSED_SHELL ( 'NONE', ( #2292, #4715, #1726, #2325, #3489, #4796 ) ) ;
#4798 = ORIENTED_EDGE ( 'NONE', *, *, #2006, .T. ) ;
#4799 = LINE ( 'NONE', #3651, #4607 ) ;
#4800 = CARTESIAN_POINT ( 'NONE',  ( -0.9499999999999964029, 0.1600000000000000033, 0.3900000000000000688 ) ) ;
#4801 =( GEOMETRIC_REPRESENTATION_CONTEXT ( 3 ) GLOBAL_UNCERTAINTY_ASSIGNED_CONTEXT ( ( #2999 ) ) GLOBAL_UNIT_ASSIGNED_CONTEXT ( ( #4926, #3190, #4327 ) ) REPRESENTATION_CONTEXT ( 'NONE', 'WORKASPACE' ) );
#4802 = VECTOR ( 'NONE', #1907, 1000.000000000000000 ) ;
#4803 = ADVANCED_FACE ( 'NONE', ( #3407 ), #4187, .T. ) ;
#4804 = ORIENTED_EDGE ( 'NONE', *, *, #641, .T. ) ;
#4805 = CARTESIAN_POINT ( 'NONE',  ( -1.349999999999996314, 0.1599999999999999756, 0.1099999999999999034 ) ) ;
#4806 = FILL_AREA_STYLE ('',( #1731 ) ) ;
#4807 = ORIENTED_EDGE ( 'NONE', *, *, #4140, .F. ) ;
#4808 = DIRECTION ( 'NONE',  ( 0.000000000000000000, 0.000000000000000000, 1.000000000000000000 ) ) ;
#4809 = DIRECTION ( 'NONE',  ( 0.000000000000000000, 0.000000000000000000, -1.000000000000000000 ) ) ;
#4810 = DIRECTION ( 'NONE',  ( 0.000000000000000000, 0.000000000000000000, -1.000000000000000000 ) ) ;
#4811 = PRESENTATION_LAYER_ASSIGNMENT (  '', '', ( #523 ) ) ;
#4812 = CIRCLE ( 'NONE', #110, 0.1054322639199452849 ) ;
#4813 = UNCERTAINTY_MEASURE_WITH_UNIT (LENGTH_MEASURE( 1.000000000000000082E-05 ), #3966, 'distance_accuracy_value', 'NONE');
#4814 = DIRECTION ( 'NONE',  ( 0.000000000000000000, 0.000000000000000000, -1.000000000000000000 ) ) ;
#4815 = PRESENTATION_LAYER_ASSIGNMENT (  '', '', ( #3133 ) ) ;
#4816 = CARTESIAN_POINT ( 'NONE',  ( -0.9499999999999964029, 0.000000000000000000, 0.1099999999999999589 ) ) ;
#4817 = EDGE_CURVE ( 'NONE', #2796, #749, #71, .T. ) ;
#4818 = EDGE_CURVE ( 'NONE', #4659, #2358, #1882, .T. ) ;
#4819 = CARTESIAN_POINT ( 'NONE',  ( -0.9499999999999998446, 0.1600000000000000033, -0.8900000000000000133 ) ) ;
#4820 = DIRECTION ( 'NONE',  ( -1.000000000000000000, 0.000000000000000000, 0.000000000000000000 ) ) ;
#4821 = LINE ( 'NONE', #3311, #839 ) ;
#4822 = FACE_OUTER_BOUND ( 'NONE', #1903, .T. ) ;
#4823 = ORIENTED_EDGE ( 'NONE', *, *, #4768, .F. ) ;
#4824 = LINE ( 'NONE', #2075, #3005 ) ;
#4825 = EDGE_LOOP ( 'NONE', ( #4032, #2264, #2877, #575 ) ) ;
#4826 = VERTEX_POINT ( 'NONE', #2268 ) ;
#4827 = DIRECTION ( 'NONE',  ( -1.000000000000000000, 0.000000000000000000, -0.000000000000000000 ) ) ;
#4828 = LINE ( 'NONE', #4031, #1674 ) ;
#4829 = ORIENTED_EDGE ( 'NONE', *, *, #2524, .F. ) ;
#4830 = CARTESIAN_POINT ( 'NONE',  ( -0.9499999999999964029, 0.000000000000000000, 0.3900000000000000688 ) ) ;
#4831 = PLANE ( 'NONE',  #3052 ) ;
#4832 = ORIENTED_EDGE ( 'NONE', *, *, #4693, .F. ) ;
#4833 = CARTESIAN_POINT ( 'NONE',  ( -1.212966224413917438, 0.9199999999999999289, -1.271687987766373817 ) ) ;
#4834 = LINE ( 'NONE', #647, #4468 ) ;
#4835 = VERTEX_POINT ( 'NONE', #3012 ) ;
#4836 = AXIS2_PLACEMENT_3D ( 'NONE', #517, #923, #4697 ) ;
#4837 = CARTESIAN_POINT ( 'NONE',  ( -0.9499999999999981792, 0.1600000000000000033, -0.3900000000000000688 ) ) ;
#4838 = EDGE_CURVE ( 'NONE', #3392, #2271, #1531, .T. ) ;
#4839 = CARTESIAN_POINT ( 'NONE',  ( -0.9499999999999981792, 0.1600000000000000033, -0.1099999999999999589 ) ) ;
#4840 = EDGE_CURVE ( 'NONE', #2982, #3161, #1116, .T. ) ;
#4841 = CARTESIAN_POINT ( 'NONE',  ( 1.349999999999999867, 0.000000000000000000, -0.6099999999999999867 ) ) ;
#4842 = ORIENTED_EDGE ( 'NONE', *, *, #4160, .T. ) ;
#4843 = DIRECTION ( 'NONE',  ( -1.000000000000000000, 0.000000000000000000, 0.000000000000000000 ) ) ;
#4844 = ORIENTED_EDGE ( 'NONE', *, *, #2767, .F. ) ;
#4845 = CARTESIAN_POINT ( 'NONE',  ( 0.9499999999999948486, 0.1600000000000000033, 0.6099999999999999867 ) ) ;
#4846 = AXIS2_PLACEMENT_3D ( 'NONE', #2679, #766, #3751 ) ;
#4847 = CIRCLE ( 'NONE', #2850, 0.1054322639199452849 ) ;
#4848 = ORIENTED_EDGE ( 'NONE', *, *, #2738, .F. ) ;
#4849 = ORIENTED_EDGE ( 'NONE', *, *, #1480, .T. ) ;
#4850 = CARTESIAN_POINT ( 'NONE',  ( -0.6400000000000001243, 0.000000000000000000, 0.9000000000000063505 ) ) ;
#4851 = VECTOR ( 'NONE', #2443, 1000.000000000000000 ) ;
#4852 = EDGE_LOOP ( 'NONE', ( #635, #1854, #4430, #1494 ) ) ;
#4853 = CARTESIAN_POINT ( 'NONE',  ( -0.1400000000000000966, 0.000000000000000000, 0.9000000000000030198 ) ) ;
#4854 = ORIENTED_EDGE ( 'NONE', *, *, #714, .T. ) ;
#4855 = CARTESIAN_POINT ( 'NONE',  ( -0.9499999999999981792, 0.1600000000000000033, -0.1099999999999999589 ) ) ;
#4856 = CARTESIAN_POINT ( 'NONE',  ( 0.9499999999999948486, 0.000000000000000000, 0.6099999999999999867 ) ) ;
#4857 = ORIENTED_EDGE ( 'NONE', *, *, #3564, .F. ) ;
#4858 = DIRECTION ( 'NONE',  ( 1.000000000000000000, 0.000000000000000000, 7.744301232039313723E-16 ) ) ;
#4859 = LINE ( 'NONE', #2636, #3208 ) ;
#4860 = LINE ( 'NONE', #3664, #4359 ) ;
#4861 = VERTEX_POINT ( 'NONE', #728 ) ;
#4862 = CARTESIAN_POINT ( 'NONE',  ( -0.3600000000000000977, 0.6482622246293484602, 0.9000000000000064615 ) ) ;
#4863 = LINE ( 'NONE', #4890, #725 ) ;
#4864 = ORIENTED_EDGE ( 'NONE', *, *, #3283, .F. ) ;
#4865 = DIRECTION ( 'NONE',  ( 1.000000000000000000, 0.000000000000000000, -1.495451272393799296E-16 ) ) ;
#4866 = VECTOR ( 'NONE', #593, 1000.000000000000000 ) ;
#4867 = VECTOR ( 'NONE', #3384, 1000.000000000000000 ) ;
#4868 = EDGE_CURVE ( 'NONE', #1222, #3911, #1164, .T. ) ;
#4869 = VERTEX_POINT ( 'NONE', #1141 ) ;
#4870 = ORIENTED_EDGE ( 'NONE', *, *, #2827, .F. ) ;
#4871 = CARTESIAN_POINT ( 'NONE',  ( 0.6400000000000000133, 0.1600000000000000033, 1.299999999999999600 ) ) ;
#4872 = VECTOR ( 'NONE', #844, 1000.000000000000000 ) ;
#4873 = ADVANCED_FACE ( 'NONE', ( #1094 ), #3808, .T. ) ;
#4874 = VERTEX_POINT ( 'NONE', #3381 ) ;
#4875 = EDGE_CURVE ( 'NONE', #4100, #577, #2615, .T. ) ;
#4876 = LINE ( 'NONE', #4479, #4573 ) ;
#4877 = ORIENTED_EDGE ( 'NONE', *, *, #912, .F. ) ;
#4878 = CARTESIAN_POINT ( 'NONE',  ( 1.349999999999996314, 0.1599999999999999756, 0.3900000000000000688 ) ) ;
#4879 = CARTESIAN_POINT ( 'NONE',  ( 0.9499999999999998446, 0.1600000000000000033, -0.6099999999999999867 ) ) ;
#4880 = CARTESIAN_POINT ( 'NONE',  ( -1.212966224413917438, 0.9699999999999999734, -1.271687987766373817 ) ) ;
#4881 = EDGE_CURVE ( 'NONE', #4861, #3897, #3761, .T. ) ;
#4882 = ORIENTED_EDGE ( 'NONE', *, *, #1918, .T. ) ;
#4883 = EDGE_LOOP ( 'NONE', ( #801, #333, #3277, #3485 ) ) ;
#4884 = LINE ( 'NONE', #4485, #413 ) ;
#4885 = AXIS2_PLACEMENT_3D ( 'NONE', #544, #902, #3954 ) ;
#4886 = CARTESIAN_POINT ( 'NONE',  ( 0.3599999999999999312, 0.000000000000000000, -0.8999999999999994671 ) ) ;
#4887 = DIRECTION ( 'NONE',  ( 1.000000000000000000, 0.000000000000000000, 0.000000000000000000 ) ) ;
#4888 = EDGE_LOOP ( 'NONE', ( #3502, #3367, #3767, #440 ) ) ;
#4889 = LINE ( 'NONE', #2565, #1231 ) ;
#4890 = CARTESIAN_POINT ( 'NONE',  ( -0.1400000000000000966, 0.1600000000000000033, -0.9000000000000029088 ) ) ;
#4891 = ORIENTED_EDGE ( 'NONE', *, *, #232, .F. ) ;
#4892 = DIRECTION ( 'NONE',  ( 0.000000000000000000, -1.000000000000000000, 0.000000000000000000 ) ) ;
#4893 = EDGE_CURVE ( 'NONE', #3687, #658, #4615, .T. ) ;
#4894 = VECTOR ( 'NONE', #2878, 1000.000000000000000 ) ;
#4895 = MECHANICAL_DESIGN_GEOMETRIC_PRESENTATION_REPRESENTATION (  '', ( #994 ), #4495 ) ;
#4896 = ORIENTED_EDGE ( 'NONE', *, *, #3211, .T. ) ;
#4897 = ORIENTED_EDGE ( 'NONE', *, *, #4228, .F. ) ;
#4898 = VECTOR ( 'NONE', #4651, 1000.000000000000000 ) ;
#4899 = EDGE_LOOP ( 'NONE', ( #3854, #3604, #1119, #4084 ) ) ;
#4900 = UNCERTAINTY_MEASURE_WITH_UNIT (LENGTH_MEASURE( 1.000000000000000082E-05 ), #2601, 'distance_accuracy_value', 'NONE');
#4901 = CARTESIAN_POINT ( 'NONE',  ( -1.449999999999999956, 0.1600000000000000033, 1.400000000000000577 ) ) ;
#4902 = DIRECTION ( 'NONE',  ( -0.000000000000000000, -1.000000000000000000, -0.000000000000000000 ) ) ;
#4903 = EDGE_LOOP ( 'NONE', ( #4381, #1264, #225, #4196 ) ) ;
#4904 = CARTESIAN_POINT ( 'NONE',  ( -1.449999999999999956, 0.1600000000000000033, 1.400000000000000577 ) ) ;
#4905 = CARTESIAN_POINT ( 'NONE',  ( 0.3599999999999999867, 0.1600000000000000033, 1.299999999999999822 ) ) ;
#4906 = ADVANCED_FACE ( 'NONE', ( #3430 ), #2315, .T. ) ;
#4907 = DIRECTION ( 'NONE',  ( -0.000000000000000000, 0.000000000000000000, 1.000000000000000000 ) ) ;
#4908 = EDGE_CURVE ( 'NONE', #4484, #1797, #42, .T. ) ;
#4909 = EDGE_LOOP ( 'NONE', ( #2159, #1538, #4328, #450 ) ) ;
#4910 = ORIENTED_EDGE ( 'NONE', *, *, #4929, .F. ) ;
#4911 = FACE_OUTER_BOUND ( 'NONE', #621, .T. ) ;
#4912 =( GEOMETRIC_REPRESENTATION_CONTEXT ( 3 ) GLOBAL_UNCERTAINTY_ASSIGNED_CONTEXT ( ( #4813 ) ) GLOBAL_UNIT_ASSIGNED_CONTEXT ( ( #3966, #2018, #559 ) ) REPRESENTATION_CONTEXT ( 'NONE', 'WORKASPACE' ) );
#4913 = CARTESIAN_POINT ( 'NONE',  ( -0.3600000000000000977, 0.1600000000000000033, -0.9000000000000064615 ) ) ;
#4914 = DIRECTION ( 'NONE',  ( 0.000000000000000000, 0.000000000000000000, -1.000000000000000000 ) ) ;
#4915 = ORIENTED_EDGE ( 'NONE', *, *, #4160, .F. ) ;
#4916 = LINE ( 'NONE', #460, #90 ) ;
#4917 = FACE_OUTER_BOUND ( 'NONE', #317, .T. ) ;
#4918 = VERTEX_POINT ( 'NONE', #3057 ) ;
#4919 = ORIENTED_EDGE ( 'NONE', *, *, #4027, .T. ) ;
#4920 = VECTOR ( 'NONE', #4030, 1000.000000000000000 ) ;
#4921 = VERTEX_POINT ( 'NONE', #4586 ) ;
#4922 = CARTESIAN_POINT ( 'NONE',  ( 0.6399999999999999023, 0.6482622246293484602, -0.8999999999999995781 ) ) ;
#4923 = ORIENTED_EDGE ( 'NONE', *, *, #3196, .T. ) ;
#4924 = DIRECTION ( 'NONE',  ( -0.000000000000000000, -1.000000000000000000, -0.000000000000000000 ) ) ;
#4925 = ORIENTED_EDGE ( 'NONE', *, *, #3235, .F. ) ;
#4926 =( LENGTH_UNIT ( ) NAMED_UNIT ( * ) SI_UNIT ( .MILLI., .METRE. ) );
#4927 = FACE_OUTER_BOUND ( 'NONE', #1370, .T. ) ;
#4928 = LINE ( 'NONE', #1478, #2481 ) ;
#4929 = EDGE_CURVE ( 'NONE', #2983, #2438, #821, .T. ) ;
#4930 = ORIENTED_EDGE ( 'NONE', *, *, #4517, .F. ) ;
#4931 = VERTEX_POINT ( 'NONE', #535 ) ;
#4932 = DIRECTION ( 'NONE',  ( 2.710505431213761578E-16, 0.000000000000000000, 1.000000000000000000 ) ) ;
#4933 = DIRECTION ( 'NONE',  ( -1.000000000000000000, -0.000000000000000000, -0.000000000000000000 ) ) ;
#4934 = FACE_OUTER_BOUND ( 'NONE', #4739, .T. ) ;
#4935 = DIRECTION ( 'NONE',  ( -1.000000000000000000, -0.000000000000000000, 7.744301232039313723E-16 ) ) ;
#4936 = VERTEX_POINT ( 'NONE', #3559 ) ;
#4937 = VERTEX_POINT ( 'NONE', #3611 ) ;
#4938 = ORIENTED_EDGE ( 'NONE', *, *, #4632, .F. ) ;
#4939 = CARTESIAN_POINT ( 'NONE',  ( -0.9499999999999981792, 0.1599999999999999756, -0.1099999999999999589 ) ) ;
#4940 = VECTOR ( 'NONE', #3649, 1000.000000000000000 ) ;
#4941 = VECTOR ( 'NONE', #2473, 1000.000000000000000 ) ;
ENDSEC;
END-ISO-10303-21;
